filename,fold
1161364/iNat1216197.ogg,1
1161364/iNat1114648.ogg,1
1161364/iNat810195.ogg,1
1161364/iNat818781.ogg,1
1161364/iNat556514.ogg,1
1161364/iNat868369.ogg,4
1161364/iNat842139.ogg,2
1161364/iNat840159.ogg,2
1161364/iNat1264238.ogg,1
1161364/iNat869958.ogg,0
1161364/iNat547199.ogg,2
116570/iNat1460166.ogg,4
1176823/iNat936019.ogg,4
1176823/iNat1708543.ogg,2
1176823/iNat389418.ogg,3
1176823/iNat188986.ogg,0
1176823/iNat145706.ogg,0
1176823/iNat1641731.ogg,1
1176823/iNat845830.ogg,1
1176823/iNat730318.ogg,2
1176823/iNat730319.ogg,2
1176823/iNat1269019.ogg,3
1176823/iNat819936.ogg,1
1176823/iNat829107.ogg,4
1595929/iNat1308166.ogg,4
1595929/iNat1679888.ogg,4
1595929/iNat1242532.ogg,3
1595929/iNat1242529.ogg,3
1595929/XC999239.ogg,2
209233/iNat1545859.ogg,3
209233/iNat864998.ogg,0
22930/iNat897105.ogg,4
22930/iNat317238.ogg,0
22930/iNat910967.ogg,4
22930/iNat1248662.ogg,0
22930/XC940773.ogg,3
22930/iNat330099.ogg,3
22956/iNat1301818.ogg,1
22956/iNat1284850.ogg,1
22956/iNat1693371.ogg,2
22956/iNat1702693.ogg,2
22956/iNat1300149.ogg,0
22956/iNat1298529.ogg,0
22956/iNat1261831.ogg,1
22956/iNat1693794.ogg,4
22956/iNat972765.ogg,4
22956/iNat60929.ogg,0
22956/iNat1701222.ogg,4
22956/iNat1711085.ogg,0
22956/iNat879304.ogg,1
22956/iNat182971.ogg,2
22956/XC900618.ogg,1
22956/iNat886570.ogg,2
22956/iNat1257825.ogg,3
22956/iNat854298.ogg,0
22956/iNat1705476.ogg,3
22956/iNat1637913.ogg,4
22956/iNat1307619.ogg,4
22956/iNat1723893.ogg,4
22956/iNat1307645.ogg,4
22956/iNat1245289.ogg,4
22956/iNat1282546.ogg,4
22956/iNat1282547.ogg,4
22956/iNat859870.ogg,3
22956/iNat859871.ogg,3
22956/iNat327340.ogg,3
22956/iNat328497.ogg,3
22956/iNat330827.ogg,3
22956/iNat804970.ogg,2
22961/iNat846512.ogg,4
22961/iNat1662496.ogg,4
22961/iNat1657948.ogg,2
22961/iNat839121.ogg,4
22961/XC1062603.ogg,3
22961/iNat512578.ogg,4
22967/iNat56387.ogg,1
22967/iNat321313.ogg,4
22967/iNat1697350.ogg,4
22967/iNat1448422.ogg,3
22967/iNat1698104.ogg,0
22967/iNat1698107.ogg,0
22967/iNat1698105.ogg,0
22967/iNat911059.ogg,4
22973/iNat28425.ogg,3
22973/iNat326860.ogg,3
22973/iNat326854.ogg,3
22973/iNat330457.ogg,4
22973/iNat326966.ogg,3
22973/iNat1257589.ogg,1
22973/iNat1257590.ogg,1
22973/iNat839779.ogg,3
22973/iNat1267679.ogg,3
22973/iNat887040.ogg,1
22973/iNat887102.ogg,1
22973/iNat348132.ogg,1
22973/iNat581610.ogg,1
22973/iNat348440.ogg,1
22973/iNat348441.ogg,1
22973/iNat583590.ogg,3
22973/iNat583591.ogg,3
22973/iNat870999.ogg,1
22973/iNat599374.ogg,4
22973/iNat599375.ogg,4
22973/iNat154035.ogg,4
22973/iNat1299089.ogg,0
22973/iNat157085.ogg,4
22973/iNat576552.ogg,4
22973/iNat879832.ogg,2
22973/iNat879833.ogg,2
22973/XC1062605.ogg,3
22973/iNat859872.ogg,3
22973/iNat1243033.ogg,2
22973/iNat1243080.ogg,2
22973/iNat1677772.ogg,3
22973/iNat331404.ogg,3
22973/iNat1675887.ogg,4
22973/XC1065541.ogg,3
22973/iNat1698103.ogg,0
22973/iNat58920.ogg,0
22973/iNat343840.ogg,3
22973/iNat556448.ogg,0
22973/XC167037.ogg,4
22973/XC915924.ogg,0
22973/iNat630711.ogg,0
22973/iNat992788.ogg,3
22973/iNat1431353.ogg,2
22973/iNat1320384.ogg,1
22973/iNat781822.ogg,1
22973/iNat1353836.ogg,1
22973/iNat502463.ogg,3
22973/XC929100.ogg,1
22973/XC929101.ogg,1
22973/XC928991.ogg,1
22973/iNat327135.ogg,4
22973/iNat1251026.ogg,3
22973/iNat1460521.ogg,4
22973/iNat318716.ogg,4
22973/iNat1645288.ogg,0
22973/XC892932.ogg,2
22973/iNat28982.ogg,2
22973/iNat218912.ogg,1
22973/iNat287261.ogg,1
22973/iNat1099468.ogg,4
22973/iNat726873.ogg,1
22973/XC892927.ogg,2
22973/iNat29017.ogg,2
22983/iNat347848.ogg,1
22983/iNat347849.ogg,1
22983/iNat1212830.ogg,2
22983/iNat830655.ogg,2
22983/iNat193774.ogg,4
22983/iNat551114.ogg,4
22983/iNat551115.ogg,4
22983/iNat1243038.ogg,2
22983/iNat1243068.ogg,2
22983/iNat585817.ogg,3
22985/iNat51963.ogg,4
22985/XC929102.ogg,1
22985/iNat1421747.ogg,0
22985/iNat989398.ogg,4
22985/iNat992409.ogg,4
22985/iNat1560301.ogg,2
23150/iNat1243039.ogg,2
23154/iNat567443.ogg,1
23154/iNat569351.ogg,0
23154/iNat1475114.ogg,3
23154/iNat1301738.ogg,3
23154/iNat1553517.ogg,3
23158/iNat1316143.ogg,1
23158/XC926454.ogg,2
23158/iNat1303872.ogg,1
23158/iNat1261183.ogg,1
23158/iNat1263350.ogg,3
23158/XC900620.ogg,1
23158/iNat127451.ogg,1
23158/iNat26878.ogg,2
23158/iNat1322093.ogg,0
23158/iNat162196.ogg,3
23158/iNat43914.ogg,0
23158/iNat1324914.ogg,2
23158/iNat325681.ogg,4
23158/iNat325682.ogg,4
23158/iNat325667.ogg,4
23158/iNat847906.ogg,4
23158/iNat320941.ogg,4
23158/iNat1727252.ogg,2
23158/iNat1714979.ogg,1
23158/iNat1657967.ogg,2
23158/iNat47151.ogg,3
23158/iNat910949.ogg,4
23158/iNat161255.ogg,3
23158/iNat368088.ogg,1
23158/XC1064073.ogg,3
23176/iNat1099971.ogg,0
23176/XC929082.ogg,1
23176/iNat855633.ogg,0
23176/iNat1293885.ogg,2
23724/iNat249321.ogg,2
24279/iNat845210.ogg,4
24279/iNat164735.ogg,4
24279/iNat164736.ogg,4
24279/iNat340127.ogg,4
24279/iNat339926.ogg,3
24279/iNat144573.ogg,4
24279/iNat1315011.ogg,1
24279/iNat205140.ogg,3
24279/iNat580378.ogg,0
24279/iNat1663766.ogg,0
24279/iNat1271483.ogg,1
24279/iNat1258487.ogg,1
24279/iNat1264632.ogg,4
24279/iNat1306335.ogg,1
24279/iNat87609.ogg,3
24279/iNat901847.ogg,2
24279/iNat125223.ogg,1
24279/iNat1699392.ogg,2
24279/iNat335351.ogg,0
24279/iNat163941.ogg,0
24279/iNat56193.ogg,0
24279/iNat139913.ogg,3
24279/iNat322021.ogg,3
24279/iNat57810.ogg,2
24279/iNat592632.ogg,3
24279/iNat372693.ogg,2
24279/iNat859126.ogg,2
24279/iNat1366909.ogg,4
24279/iNat1637974.ogg,4
24279/iNat1346600.ogg,4
24279/iNat1346601.ogg,4
24279/iNat1243256.ogg,3
24279/iNat1243257.ogg,3
24279/iNat1291381.ogg,4
24279/iNat1274660.ogg,3
24279/iNat28427.ogg,3
24279/iNat350835.ogg,3
24279/iNat871017.ogg,3
24279/iNat1309643.ogg,3
24279/iNat903481.ogg,3
24279/iNat1229050.ogg,3
24279/XC1039628.ogg,2
24279/XC1039627.ogg,2
24279/XC1039625.ogg,2
24279/iNat186161.ogg,4
24279/iNat1435402.ogg,1
24285/iNat27560.ogg,3
24285/iNat1277043.ogg,4
24285/iNat1613381.ogg,4
24285/XC1063445.ogg,0
24285/iNat1729440.ogg,4
24285/iNat1208638.ogg,2
24285/iNat1662493.ogg,4
24285/iNat1662494.ogg,4
24285/iNat1662501.ogg,4
24285/XC1004236.ogg,3
24285/iNat347850.ogg,1
24285/iNat583587.ogg,3
24285/iNat583588.ogg,3
24285/iNat583484.ogg,1
24285/iNat583815.ogg,3
24285/iNat586169.ogg,3
24285/iNat586170.ogg,3
24285/iNat550813.ogg,4
24285/iNat158068.ogg,1
24287/iNat347569.ogg,1
24287/XC972398.ogg,0
24287/XC972399.ogg,0
24287/iNat328766.ogg,4
24287/iNat574406.ogg,4
24287/iNat1253061.ogg,0
24287/iNat1243016.ogg,2
24287/XC929112.ogg,1
24287/iNat855637.ogg,0
24287/XC928990.ogg,1
24287/iNat1044844.ogg,2
24321/iNat1657916.ogg,2
24321/iNat251887.ogg,2
244024/iNat269695.ogg,4
244024/iNat55191.ogg,4
244024/iNat1273075.ogg,1
244024/iNat1272883.ogg,4
244024/iNat571275.ogg,3
244024/iNat1265454.ogg,3
244024/iNat1265455.ogg,3
244024/iNat1265530.ogg,2
244024/iNat150545.ogg,0
244024/iNat858495.ogg,0
244024/iNat858494.ogg,0
244024/iNat144585.ogg,0
244024/iNat858493.ogg,0
244024/iNat564212.ogg,4
244024/iNat564213.ogg,4
244024/iNat836446.ogg,1
244024/iNat826149.ogg,0
244024/iNat816192.ogg,4
244024/iNat546950.ogg,2
244024/iNat553405.ogg,4
244024/iNat48471.ogg,4
244024/iNat54510.ogg,1
244024/iNat336684.ogg,1
244024/iNat48510.ogg,0
244024/iNat333213.ogg,4
244024/iNat318740.ogg,3
244024/iNat1214951.ogg,4
244024/iNat546848.ogg,2
244024/iNat559675.ogg,1
244024/iNat1264192.ogg,4
244024/iNat1260620.ogg,4
244024/iNat143918.ogg,3
244024/iNat335560.ogg,0
244024/iNat820745.ogg,2
244024/iNat820746.ogg,2
244024/iNat829066.ogg,4
244024/iNat313447.ogg,3
244024/iNat1231079.ogg,0
244024/iNat143349.ogg,4
244024/iNat135972.ogg,1
244024/iNat307987.ogg,1
244024/iNat308155.ogg,1
244024/iNat308156.ogg,1
244024/iNat542490.ogg,1
244024/iNat1219059.ogg,1
244024/iNat551084.ogg,1
244024/iNat551086.ogg,1
244024/iNat551090.ogg,1
244024/iNat1232682.ogg,4
244024/iNat556810.ogg,1
244024/iNat30950.ogg,3
244024/iNat546877.ogg,2
244024/iNat815959.ogg,4
244024/iNat906356.ogg,1
244024/iNat332327.ogg,4
244024/iNat335883.ogg,4
244024/iNat333780.ogg,4
244024/iNat346440.ogg,4
244024/iNat346441.ogg,4
244024/iNat348562.ogg,4
244024/iNat348573.ogg,4
244024/iNat348579.ogg,4
244024/iNat331541.ogg,4
244024/iNat55999.ogg,0
244024/iNat361156.ogg,3
244024/iNat352298.ogg,3
244024/iNat393911.ogg,3
244024/iNat407846.ogg,3
244024/iNat352306.ogg,3
244024/iNat352305.ogg,3
244024/iNat381263.ogg,3
244024/iNat358501.ogg,3
244024/iNat381262.ogg,3
244024/iNat358497.ogg,3
244024/iNat1273045.ogg,3
244024/iNat530050.ogg,0
244024/iNat59726.ogg,4
244024/iNat53420.ogg,4
244024/iNat169078.ogg,3
244024/iNat1320394.ogg,4
244024/iNat1320482.ogg,4
244024/iNat77266.ogg,3
244024/iNat1550821.ogg,4
244024/iNat1550932.ogg,4
244024/iNat1550933.ogg,4
244024/iNat66919.ogg,4
244024/iNat970863.ogg,4
244024/iNat1333630.ogg,4
244024/iNat185104.ogg,1
244024/iNat68269.ogg,4
244024/iNat1406167.ogg,4
244024/iNat1371659.ogg,4
244024/iNat1339925.ogg,4
244024/iNat961797.ogg,1
244024/iNat1373432.ogg,4
244024/iNat448296.ogg,3
244024/iNat706626.ogg,1
244024/iNat706618.ogg,1
244024/iNat103300.ogg,4
244024/iNat18148.ogg,2
244024/iNat715201.ogg,4
244024/iNat466713.ogg,1
244024/iNat544404.ogg,2
244024/iNat544407.ogg,2
244024/iNat544406.ogg,2
244024/iNat555559.ogg,4
244024/iNat555560.ogg,4
244024/iNat150497.ogg,1
244024/iNat141101.ogg,4
244024/iNat332850.ogg,2
244024/iNat820986.ogg,2
244024/iNat1117205.ogg,2
244024/iNat218600.ogg,1
244024/iNat1583846.ogg,4
244024/iNat1571981.ogg,4
244024/iNat1246858.ogg,2
244024/iNat1247081.ogg,3
244024/iNat772811.ogg,2
244024/iNat761913.ogg,0
244024/iNat761916.ogg,0
244024/iNat761919.ogg,0
244024/iNat761929.ogg,0
244024/iNat761931.ogg,0
244024/iNat769302.ogg,2
244024/iNat1112016.ogg,2
244024/iNat47747.ogg,2
244024/iNat1113920.ogg,4
244024/iNat1111996.ogg,2
244024/iNat483161.ogg,4
244024/iNat755631.ogg,2
244024/iNat272319.ogg,2
244024/iNat272320.ogg,2
244024/iNat272321.ogg,2
244024/iNat272322.ogg,2
244024/iNat272323.ogg,2
244024/iNat272315.ogg,2
244024/iNat559739.ogg,2
244024/iNat771757.ogg,1
244024/iNat488052.ogg,3
244024/iNat762763.ogg,2
244024/iNat1556087.ogg,2
244024/iNat477051.ogg,2
244024/iNat474120.ogg,0
244024/iNat115859.ogg,4
244024/iNat275121.ogg,2
244024/iNat491195.ogg,2
244024/iNat1556704.ogg,1
244024/iNat1129161.ogg,0
244024/iNat1138652.ogg,3
244024/iNat785077.ogg,3
244024/iNat1137250.ogg,0
244024/iNat1192376.ogg,3
244024/iNat269784.ogg,3
244024/iNat269783.ogg,0
244024/iNat270935.ogg,1
244024/iNat1601531.ogg,4
244024/iNat497426.ogg,1
244024/iNat125250.ogg,0
244024/iNat1577017.ogg,4
244024/iNat124841.ogg,3
244024/iNat773921.ogg,3
244024/iNat271945.ogg,3
244024/iNat1563788.ogg,1
244024/iNat267580.ogg,3
244024/iNat280088.ogg,4
244024/iNat272301.ogg,3
244024/iNat118194.ogg,4
244024/iNat274006.ogg,3
244024/iNat273976.ogg,4
244024/iNat1573678.ogg,0
244024/iNat492101.ogg,0
244024/iNat1142822.ogg,0
244024/iNat281067.ogg,0
244024/iNat497916.ogg,2
244024/iNat503289.ogg,2
244024/iNat1535354.ogg,2
244024/iNat490210.ogg,3
244024/iNat140644.ogg,3
244024/iNat134769.ogg,3
244024/iNat129878.ogg,1
244024/iNat129893.ogg,1
25092/iNat856885.ogg,1
25092/iNat876244.ogg,1
25092/iNat1294611.ogg,1
25092/iNat1323826.ogg,1
25092/iNat1291332.ogg,1
25092/XC999247.ogg,2
25092/iNat1301466.ogg,1
25092/iNat1264634.ogg,4
25092/iNat1288388.ogg,4
25092/iNat733455.ogg,2
25092/iNat840133.ogg,2
25092/iNat845826.ogg,2
25092/iNat854292.ogg,0
25092/iNat855263.ogg,0
25092/iNat1645314.ogg,4
25092/iNat887381.ogg,4
25092/iNat27557.ogg,3
25092/iNat887394.ogg,4
25092/iNat153841.ogg,0
25092/iNat818131.ogg,4
25092/XC1062318.ogg,0
25092/XC1068709.ogg,4
25092/iNat1727229.ogg,1
25092/iNat1727231.ogg,1
25092/iNat581598.ogg,1
25092/iNat581599.ogg,1
25214/iNat1253406.ogg,2
25214/iNat1242890.ogg,2
25214/iNat1242888.ogg,2
326272/iNat1693789.ogg,4
326272/iNat1707540.ogg,1
326272/iNat868538.ogg,4
326272/iNat1299066.ogg,0
326272/iNat588384.ogg,2
326272/iNat1303382.ogg,1
326272/iNat859133.ogg,4
326272/iNat197834.ogg,3
326272/iNat886566.ogg,2
326272/iNat840132.ogg,2
326272/iNat1256990.ogg,3
326272/iNat1256991.ogg,3
326272/iNat1256992.ogg,3
326272/iNat849379.ogg,0
326272/iNat330025.ogg,3
326272/iNat333626.ogg,3
326272/iNat337809.ogg,3
326272/iNat1676857.ogg,1
326272/iNat338897.ogg,2
326272/iNat1579289.ogg,1
326272/iNat805812.ogg,1
326272/XC1039610.ogg,2
326272/XC1039609.ogg,2
326272/XC1039612.ogg,2
326272/iNat580369.ogg,3
326272/iNat1247082.ogg,3
326272/iNat280719.ogg,2
326272/iNat1239246.ogg,4
41970/XC992981.ogg,1
41970/XC1044064.ogg,2
41970/iNat1226073.ogg,2
41970/XC564865.ogg,0
41970/XC564871.ogg,0
41970/XC564872.ogg,0
41970/XC564870.ogg,0
41970/XC564868.ogg,0
41970/XC564869.ogg,0
41970/XC564880.ogg,0
41970/XC564866.ogg,0
41970/XC564885.ogg,0
41970/XC564867.ogg,0
41970/XC998917.ogg,3
41970/XC998920.ogg,3
41970/iNat1533995.ogg,1
41970/XC1002183.ogg,3
41970/iNat327629.ogg,4
41970/XC1010403.ogg,0
41970/iNat1015847.ogg,3
41970/iNat1015848.ogg,3
43435/iNat742666.ogg,2
43435/XC960449.ogg,2
43435/XC960448.ogg,2
43435/iNat172602.ogg,0
43435/iNat208008.ogg,4
43435/iNat1477433.ogg,4
43435/iNat62638.ogg,4
43435/iNat1263221.ogg,1
43435/XC962291.ogg,4
43435/iNat538617.ogg,4
43435/iNat1054872.ogg,0
43435/iNat1651689.ogg,3
43435/iNat1243479.ogg,1
43435/iNat1243480.ogg,1
47144/iNat849604.ogg,0
47144/iNat1717935.ogg,0
47144/iNat1615027.ogg,0
47144/iNat1151177.ogg,3
47144/iNat1487841.ogg,0
47144/iNat569990.ogg,3
47144/iNat797909.ogg,1
47144/iNat1378794.ogg,4
47144/iNat1080459.ogg,3
47144/iNat1366168.ogg,3
47144/iNat484556.ogg,3
47144/iNat408017.ogg,3
47144/iNat635684.ogg,3
47144/iNat420011.ogg,3
47144/iNat1199534.ogg,3
47144/iNat1693578.ogg,3
47144/iNat519653.ogg,3
47144/iNat1124821.ogg,3
47144/iNat624420.ogg,3
47144/iNat437856.ogg,3
47144/iNat1132656.ogg,1
47144/iNat1132657.ogg,1
47144/iNat1132658.ogg,1
47144/iNat1132659.ogg,1
47144/iNat1334302.ogg,1
47144/iNat1315851.ogg,1
47144/iNat1729636.ogg,3
47144/iNat1346356.ogg,4
47144/iNat1346365.ogg,4
47144/iNat1317366.ogg,2
47144/iNat611709.ogg,4
47144/iNat1559514.ogg,1
47144/XC993966.ogg,4
47144/iNat1594275.ogg,1
47144/XC679837.ogg,2
47144/iNat1721928.ogg,0
47144/iNat698048.ogg,0
47144/iNat129984.ogg,0
47144/iNat101837.ogg,0
47144/iNat101838.ogg,0
47144/XC1045485.ogg,1
47144/iNat1695608.ogg,2
47144/iNat1191939.ogg,2
476521/iNat304839.ogg,0
476521/iNat330833.ogg,3
476521/iNat1648597.ogg,2
516975/iNat22239.ogg,4
555123/iNat859875.ogg,3
555123/iNat1370876.ogg,1
555123/iNat336366.ogg,2
555145/iNat179807.ogg,1
555145/iNat172617.ogg,0
555145/iNat937677.ogg,4
555145/iNat139216.ogg,0
555145/iNat1242826.ogg,2
555145/XC903862.ogg,0
555145/XC929078.ogg,1
555145/iNat1421758.ogg,0
555145/iNat1711696.ogg,1
555146/iNat320503.ogg,4
555146/XC949664.ogg,4
555146/iNat1657895.ogg,2
555146/XC1062610.ogg,3
555146/iNat897998.ogg,4
555146/iNat911117.ogg,4
555146/iNat1375734.ogg,3
555146/iNat1375753.ogg,3
555146/iNat1263318.ogg,1
555146/iNat1263319.ogg,1
555146/iNat772491.ogg,0
555146/iNat772493.ogg,0
555146/iNat772492.ogg,0
555146/iNat972579.ogg,2
555146/iNat982664.ogg,4
555146/iNat63334.ogg,0
555146/XC950136.ogg,3
555146/iNat1421757.ogg,0
64898/iNat897991.ogg,4
64898/XC1065545.ogg,3
64898/iNat16952.ogg,4
65377/iNat1372639.ogg,4
65377/iNat903692.ogg,2
65377/iNat935962.ogg,2
65377/iNat730290.ogg,2
65377/iNat1613360.ogg,4
65377/iNat899889.ogg,2
65377/iNat1613419.ogg,4
65377/iNat1592917.ogg,4
65377/iNat1484802.ogg,3
65377/iNat161701.ogg,0
65377/iNat1592915.ogg,4
65377/iNat924044.ogg,2
65377/iNat924035.ogg,2
65377/iNat924036.ogg,2
65377/XC1043284.ogg,0
65377/iNat809514.ogg,2
65377/iNat1195477.ogg,2
65377/iNat1195478.ogg,2
65377/iNat1725174.ogg,2
65377/XC1004237.ogg,3
65377/iNat1321386.ogg,3
65377/iNat350007.ogg,2
65377/iNat347572.ogg,1
65377/iNat348429.ogg,1
65377/iNat347851.ogg,1
65377/iNat581606.ogg,1
65377/iNat348157.ogg,1
65377/iNat581603.ogg,1
65377/iNat581604.ogg,1
65377/iNat583467.ogg,1
65377/XC971185.ogg,0
65377/XC971980.ogg,0
65377/iNat1243022.ogg,2
65377/XC905710.ogg,1
65377/XC905709.ogg,1
65377/XC905708.ogg,1
65377/iNat154034.ogg,4
65377/iNat791928.ogg,0
65377/iNat141187.ogg,2
65377/XC1006275.ogg,3
65377/iNat1676955.ogg,1
65377/iNat181418.ogg,2
65377/iNat181436.ogg,2
65377/iNat181417.ogg,2
65377/XC883499.ogg,2
65377/XC1008740.ogg,3
65380/iNat1650638.ogg,2
65380/iNat1650639.ogg,2
65380/iNat578404.ogg,4
65380/iNat1291365.ogg,1
65380/iNat1261184.ogg,1
65380/XC999238.ogg,2
65380/iNat167360.ogg,0
65380/iNat854293.ogg,0
65380/iNat163943.ogg,0
65380/iNat163944.ogg,0
65380/iNat869968.ogg,3
65380/iNat595521.ogg,3
65380/iNat545992.ogg,0
65380/iNat208015.ogg,4
65380/iNat1662490.ogg,4
65380/iNat1720866.ogg,4
65380/XC1066017.ogg,3
65380/iNat309375.ogg,1
65380/iNat586401.ogg,0
65380/iNat160751.ogg,0
65380/iNat1181991.ogg,2
65380/iNat196918.ogg,1
65380/iNat680964.ogg,3
66971/iNat163948.ogg,0
66971/iNat163939.ogg,0
66971/iNat1241669.ogg,3
66971/iNat330584.ogg,1
66971/iNat1337447.ogg,1
67107/iNat869726.ogg,3
67107/XC897239.ogg,1
67107/iNat1635719.ogg,4
67107/XC1039651.ogg,2
67107/iNat1208961.ogg,3
67107/iNat145251.ogg,0
67107/XC952975.ogg,2
67107/iNat70590.ogg,4
67107/iNat314794.ogg,4
67107/iNat1200164.ogg,4
67107/iNat1668289.ogg,4
67107/XC1003088.ogg,3
67107/iNat1644752.ogg,1
67107/iNat499592.ogg,4
67252/iNat933802.ogg,2
67252/iNat1257838.ogg,1
67252/XC952184.ogg,4
67252/XC929104.ogg,1
67252/iNat1451488.ogg,4
67252/XC1000114.ogg,2
70711/iNat1301472.ogg,1
70711/iNat261953.ogg,2
738183/iNat1468130.ogg,1
738183/XC999131.ogg,4
738183/iNat492616.ogg,2
738183/iNat507314.ogg,4
738183/iNat507316.ogg,4
74113/XC987237.ogg,2
74113/XC1067103.ogg,4
74113/XC1067102.ogg,4
74113/XC1067101.ogg,4
74113/XC1067100.ogg,4
74113/XC1066320.ogg,4
74113/XC1067099.ogg,4
74113/XC992449.ogg,4
74113/iNat1463593.ogg,3
74113/XC1039325.ogg,0
74580/iNat1152501.ogg,3
74580/XC991442.ogg,2
74580/iNat717618.ogg,0
760266/iNat792679.ogg,4
760266/iNat451611.ogg,4
760266/iNat382322.ogg,4
760266/iNat609771.ogg,4
760266/iNat175194.ogg,4
760266/iNat379362.ogg,4
760266/iNat1101522.ogg,4
ashgre1/XC684562.ogg,1
ashgre1/XC594096.ogg,1
ashgre1/XC586661.ogg,1
ashgre1/XC421675.ogg,0
ashgre1/XC295564.ogg,0
ashgre1/XC838398.ogg,2
ashgre1/XC288341.ogg,2
ashgre1/XC314071.ogg,1
ashgre1/XC211181.ogg,1
ashgre1/XC711281.ogg,2
ashgre1/XC115713.ogg,2
ashgre1/XC704346.ogg,2
ashgre1/XC563371.ogg,2
ashgre1/XC422363.ogg,2
ashgre1/XC713778.ogg,2
ashgre1/XC464934.ogg,4
ashgre1/XC619792.ogg,2
ashgre1/XC619791.ogg,2
ashgre1/XC556103.ogg,2
ashgre1/XC556102.ogg,2
ashgre1/XC838099.ogg,2
ashgre1/XC82230.ogg,1
ashgre1/XC985373.ogg,2
ashgre1/XC965398.ogg,2
ashgre1/XC963333.ogg,2
ashgre1/XC803715.ogg,2
ashgre1/XC422366.ogg,2
ashgre1/XC237384.ogg,2
ashgre1/iNat963674.ogg,3
ashgre1/iNat398205.ogg,0
ashgre1/XC344801.ogg,2
ashgre1/XC840155.ogg,2
ashgre1/XC818332.ogg,2
ashgre1/XC692037.ogg,2
ashgre1/XC692035.ogg,2
ashgre1/XC692029.ogg,2
ashgre1/XC171176.ogg,3
ashgre1/XC413512.ogg,2
ashgre1/XC63532.ogg,1
ashgre1/XC63531.ogg,1
ashgre1/XC63529.ogg,1
ashgre1/XC391691.ogg,4
ashgre1/XC603911.ogg,4
ashgre1/XC837889.ogg,2
ashgre1/XC837981.ogg,2
ashgre1/XC264107.ogg,3
ashgre1/XC2292.ogg,0
ashgre1/XC2285.ogg,0
ashgre1/XC781744.ogg,4
ashgre1/XC606726.ogg,4
ashgre1/XC604132.ogg,4
ashgre1/XC781742.ogg,4
ashgre1/XC2667.ogg,0
ashgre1/XC344050.ogg,0
ashgre1/XC708780.ogg,3
ashgre1/XC698675.ogg,0
ashgre1/XC799754.ogg,3
ashgre1/XC427494.ogg,2
ashgre1/XC323639.ogg,1
ashgre1/XC82229.ogg,1
ashgre1/iNat52960.ogg,4
ashgre1/XC648684.ogg,3
ashgre1/XC855459.ogg,2
ashgre1/XC150322.ogg,1
ashgre1/XC142241.ogg,0
ashgre1/XC142240.ogg,0
ashgre1/XC764123.ogg,1
ashgre1/XC764122.ogg,1
ashgre1/XC297050.ogg,4
ashgre1/XC297048.ogg,4
ashgre1/XC297049.ogg,4
ashgre1/XC762459.ogg,3
ashgre1/XC180993.ogg,4
ashgre1/XC150301.ogg,1
ashgre1/XC817243.ogg,2
ashgre1/XC769560.ogg,2
ashgre1/XC289449.ogg,1
ashgre1/XC288719.ogg,1
ashgre1/XC974663.ogg,2
ashgre1/XC974662.ogg,2
ashgre1/XC974661.ogg,2
ashgre1/XC118668.ogg,3
ashgre1/XC466524.ogg,0
ashgre1/XC293832.ogg,0
ashgre1/XC293831.ogg,0
ashgre1/XC791105.ogg,0
ashgre1/iNat522965.ogg,0
ashgre1/XC325554.ogg,3
ashgre1/XC942160.ogg,3
ashgre1/XC301341.ogg,0
ashgre1/iNat222942.ogg,0
ashgre1/iNat882058.ogg,0
ashgre1/iNat344251.ogg,0
ashgre1/XC135192.ogg,1
ashgre1/XC836532.ogg,3
ashgre1/XC8627.ogg,3
ashgre1/iNat1005716.ogg,2
ashgre1/iNat986935.ogg,4
ashgre1/iNat1400791.ogg,4
ashgre1/iNat992413.ogg,4
ashgre1/XC450815.ogg,4
ashgre1/XC520379.ogg,2
ashgre1/XC609971.ogg,0
ashgre1/XC492254.ogg,0
ashgre1/XC516434.ogg,2
ashgre1/XC516395.ogg,2
astcra1/XC558005.ogg,1
astcra1/XC174015.ogg,2
astcra1/iNat554130.ogg,0
astcra1/iNat554129.ogg,0
astcra1/XC174743.ogg,2
astcra1/XC410153.ogg,1
astcra1/iNat289640.ogg,1
astcra1/XC358389.ogg,1
astcra1/XC381493.ogg,1
astcra1/XC381433.ogg,1
astcra1/XC381432.ogg,1
astcra1/XC381429.ogg,1
astcra1/XC381487.ogg,1
astcra1/XC452532.ogg,3
astcra1/iNat1493006.ogg,2
astcra1/iNat1493004.ogg,2
astcra1/iNat1496895.ogg,2
astcra1/iNat1485354.ogg,3
astcra1/XC1019019.ogg,3
astcra1/iNat1460296.ogg,3
astcra1/iNat1460295.ogg,3
astcra1/iNat1460294.ogg,3
astcra1/XC174361.ogg,1
astcra1/XC751213.ogg,0
astcra1/iNat566155.ogg,4
astcra1/iNat340846.ogg,3
astcra1/XC343197.ogg,1
astcra1/XC654941.ogg,2
astcra1/iNat694659.ogg,3
astcra1/XC589401.ogg,1
astcra1/XC423646.ogg,3
astcra1/XC370480.ogg,1
astcra1/XC185661.ogg,1
astcra1/iNat398104.ogg,0
astcra1/XC551072.ogg,3
astcra1/iNat279134.ogg,1
astcra1/XC349235.ogg,3
astcra1/XC476565.ogg,4
astcra1/XC413774.ogg,2
astcra1/XC604461.ogg,1
astcra1/XC695254.ogg,3
astcra1/XC720959.ogg,1
astcra1/XC989813.ogg,3
astcra1/iNat1677858.ogg,4
astcra1/XC6047.ogg,3
astcra1/XC247435.ogg,3
astcra1/XC241847.ogg,3
astcra1/XC131323.ogg,3
astcra1/XC291613.ogg,4
astcra1/XC433823.ogg,2
astcra1/iNat869765.ogg,0
astcra1/XC114660.ogg,4
astcra1/XC114661.ogg,4
astcra1/XC349926.ogg,4
astcra1/XC304408.ogg,0
astcra1/XC304409.ogg,0
astcra1/XC516453.ogg,3
astcra1/XC573748.ogg,3
astcra1/XC326070.ogg,0
astcra1/XC1008361.ogg,3
astcra1/XC70102.ogg,1
astcra1/XC705732.ogg,0
astcra1/XC1056365.ogg,1
astcra1/XC1018632.ogg,1
astcra1/XC714803.ogg,0
astcra1/XC715499.ogg,1
astcra1/XC706095.ogg,0
astcra1/XC423021.ogg,0
astcra1/XC626392.ogg,3
astcra1/XC2243.ogg,0
astcra1/XC724960.ogg,1
astcra1/XC465155.ogg,2
astcra1/XC626290.ogg,2
astcra1/XC626289.ogg,2
astcra1/XC470032.ogg,2
astcra1/XC421052.ogg,2
astcra1/XC919990.ogg,2
astcra1/XC880838.ogg,2
astcra1/XC648834.ogg,2
astcra1/XC931264.ogg,2
astcra1/XC648812.ogg,2
astcra1/XC713705.ogg,2
astcra1/XC713696.ogg,2
astcra1/XC713693.ogg,2
astcra1/XC502420.ogg,1
astcra1/XC832916.ogg,2
astcra1/XC1008040.ogg,0
astcra1/XC400268.ogg,4
astcra1/XC448483.ogg,2
astcra1/XC540394.ogg,2
astcra1/XC85354.ogg,1
astcra1/XC85353.ogg,1
astcra1/iNat748599.ogg,0
astcra1/XC702945.ogg,3
astcra1/XC702939.ogg,3
astcra1/XC702934.ogg,3
astcra1/XC702947.ogg,3
astcra1/XC427837.ogg,2
astcra1/XC312778.ogg,2
astcra1/XC312776.ogg,2
astcra1/XC521961.ogg,3
astcra1/XC121790.ogg,0
astcra1/iNat100447.ogg,4
astcra1/XC817019.ogg,2
astcra1/XC816947.ogg,2
astcra1/iNat1245591.ogg,3
astcra1/XC817214.ogg,2
astcra1/XC121243.ogg,3
astcra1/XC323891.ogg,1
astcra1/XC182563.ogg,1
astcra1/XC182562.ogg,1
astcra1/XC182561.ogg,1
astcra1/XC303173.ogg,4
astcra1/XC670251.ogg,1
astcra1/XC318855.ogg,1
astcra1/XC355790.ogg,0
astcra1/XC479993.ogg,4
astcra1/XC479992.ogg,4
astcra1/iNat1431364.ogg,2
astcra1/iNat1431365.ogg,2
astcra1/XC539382.ogg,4
astcra1/XC539384.ogg,4
astcra1/XC539383.ogg,4
astcra1/XC634884.ogg,2
astcra1/iNat1400836.ogg,4
astcra1/iNat1432826.ogg,1
astcra1/XC1048515.ogg,2
astcra1/XC672967.ogg,1
bafcur1/XC928322.ogg,1
bafcur1/XC462176.ogg,3
bafcur1/iNat566389.ogg,1
bafcur1/iNat178310.ogg,0
bafcur1/XC556245.ogg,2
bafcur1/XC394392.ogg,1
bafcur1/XC393679.ogg,1
bafcur1/XC393680.ogg,1
bafcur1/XC326044.ogg,0
bafcur1/XC299038.ogg,0
bafcur1/iNat1734741.ogg,0
bafcur1/XC980050.ogg,1
bafcur1/XC980049.ogg,1
bafcur1/iNat1568495.ogg,2
bafcur1/XC1018708.ogg,1
bafcur1/XC1018568.ogg,1
bafcur1/XC593408.ogg,1
bafcur1/XC838517.ogg,2
bafcur1/XC389734.ogg,4
bafcur1/XC123461.ogg,3
bafcur1/XC124630.ogg,3
bafcur1/XC657816.ogg,3
bafcur1/XC654360.ogg,3
bafcur1/XC654359.ogg,3
bafcur1/XC454951.ogg,2
bafcur1/XC415852.ogg,2
bafcur1/XC205631.ogg,3
bafcur1/XC834045.ogg,3
bafcur1/XC415861.ogg,2
bafcur1/XC402823.ogg,4
bafcur1/iNat1185129.ogg,4
bafcur1/XC1062332.ogg,4
bafcur1/XC118849.ogg,3
bafcur1/XC646801.ogg,3
bafcur1/XC429173.ogg,3
bafcur1/XC429295.ogg,3
bafcur1/XC130288.ogg,3
bafcur1/XC130287.ogg,3
bafcur1/XC129708.ogg,3
bafcur1/XC108668.ogg,3
bafcur1/XC432708.ogg,3
bafcur1/XC427263.ogg,2
bafcur1/iNat1283338.ogg,3
bafcur1/XC469136.ogg,3
bafcur1/XC830116.ogg,2
bafcur1/XC830112.ogg,2
bafcur1/XC212970.ogg,3
bafcur1/XC510952.ogg,3
bafcur1/XC530573.ogg,0
bafcur1/XC837009.ogg,0
bafcur1/XC395276.ogg,2
baffal1/iNat580803.ogg,2
baffal1/XC1053050.ogg,2
baffal1/iNat1630849.ogg,1
baffal1/XC144993.ogg,1
baffal1/XC306404.ogg,3
baffal1/XC308551.ogg,3
baffal1/XC308549.ogg,3
baffal1/XC181441.ogg,1
baffal1/iNat816819.ogg,3
baffal1/iNat880613.ogg,1
baffal1/XC173576.ogg,1
baffal1/XC530447.ogg,0
baffal1/XC241380.ogg,4
baffal1/XC488911.ogg,0
baffal1/XC574467.ogg,1
baffal1/XC455087.ogg,3
baffal1/XC209308.ogg,4
baffal1/XC665655.ogg,3
baffal1/XC1025401.ogg,4
baffal1/iNat1590773.ogg,1
baffal1/XC549468.ogg,3
baffal1/XC878594.ogg,2
baffal1/iNat802668.ogg,4
baffal1/iNat524191.ogg,1
baffal1/iNat591974.ogg,2
baffal1/iNat1672327.ogg,1
baffal1/XC476196.ogg,2
baffal1/XC476195.ogg,2
baffal1/XC476193.ogg,2
baffal1/XC1012407.ogg,3
baffal1/XC585002.ogg,4
baffal1/XC652011.ogg,4
baffal1/XC652010.ogg,4
baffal1/XC172827.ogg,2
baffal1/XC172510.ogg,2
baffal1/XC85220.ogg,1
baffal1/XC897585.ogg,3
baffal1/XC421837.ogg,0
baffal1/XC421195.ogg,0
baffal1/XC299687.ogg,0
baffal1/XC6905.ogg,3
baffal1/iNat1570157.ogg,0
baffal1/XC114878.ogg,1
baffal1/XC435761.ogg,2
baffal1/XC462352.ogg,3
baffal1/XC240685.ogg,4
baffal1/XC618888.ogg,3
baffal1/XC618886.ogg,3
baffal1/XC4312.ogg,1
baffal1/XC512884.ogg,4
baffal1/iNat1082146.ogg,0
baffal1/iNat917301.ogg,0
baffal1/XC435754.ogg,2
baffal1/iNat942077.ogg,2
baffal1/iNat887027.ogg,2
baffal1/XC581878.ogg,4
baffal1/iNat1711622.ogg,4
baffal1/XC1064702.ogg,4
baffal1/XC139334.ogg,3
baffal1/XC29088.ogg,3
baffal1/XC29087.ogg,3
baffal1/XC29089.ogg,3
baffal1/iNat397319.ogg,0
baffal1/XC770865.ogg,3
baffal1/iNat1458551.ogg,3
baffal1/XC153777.ogg,1
baffal1/XC406518.ogg,0
baffal1/XC234721.ogg,1
baffal1/XC85216.ogg,1
baffal1/XC345414.ogg,1
baffal1/XC1058391.ogg,0
baffal1/iNat341942.ogg,0
baffal1/XC344486.ogg,1
baffal1/XC120017.ogg,3
baffal1/XC118076.ogg,2
baffal1/XC158879.ogg,1
baffal1/XC146414.ogg,1
baffal1/XC618495.ogg,3
baffal1/XC548879.ogg,1
baffal1/XC234714.ogg,1
baffal1/XC140984.ogg,1
baffal1/XC1009881.ogg,4
baffal1/XC562268.ogg,3
baffal1/XC666482.ogg,1
baffal1/XC609539.ogg,1
baffal1/XC292048.ogg,4
baffal1/XC391938.ogg,3
baffal1/XC85217.ogg,1
baffal1/XC612552.ogg,1
baffal1/XC291083.ogg,1
baffal1/XC192816.ogg,4
baffal1/XC192815.ogg,4
baffal1/XC234715.ogg,1
baffal1/XC587188.ogg,3
baffal1/iNat1648102.ogg,4
baffal1/iNat1653380.ogg,4
baffal1/XC51059.ogg,3
baffal1/XC51058.ogg,3
baffal1/XC389176.ogg,4
baffal1/XC987466.ogg,3
baffal1/XC85219.ogg,1
baffal1/XC1513.ogg,0
baffal1/XC1511.ogg,0
baffal1/XC135977.ogg,4
baffal1/iNat711853.ogg,4
baffal1/XC428193.ogg,2
baffal1/XC727672.ogg,2
baffal1/XC337073.ogg,1
baffal1/XC189682.ogg,3
baffal1/XC704173.ogg,3
baffal1/iNat1008346.ogg,4
baffal1/iNat1008204.ogg,4
baffal1/XC745799.ogg,4
baffal1/XC2075.ogg,0
baffal1/XC387980.ogg,4
baffal1/XC340061.ogg,4
baffal1/XC844093.ogg,3
baffal1/XC546400.ogg,3
baffal1/XC1037397.ogg,3
baffal1/XC602655.ogg,3
baffal1/XC556408.ogg,2
baffal1/XC340316.ogg,1
baffal1/XC302771.ogg,3
baffal1/XC859271.ogg,3
baffal1/XC399318.ogg,1
baffal1/XC212053.ogg,3
baffal1/XC793191.ogg,2
baffal1/XC793190.ogg,2
baffal1/XC122749.ogg,3
baffal1/XC123105.ogg,3
baffal1/XC63646.ogg,1
baffal1/XC203198.ogg,1
baffal1/XC453509.ogg,1
baffal1/XC63645.ogg,1
baffal1/XC63643.ogg,1
baffal1/XC63644.ogg,1
baffal1/XC330543.ogg,1
baffal1/XC351413.ogg,1
baffal1/XC1012380.ogg,4
baffal1/XC759383.ogg,4
baffal1/XC329225.ogg,0
baffal1/XC329201.ogg,0
baffal1/XC329208.ogg,0
baffal1/XC1069012.ogg,1
baffal1/XC1068979.ogg,1
baffal1/XC187163.ogg,2
baffal1/XC344052.ogg,0
baffal1/XC344051.ogg,0
baffal1/XC378955.ogg,1
baffal1/XC118865.ogg,3
baffal1/XC417413.ogg,0
baffal1/XC427584.ogg,2
baffal1/XC431368.ogg,3
baffal1/XC130077.ogg,3
baffal1/XC432570.ogg,3
baffal1/XC189543.ogg,3
baffal1/XC678306.ogg,3
baffal1/XC821578.ogg,2
baffal1/XC821576.ogg,2
baffal1/XC234718.ogg,1
baffal1/XC85218.ogg,1
baffal1/XC705481.ogg,0
baffal1/XC974203.ogg,2
baffal1/XC974201.ogg,2
baffal1/XC537845.ogg,0
baffal1/XC536757.ogg,0
baffal1/XC206439.ogg,4
baffal1/XC542797.ogg,1
baffal1/XC204948.ogg,1
baffal1/XC150981.ogg,1
baffal1/XC486890.ogg,3
baffal1/XC486831.ogg,3
baffal1/XC493242.ogg,2
baffal1/XC493247.ogg,2
baffal1/XC493221.ogg,2
baffal1/XC119850.ogg,3
baffal1/XC85221.ogg,1
baffal1/XC1034702.ogg,2
baffal1/XC10661.ogg,4
baffal1/XC10660.ogg,4
baffal1/XC10640.ogg,4
baffal1/XC10641.ogg,4
baffal1/iNat1243754.ogg,3
baffal1/XC7047.ogg,4
baffal1/XC119577.ogg,3
baffal1/XC343517.ogg,3
baffal1/XC392091.ogg,4
baffal1/XC705219.ogg,0
baffal1/XC238611.ogg,3
baffal1/XC238610.ogg,3
baffal1/iNat582752.ogg,4
baffal1/iNat582753.ogg,4
baffal1/XC510959.ogg,3
baffal1/XC147163.ogg,0
baffal1/XC147162.ogg,0
baffal1/XC193.ogg,1
baffal1/XC238614.ogg,3
baffal1/XC855244.ogg,0
baffal1/XC393342.ogg,0
baffal1/XC562663.ogg,3
baffal1/XC562662.ogg,3
baffal1/XC125728.ogg,4
baffal1/XC284665.ogg,0
baffal1/XC238612.ogg,3
baffal1/XC251118.ogg,3
baffal1/XC238620.ogg,3
baffal1/XC251119.ogg,3
baffal1/XC251116.ogg,3
baffal1/XC251117.ogg,3
baffal1/XC890585.ogg,1
baffal1/XC890584.ogg,1
baffal1/XC238618.ogg,3
baffal1/XC238617.ogg,3
baffal1/XC493782.ogg,4
baffal1/XC274919.ogg,0
baffal1/XC257391.ogg,4
baffal1/XC257389.ogg,4
baffal1/XC700035.ogg,4
baffal1/XC827142.ogg,1
baffal1/XC904088.ogg,0
baffal1/XC257392.ogg,4
baffal1/XC257390.ogg,4
baffal1/iNat337431.ogg,4
baffal1/XC238616.ogg,3
baffal1/XC238619.ogg,3
baffal1/XC171371.ogg,1
baffal1/XC163508.ogg,1
baffal1/XC164874.ogg,1
baffal1/XC164489.ogg,1
baffal1/XC820946.ogg,1
baffal1/XC387750.ogg,4
baffal1/XC238613.ogg,3
baffal1/XC276188.ogg,1
baffal1/XC1038943.ogg,4
baffal1/XC8087.ogg,3
baffal1/XC205535.ogg,4
baffal1/XC860686.ogg,2
baffal1/XC8085.ogg,3
baffal1/XC8084.ogg,3
baffal1/XC251113.ogg,3
baffal1/XC238621.ogg,3
baffal1/XC251114.ogg,3
baffal1/XC238609.ogg,3
baffal1/XC238608.ogg,3
baffal1/XC251115.ogg,3
baffal1/XC238606.ogg,3
baffal1/XC71107.ogg,1
baffal1/XC238615.ogg,3
baffal1/XC276187.ogg,1
baffal1/XC955229.ogg,1
baffal1/XC261529.ogg,1
baffal1/XC322080.ogg,3
baffal1/XC857998.ogg,1
baffal1/XC72653.ogg,1
baffal1/XC535617.ogg,0
baffal1/XC535629.ogg,0
baffal1/XC714681.ogg,0
baffal1/XC681233.ogg,4
baffal1/XC117708.ogg,3
baffal1/XC117707.ogg,3
baffal1/XC117701.ogg,3
baffal1/XC117700.ogg,3
baffal1/XC117699.ogg,3
baffal1/XC117696.ogg,3
baffal1/XC117689.ogg,3
baffal1/XC917443.ogg,3
baffal1/XC1003367.ogg,3
baffal1/XC1003366.ogg,3
baffal1/XC1023846.ogg,3
baffal1/XC1019433.ogg,3
baffal1/iNat402857.ogg,2
baffal1/XC114362.ogg,4
baffal1/XC114325.ogg,4
baffal1/iNat1560810.ogg,2
baffal1/XC299696.ogg,2
baffal1/XC612771.ogg,1
baffal1/XC449452.ogg,4
baffal1/XC449450.ogg,4
baffal1/XC449449.ogg,4
baffal1/XC315913.ogg,4
baffal1/XC837026.ogg,2
baffal1/iNat586060.ogg,1
baffal1/XC9193.ogg,3
baffal1/XC9192.ogg,3
baffal1/XC30807.ogg,2
baffal1/XC667766.ogg,1
baffal1/XC366820.ogg,1
baffal1/XC366819.ogg,1
baffal1/XC533949.ogg,4
baffal1/XC211225.ogg,4
baffal1/XC602990.ogg,2
baffal1/XC166394.ogg,4
baffal1/XC166393.ogg,4
baffal1/XC384749.ogg,4
baffal1/XC631685.ogg,4
baffal1/XC394838.ogg,4
baffal1/XC451499.ogg,3
baffal1/XC353731.ogg,4
baffal1/XC43540.ogg,2
baffal1/XC43440.ogg,2
baffal1/XC235889.ogg,3
baffal1/XC235887.ogg,3
baffal1/XC235886.ogg,3
baffal1/XC966230.ogg,3
baffal1/XC979787.ogg,4
baffal1/XC154664.ogg,4
baffal1/XC384522.ogg,4
baffal1/XC240747.ogg,0
baffal1/XC367718.ogg,1
baffal1/XC575070.ogg,2
baffal1/XC893583.ogg,2
baffal1/XC784907.ogg,2
baffal1/XC295806.ogg,2
baffal1/XC289870.ogg,0
baffal1/XC236664.ogg,0
baffal1/XC297318.ogg,1
baffal1/XC113107.ogg,0
baffal1/XC383802.ogg,2
baffal1/XC383801.ogg,2
baffal1/XC180220.ogg,0
baffal1/XC213679.ogg,1
baffal1/XC234354.ogg,1
baffal1/XC414977.ogg,1
baffal1/XC334192.ogg,3
baffal1/XC713013.ogg,3
baffal1/XC713017.ogg,3
baffal1/iNat23463.ogg,4
baffal1/iNat959640.ogg,3
baffal1/iNat1232754.ogg,0
baffal1/iNat656084.ogg,2
baffal1/XC355828.ogg,4
baffal1/XC522308.ogg,1
baffal1/XC437953.ogg,1
baffal1/iNat872788.ogg,4
baffal1/XC31742.ogg,3
baffal1/iNat795406.ogg,3
baffal1/iNat888129.ogg,3
banana/XC178622.ogg,4
banana/XC84472.ogg,1
banana/XC189212.ogg,0
banana/XC262504.ogg,1
banana/XC287776.ogg,1
banana/XC756928.ogg,3
banana/XC190593.ogg,1
banana/iNat1020622.ogg,4
banana/XC84476.ogg,1
banana/XC529279.ogg,3
banana/XC519180.ogg,3
banana/XC213296.ogg,2
banana/iNat252608.ogg,1
banana/XC523829.ogg,3
banana/XC58866.ogg,2
banana/iNat1650332.ogg,1
banana/XC115505.ogg,4
banana/iNat800427.ogg,1
banana/iNat342892.ogg,3
banana/iNat989513.ogg,4
banana/XC939088.ogg,2
banana/XC320349.ogg,4
banana/iNat1737573.ogg,0
banana/XC561261.ogg,3
banana/iNat1596516.ogg,4
banana/iNat559630.ogg,4
banana/XC626037.ogg,0
banana/XC469261.ogg,2
banana/XC1068948.ogg,1
banana/XC939544.ogg,2
banana/XC520823.ogg,3
banana/XC1034535.ogg,2
banana/iNat1445573.ogg,3
banana/iNat396745.ogg,0
banana/XC247112.ogg,4
banana/XC112602.ogg,1
banana/XC939908.ogg,2
banana/XC490740.ogg,0
banana/iNat143232.ogg,2
banana/iNat1110699.ogg,4
banana/XC262503.ogg,1
banana/iNat478917.ogg,2
banana/XC411998.ogg,2
banana/iNat561209.ogg,4
banana/iNat339877.ogg,4
banana/XC816850.ogg,2
banana/XC372725.ogg,1
banana/XC479540.ogg,4
banana/iNat1394445.ogg,1
banana/XC523836.ogg,3
banana/XC318598.ogg,4
banana/iNat1471075.ogg,0
banana/XC32074.ogg,1
banana/XC214523.ogg,1
banana/iNat628967.ogg,3
banana/XC215467.ogg,0
banana/iNat1433394.ogg,0
banana/XC155797.ogg,3
banana/iNat351818.ogg,4
banana/XC58863.ogg,2
banana/iNat368646.ogg,0
banana/iNat1476456.ogg,1
banana/XC1017270.ogg,2
banana/XC1068890.ogg,1
banana/XC541448.ogg,1
banana/XC213995.ogg,1
banana/iNat1003999.ogg,4
banana/iNat724173.ogg,4
banana/iNat217408.ogg,1
banana/iNat1429882.ogg,4
banana/iNat868338.ogg,3
banana/iNat314500.ogg,1
banana/XC706367.ogg,4
banana/XC614396.ogg,1
banana/XC495669.ogg,4
banana/XC420337.ogg,2
banana/XC173565.ogg,1
banana/iNat494464.ogg,4
banana/XC1067310.ogg,3
banana/XC247111.ogg,4
banana/XC523830.ogg,3
banana/XC973391.ogg,4
banana/XC303599.ogg,3
banana/XC697372.ogg,2
banana/XC817205.ogg,2
banana/XC352977.ogg,1
banana/XC979469.ogg,4
banana/iNat933037.ogg,4
banana/XC814348.ogg,2
banana/iNat764438.ogg,2
banana/iNat688425.ogg,2
banana/iNat1400797.ogg,4
banana/XC924739.ogg,0
banana/iNat1421771.ogg,0
banana/XC484774.ogg,2
banana/XC250685.ogg,3
banana/iNat33121.ogg,2
banana/XC460421.ogg,0
banana/XC1017290.ogg,2
banana/iNat950352.ogg,0
banana/iNat180706.ogg,1
banana/iNat354802.ogg,4
banana/XC288516.ogg,1
banana/XC819184.ogg,1
banana/XC277010.ogg,0
banana/iNat863502.ogg,0
banana/XC506039.ogg,4
banana/iNat578077.ogg,3
banana/iNat471575.ogg,4
banana/iNat1431337.ogg,2
banana/XC178621.ogg,4
banana/XC986727.ogg,1
banana/iNat281441.ogg,4
banana/iNat347546.ogg,3
banana/XC319635.ogg,1
banana/XC241562.ogg,3
banana/iNat909849.ogg,4
banana/XC214712.ogg,4
banana/XC799774.ogg,3
banana/XC147123.ogg,1
banana/iNat871291.ogg,3
banana/iNat1563529.ogg,2
banana/XC690554.ogg,0
banana/iNat998528.ogg,1
banana/XC277006.ogg,0
banana/iNat1005723.ogg,2
banana/XC169559.ogg,3
banana/XC131595.ogg,4
banana/iNat1374073.ogg,1
banana/iNat597011.ogg,1
banana/XC185976.ogg,2
banana/XC127164.ogg,1
banana/XC524995.ogg,2
banana/iNat1720278.ogg,0
banana/XC520820.ogg,3
banana/iNat736745.ogg,4
banana/iNat532148.ogg,0
banana/iNat351449.ogg,4
banana/XC388560.ogg,2
banana/XC4311.ogg,1
banana/XC590531.ogg,4
banana/XC335021.ogg,1
banana/XC960423.ogg,0
banana/iNat1682144.ogg,4
banana/XC351849.ogg,1
banana/XC1035619.ogg,2
banana/XC583784.ogg,3
banana/XC924738.ogg,0
banana/iNat1024701.ogg,4
banana/XC649625.ogg,3
banana/iNat54522.ogg,1
banana/XC32055.ogg,1
banana/iNat1144174.ogg,4
banana/XC519809.ogg,2
banana/iNat1648127.ogg,1
banana/XC443366.ogg,2
banana/XC308452.ogg,4
banana/XC2593.ogg,0
banana/iNat51535.ogg,4
banana/XC389034.ogg,2
banana/XC215533.ogg,0
banana/XC247113.ogg,4
banana/XC603264.ogg,3
banana/XC668347.ogg,1
banana/XC214002.ogg,1
banana/iNat207920.ogg,4
banana/XC196682.ogg,4
banana/iNat321245.ogg,3
banana/XC520818.ogg,3
banana/iNat1635256.ogg,2
banana/XC294693.ogg,1
banana/XC455324.ogg,4
banana/iNat1576095.ogg,0
banana/XC877054.ogg,2
banana/XC1035893.ogg,4
banana/XC673166.ogg,0
banana/XC397320.ogg,3
banana/iNat285500.ogg,3
banana/XC750762.ogg,3
banana/XC571076.ogg,4
banana/XC215541.ogg,0
banana/XC523841.ogg,3
banana/XC712373.ogg,4
banana/iNat1371881.ogg,2
banana/XC173391.ogg,3
banana/iNat635413.ogg,3
banana/iNat1078205.ogg,4
banana/XC971449.ogg,2
banana/XC331387.ogg,3
banana/iNat1648317.ogg,2
banana/XC250686.ogg,3
banana/iNat1669861.ogg,1
banana/iNat1721098.ogg,0
banana/XC149227.ogg,1
banana/iNat150265.ogg,1
banana/iNat570761.ogg,3
banana/iNat770503.ogg,3
banana/XC403852.ogg,2
banana/iNat1638891.ogg,4
banana/XC974424.ogg,2
banana/iNat1302882.ogg,1
banana/XC443365.ogg,2
banana/XC524991.ogg,2
banana/XC211811.ogg,4
banana/XC213288.ogg,2
banana/XC275597.ogg,0
banana/XC215557.ogg,0
banana/XC697123.ogg,2
banana/XC261114.ogg,0
banana/XC58862.ogg,2
banana/XC614934.ogg,1
banana/XC213287.ogg,2
banana/XC700790.ogg,2
banana/XC1035884.ogg,4
banana/XC235220.ogg,4
banana/XC331385.ogg,3
banana/XC316991.ogg,4
banana/iNat55498.ogg,1
banana/XC952286.ogg,1
banana/iNat1105993.ogg,3
banana/iNat308636.ogg,4
banana/XC956109.ogg,2
banana/XC262501.ogg,1
banana/iNat573888.ogg,0
banana/XC173431.ogg,3
banana/XC213285.ogg,2
banana/XC213998.ogg,1
banana/XC120824.ogg,1
banana/XC155808.ogg,3
banana/iNat366408.ogg,3
banana/XC284997.ogg,4
banana/iNat308903.ogg,1
banana/iNat357060.ogg,3
banana/iNat1371833.ogg,2
banana/XC863662.ogg,4
banana/iNat1721020.ogg,0
banana/iNat1634628.ogg,4
banana/iNat1720274.ogg,0
banana/iNat563404.ogg,4
banana/XC721906.ogg,1
banana/XC326973.ogg,4
banana/XC154742.ogg,2
banana/XC46632.ogg,1
banana/iNat1725076.ogg,2
banana/XC434963.ogg,0
banana/XC214517.ogg,1
banana/iNat129854.ogg,1
banana/XC929746.ogg,2
banana/XC736771.ogg,3
banana/XC798995.ogg,3
banana/iNat1654398.ogg,0
banana/XC928598.ogg,2
banana/XC523832.ogg,3
banana/iNat335243.ogg,4
banana/iNat1703110.ogg,4
banana/iNat1631602.ogg,0
banana/XC234129.ogg,4
banana/XC393165.ogg,1
banana/XC523837.ogg,3
banana/XC837614.ogg,1
banana/XC393396.ogg,1
banana/XC46763.ogg,4
banana/XC28577.ogg,1
banana/iNat1663739.ogg,1
banana/iNat424231.ogg,1
banana/iNat1467994.ogg,3
banana/XC173288.ogg,3
banana/XC816884.ogg,2
banana/iNat326637.ogg,0
banana/XC706371.ogg,4
banana/iNat864851.ogg,4
banana/XC127222.ogg,4
banana/XC372724.ogg,1
banana/XC948862.ogg,2
banana/XC1035885.ogg,4
banana/XC175745.ogg,2
banana/XC843854.ogg,0
banana/XC725276.ogg,2
banana/iNat353343.ogg,4
banana/XC538271.ogg,4
banana/iNat635383.ogg,3
banana/iNat33115.ogg,2
banana/iNat521485.ogg,2
banana/XC58868.ogg,2
banana/XC401626.ogg,3
banana/iNat1721082.ogg,0
banana/XC825068.ogg,1
banana/iNat1569971.ogg,1
banana/XC864623.ogg,4
banana/XC1034681.ogg,2
banana/XC659497.ogg,2
banana/XC713835.ogg,3
banana/XC998280.ogg,1
banana/XC860344.ogg,2
banana/XC799776.ogg,3
banana/XC215676.ogg,0
banana/XC297013.ogg,4
banana/iNat1496209.ogg,2
banana/XC771681.ogg,0
banana/XC653323.ogg,4
banana/XC180504.ogg,4
banana/iNat964606.ogg,1
banana/iNat1720272.ogg,0
banana/XC757619.ogg,3
banana/iNat1157593.ogg,4
banana/iNat1647768.ogg,4
banana/XC308651.ogg,4
banana/XC259502.ogg,4
banana/iNat964608.ogg,1
banana/XC146976.ogg,1
banana/XC775648.ogg,1
banana/XC495668.ogg,4
banana/iNat928040.ogg,0
banana/XC778612.ogg,4
banana/XC430035.ogg,2
banana/iNat1423073.ogg,4
banana/XC1069087.ogg,1
banana/XC737964.ogg,2
banana/XC347839.ogg,4
banana/XC427233.ogg,2
banana/XC416125.ogg,3
banana/XC437549.ogg,2
banana/XC422567.ogg,0
banana/iNat1433255.ogg,0
banana/iNat1403373.ogg,2
banana/iNat1019241.ogg,4
banana/XC331386.ogg,3
banana/XC768806.ogg,2
banana/XC372722.ogg,1
banana/iNat239520.ogg,0
banana/XC450975.ogg,0
banana/XC186138.ogg,0
banana/XC384662.ogg,4
banana/XC782352.ogg,2
banana/XC413191.ogg,1
banana/iNat693716.ogg,2
banana/XC196395.ogg,3
banana/iNat1564205.ogg,3
banana/XC196681.ogg,4
banana/XC1028247.ogg,2
banana/iNat1092040.ogg,3
banana/XC1059797.ogg,4
banana/iNat1371831.ogg,2
banana/XC489594.ogg,3
banana/XC622477.ogg,1
banana/XC754861.ogg,2
banana/XC120035.ogg,3
banana/XC262502.ogg,1
banana/XC519808.ogg,2
banana/iNat592080.ogg,3
banana/iNat1722640.ogg,2
banana/XC375205.ogg,1
banana/iNat1630115.ogg,2
banana/iNat615009.ogg,3
banana/XC84474.ogg,1
banana/XC957251.ogg,4
banana/XC316990.ogg,4
banana/iNat635377.ogg,3
banana/iNat368645.ogg,0
banana/XC946049.ogg,4
banana/XC444909.ogg,3
banana/XC689903.ogg,3
banana/iNat858225.ogg,0
banana/XC169849.ogg,4
banana/XC170035.ogg,4
banana/XC116098.ogg,4
banana/XC345364.ogg,0
banana/iNat1208541.ogg,4
banana/XC419425.ogg,0
banana/iNat33119.ogg,2
banana/XC116489.ogg,4
banana/iNat32317.ogg,3
banana/iNat278088.ogg,4
banana/XC340263.ogg,3
banana/XC262505.ogg,1
banana/iNat1192531.ogg,1
banana/XC460314.ogg,0
banana/XC924677.ogg,2
banana/XC70807.ogg,1
banana/XC214711.ogg,4
banana/XC616607.ogg,3
banana/XC146937.ogg,0
banana/XC783178.ogg,0
banana/XC37645.ogg,1
banana/XC591270.ogg,2
banana/XC576031.ogg,3
banana/XC524994.ogg,2
banana/XC233959.ogg,4
banana/XC250684.ogg,3
banana/XC288954.ogg,4
banana/iNat1601568.ogg,4
banana/XC419426.ogg,0
banana/XC196936.ogg,0
banana/iNat1041315.ogg,3
banana/iNat612765.ogg,1
banana/XC123772.ogg,4
banana/iNat344526.ogg,4
banana/XC830531.ogg,2
banana/iNat1299844.ogg,2
banana/XC489021.ogg,3
banana/XC242441.ogg,3
banana/XC84790.ogg,1
banana/XC529499.ogg,3
banana/iNat599949.ogg,3
banana/XC789043.ogg,2
banana/XC59515.ogg,4
banana/iNat356423.ogg,0
banana/XC520548.ogg,2
banana/iNat298967.ogg,0
banana/XC151364.ogg,1
banana/iNat1690887.ogg,3
banana/XC736959.ogg,2
banana/XC690553.ogg,0
banana/XC523838.ogg,3
banana/XC214524.ogg,1
banana/iNat277214.ogg,0
banana/XC1016729.ogg,4
banana/iNat1009822.ogg,2
banana/iNat912490.ogg,1
banana/XC856541.ogg,0
banana/XC406935.ogg,2
banana/XC838476.ogg,1
banana/XC84475.ogg,1
banana/XC192713.ogg,0
banana/iNat549052.ogg,3
banana/XC360208.ogg,1
banana/XC32051.ogg,1
banana/iNat804530.ogg,1
banana/XC944744.ogg,4
banana/iNat559014.ogg,4
banana/XC195411.ogg,0
banana/iNat1215338.ogg,0
banana/XC1025691.ogg,2
banana/XC939057.ogg,1
banana/iNat828738.ogg,1
banana/XC33682.ogg,1
banana/iNat336997.ogg,4
banana/XC122402.ogg,2
banana/XC465602.ogg,2
banana/XC421240.ogg,4
banana/iNat1711277.ogg,4
banana/XC939505.ogg,2
banana/XC1069084.ogg,1
banana/iNat1448474.ogg,3
banana/XC913488.ogg,2
banana/iNat964607.ogg,1
banana/XC277013.ogg,0
banana/XC939911.ogg,2
banana/XC1035894.ogg,4
banana/XC387899.ogg,4
banana/XC737041.ogg,2
banana/iNat724164.ogg,4
banana/XC835328.ogg,1
banana/iNat1375832.ogg,2
banana/XC303796.ogg,1
banana/XC211366.ogg,1
banana/iNat1369561.ogg,0
banana/iNat613793.ogg,3
banana/iNat599945.ogg,3
banana/XC346009.ogg,1
banana/iNat569623.ogg,4
banana/iNat1550176.ogg,4
banana/iNat643637.ogg,3
banana/iNat536802.ogg,1
banana/iNat277224.ogg,0
banana/XC924682.ogg,2
banana/iNat33120.ogg,2
banana/XC269287.ogg,2
banana/XC462887.ogg,0
banana/XC84478.ogg,1
banana/XC996292.ogg,3
banana/XC939494.ogg,2
banana/XC939064.ogg,2
banana/XC1056057.ogg,2
banana/XC523831.ogg,3
banana/XC738630.ogg,2
banana/XC360840.ogg,1
banana/XC524993.ogg,2
banana/XC251903.ogg,3
banana/iNat1282014.ogg,4
banana/XC795744.ogg,0
banana/XC215659.ogg,0
banana/XC428514.ogg,2
banana/iNat1407149.ogg,3
banana/XC496296.ogg,0
banana/iNat502581.ogg,3
banana/XC838715.ogg,1
banana/iNat1645079.ogg,4
banana/XC283825.ogg,4
banana/XC128032.ogg,4
banana/iNat483177.ogg,1
banana/iNat1105784.ogg,4
banana/XC177791.ogg,1
banana/XC652646.ogg,2
banana/XC975698.ogg,3
banana/XC214521.ogg,1
banana/XC58865.ogg,2
banana/XC32077.ogg,1
barant1/iNat1229119.ogg,1
barant1/iNat1229122.ogg,1
barant1/iNat693448.ogg,3
barant1/iNat768385.ogg,2
barant1/iNat768386.ogg,2
barant1/iNat526659.ogg,4
barant1/XC379472.ogg,0
barant1/XC936784.ogg,0
barant1/XC430070.ogg,4
barant1/XC139971.ogg,4
barant1/XC922820.ogg,3
barant1/XC897713.ogg,3
barant1/iNat863643.ogg,0
barant1/XC1032319.ogg,3
barant1/iNat1654575.ogg,3
barant1/iNat1629918.ogg,4
barant1/XC811143.ogg,2
barant1/iNat1195342.ogg,2
barant1/iNat1373931.ogg,2
barant1/iNat1418545.ogg,2
barant1/iNat728224.ogg,4
barant1/iNat728236.ogg,4
barant1/iNat729634.ogg,4
barant1/iNat729638.ogg,4
barant1/XC559899.ogg,2
barant1/iNat196704.ogg,1
barant1/XC616635.ogg,4
barant1/iNat1337557.ogg,4
barant1/XC414684.ogg,2
barant1/iNat1137123.ogg,3
barant1/XC685844.ogg,1
barant1/iNat1549145.ogg,4
barant1/iNat536804.ogg,1
barant1/iNat1145113.ogg,0
barant1/iNat368853.ogg,0
barant1/XC737831.ogg,3
barant1/iNat451622.ogg,4
barant1/XC389462.ogg,4
barant1/XC444477.ogg,3
barant1/iNat1738725.ogg,4
barant1/XC504813.ogg,0
barant1/iNat1312495.ogg,0
barant1/XC447988.ogg,2
barant1/iNat1325639.ogg,0
barant1/iNat318362.ogg,3
barant1/iNat171109.ogg,4
barant1/iNat218647.ogg,3
barant1/XC993193.ogg,3
barant1/XC492020.ogg,0
barant1/iNat536652.ogg,1
barant1/iNat159789.ogg,1
barant1/XC454939.ogg,4
barant1/XC454940.ogg,4
barant1/XC705070.ogg,0
barant1/XC616375.ogg,4
barant1/XC459559.ogg,2
barant1/XC433820.ogg,2
barant1/XC496233.ogg,0
barant1/XC212420.ogg,0
barant1/XC212419.ogg,0
barant1/XC389172.ogg,4
barant1/iNat376882.ogg,4
barant1/XC389124.ogg,4
barant1/iNat376846.ogg,4
barant1/XC732448.ogg,4
barant1/XC421678.ogg,0
barant1/XC470902.ogg,3
barant1/XC1000937.ogg,3
barant1/XC833933.ogg,3
barant1/XC181687.ogg,1
barant1/iNat1629919.ogg,4
barant1/XC151239.ogg,0
barant1/XC150586.ogg,0
barant1/XC708676.ogg,0
barant1/XC2620.ogg,0
barant1/XC241079.ogg,1
barant1/XC241075.ogg,1
barant1/XC80114.ogg,1
barant1/XC838412.ogg,2
barant1/XC117095.ogg,4
barant1/XC189526.ogg,3
barant1/XC973711.ogg,3
barant1/XC706097.ogg,0
barant1/XC471070.ogg,2
barant1/iNat77628.ogg,1
barant1/iNat77630.ogg,1
barant1/iNat152907.ogg,1
barant1/iNat74158.ogg,1
barant1/XC2591.ogg,0
barant1/XC737489.ogg,2
barant1/XC704567.ogg,2
barant1/XC124607.ogg,3
barant1/XC123670.ogg,3
barant1/XC707209.ogg,3
barant1/iNat1598854.ogg,2
barant1/XC709805.ogg,2
barant1/XC872651.ogg,2
barant1/XC872645.ogg,2
barant1/XC413857.ogg,2
barant1/XC713779.ogg,2
barant1/XC599227.ogg,2
barant1/XC413856.ogg,2
barant1/XC704198.ogg,2
barant1/XC913482.ogg,2
barant1/XC722934.ogg,2
barant1/XC700801.ogg,2
barant1/XC743226.ogg,2
barant1/XC341069.ogg,1
barant1/XC80113.ogg,1
barant1/XC80112.ogg,1
barant1/XC341066.ogg,1
barant1/XC971830.ogg,2
barant1/XC438248.ogg,1
barant1/XC800348.ogg,2
barant1/iNat1580905.ogg,1
barant1/XC953418.ogg,2
barant1/XC510856.ogg,2
barant1/XC658665.ogg,4
barant1/iNat604705.ogg,3
barant1/XC419562.ogg,0
barant1/XC419561.ogg,0
barant1/XC840171.ogg,2
barant1/XC840165.ogg,2
barant1/XC706965.ogg,2
barant1/XC699610.ogg,2
barant1/XC699615.ogg,2
barant1/XC699614.ogg,2
barant1/XC400262.ogg,4
barant1/XC241081.ogg,1
barant1/XC829989.ogg,2
barant1/XC171185.ogg,3
barant1/XC514674.ogg,3
barant1/XC80109.ogg,1
barant1/XC2760.ogg,0
barant1/XC178517.ogg,1
barant1/XC174036.ogg,2
barant1/XC443189.ogg,1
barant1/XC443367.ogg,2
barant1/XC812923.ogg,2
barant1/XC378759.ogg,1
barant1/XC64256.ogg,1
barant1/XC752776.ogg,3
barant1/XC949524.ogg,2
barant1/XC949482.ogg,2
barant1/XC949481.ogg,2
barant1/XC837975.ogg,2
barant1/iNat1289708.ogg,4
barant1/XC122617.ogg,0
barant1/XC122614.ogg,0
barant1/XC80110.ogg,1
barant1/XC323953.ogg,1
barant1/XC64257.ogg,1
barant1/XC64258.ogg,1
barant1/XC296983.ogg,3
barant1/XC788979.ogg,2
barant1/XC781741.ogg,4
barant1/XC776167.ogg,4
barant1/XC257080.ogg,2
barant1/XC257079.ogg,2
barant1/XC163772.ogg,1
barant1/XC126246.ogg,1
barant1/XC453508.ogg,1
barant1/XC119009.ogg,3
barant1/XC80111.ogg,1
barant1/XC80108.ogg,1
barant1/XC80107.ogg,1
barant1/XC782379.ogg,2
barant1/XC685458.ogg,4
barant1/XC696973.ogg,2
barant1/XC676256.ogg,4
barant1/iNat1203728.ogg,0
barant1/XC118888.ogg,3
barant1/XC120050.ogg,3
barant1/XC808639.ogg,3
barant1/XC430732.ogg,1
barant1/XC437964.ogg,3
barant1/iNat336496.ogg,4
barant1/XC569187.ogg,3
barant1/XC564692.ogg,3
barant1/XC579129.ogg,4
barant1/XC794831.ogg,3
barant1/XC794814.ogg,3
barant1/XC720797.ogg,3
barant1/XC711048.ogg,3
barant1/XC660096.ogg,3
barant1/iNat52962.ogg,4
barant1/XC1030226.ogg,3
barant1/XC895842.ogg,3
barant1/XC342820.ogg,0
barant1/iNat369617.ogg,3
barant1/XC156971.ogg,4
barant1/XC556626.ogg,2
barant1/XC524936.ogg,3
barant1/XC712951.ogg,4
barant1/XC712950.ogg,4
barant1/XC712947.ogg,4
barant1/XC712946.ogg,4
barant1/XC451813.ogg,2
barant1/XC451815.ogg,2
barant1/XC257078.ogg,2
barant1/XC180931.ogg,4
barant1/XC180996.ogg,4
barant1/XC786319.ogg,2
barant1/XC786310.ogg,2
barant1/XC428067.ogg,2
barant1/XC817233.ogg,2
barant1/XC446768.ogg,0
barant1/XC119616.ogg,3
barant1/XC212844.ogg,1
barant1/XC353671.ogg,2
barant1/XC353674.ogg,2
barant1/XC353673.ogg,2
barant1/XC974565.ogg,2
barant1/XC974564.ogg,2
barant1/XC296590.ogg,4
barant1/XC338790.ogg,1
barant1/XC436775.ogg,4
barant1/XC436758.ogg,4
barant1/XC743863.ogg,3
barant1/iNat40562.ogg,4
barant1/iNat145097.ogg,4
barant1/XC567783.ogg,0
barant1/iNat1232383.ogg,0
barant1/XC34532.ogg,3
barant1/XC325565.ogg,3
barant1/iNat291707.ogg,3
barant1/XC275012.ogg,0
barant1/XC258346.ogg,4
barant1/XC248769.ogg,3
barant1/XC248770.ogg,3
barant1/XC248768.ogg,3
barant1/XC817561.ogg,4
barant1/XC120549.ogg,1
barant1/XC258345.ogg,4
barant1/XC154649.ogg,4
barant1/XC304275.ogg,3
barant1/XC622471.ogg,1
barant1/XC589663.ogg,1
barant1/XC589661.ogg,1
barant1/XC939048.ogg,2
barant1/XC354908.ogg,3
barant1/XC332324.ogg,4
barant1/XC332325.ogg,4
barant1/iNat1289652.ogg,1
barant1/iNat1440152.ogg,4
barant1/XC357244.ogg,4
barant1/iNat197760.ogg,1
barant1/XC912202.ogg,3
barant1/XC912191.ogg,3
barant1/iNat799648.ogg,2
barant1/XC1053620.ogg,3
barant1/XC1054647.ogg,3
barant1/XC1054418.ogg,3
barant1/XC354235.ogg,4
barant1/XC380822.ogg,3
barant1/iNat1422645.ogg,4
barant1/XC573463.ogg,4
barant1/XC571692.ogg,4
barant1/XC560652.ogg,4
barant1/XC560651.ogg,4
barant1/XC560650.ogg,4
barant1/XC552688.ogg,4
barant1/XC540709.ogg,4
barant1/XC537076.ogg,4
barant1/XC428300.ogg,4
barant1/XC428314.ogg,4
barant1/XC716472.ogg,2
barant1/XC716450.ogg,2
barant1/XC1048965.ogg,2
barant1/XC1048970.ogg,2
barant1/XC974030.ogg,3
barant1/XC1046922.ogg,2
barant1/XC664435.ogg,2
barant1/XC664434.ogg,2
barant1/iNat338483.ogg,2
barant1/XC432959.ogg,0
barant1/XC315079.ogg,4
barant1/iNat311838.ogg,2
barant1/XC449432.ogg,4
barant1/iNat1005695.ogg,2
barant1/iNat1432803.ogg,1
barant1/XC1004605.ogg,4
barant1/iNat1400809.ogg,4
barant1/XC878609.ogg,3
barant1/XC825914.ogg,3
barant1/XC538010.ogg,4
barant1/XC538009.ogg,4
barant1/XC538008.ogg,4
barant1/XC513248.ogg,0
barant1/XC315196.ogg,4
barant1/XC305361.ogg,4
barant1/iNat1278003.ogg,3
barant1/iNat1278004.ogg,3
barant1/iNat1278005.ogg,3
barant1/XC823952.ogg,1
barant1/XC245287.ogg,1
barant1/XC245316.ogg,4
barant1/XC481622.ogg,0
barant1/XC943090.ogg,2
barant1/XC245353.ogg,4
barant1/XC941117.ogg,2
barant1/XC435936.ogg,3
barant1/XC435939.ogg,3
barant1/XC435938.ogg,3
barant1/XC435937.ogg,3
barant1/XC148060.ogg,3
barant1/XC579493.ogg,4
barant1/XC353015.ogg,4
barant1/XC539675.ogg,4
barant1/iNat920472.ogg,4
barant1/iNat920473.ogg,4
barant1/iNat200501.ogg,0
barant1/iNat74369.ogg,2
barant1/XC225316.ogg,4
barant1/XC220934.ogg,4
barant1/XC254154.ogg,4
barant1/iNat207888.ogg,4
barant1/iNat332990.ogg,4
barant1/iNat76485.ogg,4
barant1/iNat444313.ogg,4
barant1/iNat1718721.ogg,4
barant1/iNat76423.ogg,4
barant1/iNat816254.ogg,3
barant1/XC592205.ogg,2
barant1/XC592201.ogg,2
barant1/XC371053.ogg,2
barant1/XC561633.ogg,2
barant1/XC219899.ogg,4
barant1/iNat889604.ogg,4
barant1/iNat1195629.ogg,4
barant1/iNat1195628.ogg,4
barant1/XC374683.ogg,2
barant1/XC355319.ogg,2
barant1/XC355318.ogg,2
barant1/XC411475.ogg,2
barant1/XC573407.ogg,2
barant1/XC17204.ogg,3
barant1/XC327347.ogg,4
barant1/XC955573.ogg,4
barant1/XC10568.ogg,3
barant1/XC278659.ogg,3
barant1/XC117983.ogg,4
barant1/iNat933839.ogg,1
barant1/iNat933833.ogg,1
barant1/XC385153.ogg,1
barant1/XC154036.ogg,1
barant1/iNat1290730.ogg,4
barant1/XC166226.ogg,4
barant1/XC284604.ogg,1
barant1/iNat632862.ogg,4
barant1/iNat882726.ogg,2
barant1/iNat757955.ogg,2
barant1/iNat814278.ogg,2
barant1/iNat1108107.ogg,2
barant1/iNat854886.ogg,2
barant1/iNat873351.ogg,2
barant1/XC376314.ogg,1
barant1/XC376312.ogg,1
barant1/iNat1228593.ogg,4
barant1/iNat1375840.ogg,2
barant1/XC8223.ogg,3
barant1/iNat1011388.ogg,2
barant1/iNat150213.ogg,1
barant1/XC838880.ogg,1
barant1/XC838748.ogg,1
barant1/XC236205.ogg,3
barant1/XC236204.ogg,3
barant1/XC312937.ogg,3
barant1/XC343332.ogg,4
barant1/iNat86431.ogg,3
barant1/iNat18699.ogg,1
barant1/iNat1276386.ogg,2
barant1/XC462246.ogg,0
barant1/XC308490.ogg,4
barant1/XC335882.ogg,4
barant1/XC335881.ogg,4
barant1/XC615402.ogg,4
barant1/XC494583.ogg,0
barant1/iNat275678.ogg,0
barant1/iNat910419.ogg,0
barant1/iNat910420.ogg,0
barant1/XC198348.ogg,2
barant1/XC197662.ogg,2
barant1/XC198349.ogg,2
barant1/iNat150958.ogg,3
barant1/XC379880.ogg,2
barant1/XC284580.ogg,2
barant1/XC278518.ogg,2
barant1/XC778417.ogg,2
barant1/XC185924.ogg,0
barant1/XC484686.ogg,0
barant1/XC370053.ogg,2
barant1/XC241667.ogg,0
barant1/XC241665.ogg,0
barant1/XC806514.ogg,2
barant1/XC806515.ogg,2
barant1/iNat1229114.ogg,0
barant1/XC328518.ogg,2
barant1/iNat357633.ogg,0
barant1/XC376824.ogg,0
barant1/XC254471.ogg,4
barant1/iNat64665.ogg,1
barant1/iNat1260734.ogg,4
barant1/XC131551.ogg,0
barant1/XC131600.ogg,0
barant1/XC131599.ogg,0
barant1/XC1067958.ogg,1
barant1/XC1067957.ogg,1
barant1/XC333625.ogg,3
barant1/iNat831393.ogg,0
barant1/iNat831390.ogg,0
barant1/iNat1318235.ogg,2
barant1/XC335508.ogg,3
barant1/XC335506.ogg,3
barant1/XC796795.ogg,1
barant1/XC796792.ogg,1
barant1/XC796789.ogg,1
barant1/XC796788.ogg,1
barant1/XC772761.ogg,0
barant1/XC772758.ogg,0
barant1/iNat377577.ogg,4
barant1/XC349736.ogg,1
barant1/XC125527.ogg,4
barant1/XC436159.ogg,3
barant1/XC797302.ogg,1
barant1/iNat1283396.ogg,3
barant1/iNat730371.ogg,2
barant1/iNat586269.ogg,0
barant1/iNat1513145.ogg,0
barant1/XC28351.ogg,1
barant1/XC28350.ogg,1
barant1/XC304779.ogg,3
barant1/XC304780.ogg,3
barant1/XC257201.ogg,3
barant1/XC112528.ogg,3
barant1/XC112605.ogg,3
barant1/iNat825201.ogg,0
barant1/iNat202812.ogg,1
barant1/iNat1007461.ogg,4
barant1/XC816093.ogg,3
barant1/XC351637.ogg,0
barant1/iNat552914.ogg,4
barant1/iNat542496.ogg,4
barant1/iNat542497.ogg,4
barant1/XC332674.ogg,4
barant1/XC332673.ogg,4
barant1/iNat743717.ogg,0
barant1/iNat258577.ogg,1
barant1/iNat847227.ogg,4
barant1/iNat847228.ogg,4
barant1/XC441485.ogg,3
barant1/XC909265.ogg,0
barant1/XC28779.ogg,1
barant1/XC28780.ogg,1
batbel1/iNat1364425.ogg,3
batbel1/XC382030.ogg,1
batbel1/iNat1613630.ogg,4
batbel1/XC181435.ogg,1
batbel1/XC122406.ogg,2
batbel1/XC174005.ogg,2
batbel1/XC951579.ogg,0
batbel1/XC506430.ogg,0
batbel1/XC173421.ogg,1
batbel1/iNat851301.ogg,2
batbel1/iNat851302.ogg,2
batbel1/iNat851299.ogg,2
batbel1/iNat1209466.ogg,4
batbel1/iNat1209467.ogg,4
batbel1/iNat1729424.ogg,1
batbel1/iNat1228991.ogg,4
batbel1/XC294710.ogg,1
batbel1/iNat1249765.ogg,4
batbel1/iNat1275000.ogg,4
batbel1/XC386923.ogg,0
batbel1/XC343060.ogg,1
batbel1/XC709071.ogg,4
batbel1/XC672164.ogg,3
batbel1/XC709070.ogg,4
batbel1/XC521911.ogg,1
batbel1/XC165564.ogg,4
batbel1/XC22798.ogg,3
batbel1/XC427846.ogg,2
batbel1/iNat539085.ogg,1
batbel1/XC656196.ogg,4
batbel1/XC686987.ogg,3
batbel1/XC686993.ogg,3
batbel1/XC584104.ogg,4
batbel1/iNat1556449.ogg,3
batbel1/XC598683.ogg,4
batbel1/iNat827522.ogg,2
batbel1/iNat322025.ogg,0
batbel1/XC883504.ogg,2
batbel1/iNat1653925.ogg,3
batbel1/iNat1207359.ogg,3
batbel1/XC70809.ogg,1
batbel1/XC332378.ogg,1
batbel1/iNat1207357.ogg,3
batbel1/iNat1207379.ogg,3
batbel1/iNat1624192.ogg,3
batbel1/iNat1199945.ogg,0
batbel1/iNat1642733.ogg,3
batbel1/iNat1235150.ogg,4
batbel1/iNat1566386.ogg,4
batbel1/iNat1566385.ogg,4
batbel1/iNat1604991.ogg,4
batbel1/iNat283509.ogg,3
batbel1/XC507360.ogg,2
batbel1/iNat1688230.ogg,4
batbel1/XC145893.ogg,1
batbel1/XC151200.ogg,4
batbel1/iNat1361460.ogg,4
batbel1/XC82372.ogg,1
batbel1/XC288996.ogg,0
batbel1/XC927328.ogg,0
batbel1/XC842568.ogg,0
batbel1/XC842621.ogg,0
batbel1/iNat1260589.ogg,4
batbel1/iNat842751.ogg,4
batbel1/iNat1298324.ogg,3
batbel1/iNat1298325.ogg,3
batbel1/iNat1298327.ogg,3
batbel1/XC812905.ogg,3
batbel1/XC611361.ogg,3
batbel1/iNat192802.ogg,1
batbel1/XC614630.ogg,1
batbel1/XC448305.ogg,4
batbel1/XC840900.ogg,4
batbel1/XC830007.ogg,1
batbel1/XC830006.ogg,1
batbel1/XC830005.ogg,1
batbel1/XC411733.ogg,2
batbel1/iNat1211649.ogg,0
batbel1/XC419643.ogg,0
batbel1/XC573730.ogg,3
batbel1/iNat508465.ogg,1
batbel1/XC211761.ogg,0
batbel1/XC211760.ogg,0
batbel1/iNat1625494.ogg,2
batbel1/iNat1598606.ogg,0
batbel1/XC1027107.ogg,3
batbel1/iNat1049185.ogg,2
batbel1/XC489000.ogg,4
batbel1/XC590917.ogg,4
batbel1/iNat1096978.ogg,4
batbel1/iNat1096980.ogg,4
batbel1/iNat1517987.ogg,2
batbel1/iNat1517988.ogg,2
batbel1/iNat823232.ogg,4
batbel1/iNat549167.ogg,4
batbel1/iNat549169.ogg,4
batbel1/iNat541567.ogg,4
batbel1/iNat541566.ogg,4
batbel1/iNat351770.ogg,4
batbel1/iNat810509.ogg,1
batbel1/iNat560814.ogg,4
batbel1/iNat560815.ogg,4
batbel1/iNat560816.ogg,4
batbel1/iNat345719.ogg,4
batbel1/iNat1147837.ogg,1
batbel1/XC343539.ogg,1
batbel1/iNat1549144.ogg,4
batbel1/XC255781.ogg,1
batbel1/iNat1128723.ogg,3
batbel1/XC913084.ogg,1
batbel1/iNat556098.ogg,4
batbel1/XC203433.ogg,1
batbel1/iNat513458.ogg,2
batbel1/iNat520195.ogg,0
batbel1/iNat535235.ogg,4
batbel1/iNat1618276.ogg,2
batbel1/XC855896.ogg,0
batbel1/iNat491783.ogg,2
batbel1/XC115909.ogg,2
batbel1/XC391092.ogg,0
batbel1/iNat396538.ogg,0
batbel1/iNat511323.ogg,4
batbel1/iNat511324.ogg,4
batbel1/XC82371.ogg,1
batbel1/XC345082.ogg,1
batbel1/iNat500110.ogg,0
batbel1/XC678126.ogg,2
batbel1/XC669414.ogg,4
batbel1/iNat1220985.ogg,2
batbel1/XC443795.ogg,0
batbel1/iNat1517992.ogg,2
batbel1/iNat1291383.ogg,4
batbel1/iNat1688951.ogg,1
batbel1/iNat1147346.ogg,2
batbel1/iNat520197.ogg,0
batbel1/XC357016.ogg,0
batbel1/XC1030248.ogg,3
batbel1/XC118515.ogg,3
batbel1/XC320292.ogg,1
batbel1/XC319522.ogg,1
batbel1/XC282707.ogg,1
batbel1/XC164893.ogg,2
batbel1/XC116220.ogg,2
batbel1/XC556528.ogg,2
batbel1/XC556530.ogg,2
batbel1/XC556529.ogg,2
batbel1/XC333389.ogg,3
batbel1/XC157347.ogg,4
batbel1/XC155557.ogg,4
batbel1/XC155556.ogg,4
batbel1/XC155555.ogg,4
batbel1/XC155554.ogg,4
batbel1/iNat1254237.ogg,3
batbel1/iNat1254240.ogg,3
batbel1/iNat532262.ogg,4
batbel1/iNat1254241.ogg,3
batbel1/XC330683.ogg,1
batbel1/XC588086.ogg,1
batbel1/XC733366.ogg,3
batbel1/XC334830.ogg,4
batbel1/XC332907.ogg,4
batbel1/XC1015271.ogg,1
batbel1/iNat260357.ogg,1
batbel1/iNat288726.ogg,1
batbel1/iNat1153286.ogg,2
batbel1/XC1006063.ogg,3
batbel1/XC993184.ogg,3
batbel1/XC993183.ogg,3
batbel1/XC1064335.ogg,3
batbel1/XC668925.ogg,1
batbel1/XC382571.ogg,1
batbel1/XC666479.ogg,1
batbel1/XC386891.ogg,1
batbel1/XC605566.ogg,1
batbel1/XC973668.ogg,3
batbel1/iNat323205.ogg,0
batbel1/XC82373.ogg,1
batbel1/iNat811311.ogg,4
batbel1/iNat814552.ogg,2
batbel1/iNat814553.ogg,2
batbel1/XC82374.ogg,1
batbel1/XC288639.ogg,1
batbel1/XC267243.ogg,1
batbel1/iNat833241.ogg,1
batbel1/XC243459.ogg,3
batbel1/XC391365.ogg,3
batbel1/XC391225.ogg,3
batbel1/XC391224.ogg,3
batbel1/XC391223.ogg,3
batbel1/XC388139.ogg,3
batbel1/XC387891.ogg,3
batbel1/XC243715.ogg,3
batbel1/XC243714.ogg,3
batbel1/XC243713.ogg,3
batbel1/XC241809.ogg,3
batbel1/XC284995.ogg,4
batbel1/XC283858.ogg,4
batbel1/XC284661.ogg,4
batbel1/XC753364.ogg,2
batbel1/XC330317.ogg,1
batbel1/XC203732.ogg,4
batbel1/iNat1545870.ogg,2
batbel1/iNat571836.ogg,4
batbel1/iNat1728009.ogg,2
batbel1/XC743668.ogg,4
batbel1/XC140000.ogg,4
batbel1/XC606738.ogg,3
batbel1/XC171304.ogg,1
batbel1/iNat1291517.ogg,3
batbel1/XC427847.ogg,2
batbel1/iNat1262658.ogg,2
batbel1/iNat759688.ogg,1
batbel1/iNat1649442.ogg,0
batbel1/iNat1647226.ogg,0
batbel1/iNat1649454.ogg,0
batbel1/iNat1710151.ogg,4
batbel1/iNat1710152.ogg,4
batbel1/iNat1649441.ogg,0
batbel1/iNat1654033.ogg,4
batbel1/XC727968.ogg,2
batbel1/XC422912.ogg,0
batbel1/XC422913.ogg,0
batbel1/XC421396.ogg,0
batbel1/XC421395.ogg,0
batbel1/XC325621.ogg,0
batbel1/XC659053.ogg,2
batbel1/iNat899923.ogg,4
batbel1/XC776815.ogg,2
batbel1/XC82370.ogg,1
baymac/iNat1211650.ogg,0
baymac/XC793993.ogg,1
baymac/XC295672.ogg,0
baymac/XC777319.ogg,3
baymac/iNat396116.ogg,0
baymac/iNat1283276.ogg,0
baymac/XC295503.ogg,0
baymac/XC991405.ogg,3
baymac/XC556140.ogg,2
baymac/XC744968.ogg,4
baymac/XC863830.ogg,2
baymac/XC403888.ogg,2
baymac/XC550384.ogg,3
baymac/XC142217.ogg,4
baymac/XC318900.ogg,1
baymac/iNat30526.ogg,3
baymac/XC172592.ogg,2
baymac/XC737372.ogg,2
baymac/XC811923.ogg,2
baymac/XC709775.ogg,2
baymac/XC665102.ogg,2
baymac/XC1016167.ogg,2
baymac/XC599213.ogg,2
baymac/XC599212.ogg,2
baymac/XC50376.ogg,3
baymac/XC800343.ogg,2
baymac/XC269598.ogg,2
baymac/XC237612.ogg,2
baymac/XC956628.ogg,2
baymac/XC606606.ogg,2
baymac/XC136186.ogg,1
baymac/XC321367.ogg,2
baymac/XC699662.ogg,2
baymac/iNat744348.ogg,2
baymac/iNat1259006.ogg,1
baymac/iNat1304419.ogg,0
baymac/iNat1304424.ogg,0
baymac/iNat1304425.ogg,0
baymac/XC400211.ogg,4
baymac/iNat836907.ogg,2
baymac/iNat582863.ogg,1
baymac/iNat355469.ogg,4
baymac/iNat1716730.ogg,1
baymac/XC922003.ogg,3
baymac/XC705963.ogg,3
baymac/XC705958.ogg,3
baymac/XC84877.ogg,1
baymac/XC174023.ogg,2
baymac/XC705955.ogg,3
baymac/XC443361.ogg,2
baymac/XC443360.ogg,2
baymac/XC1918.ogg,0
baymac/iNat1540287.ogg,3
baymac/XC860584.ogg,3
baymac/XC154004.ogg,1
baymac/XC154003.ogg,1
baymac/iNat1150798.ogg,2
baymac/XC901269.ogg,2
baymac/XC705950.ogg,3
baymac/XC705946.ogg,3
baymac/XC705943.ogg,3
baymac/XC705941.ogg,3
baymac/XC705938.ogg,3
baymac/XC705935.ogg,3
baymac/XC705951.ogg,3
baymac/XC705933.ogg,3
baymac/XC387389.ogg,3
baymac/XC956583.ogg,1
baymac/XC761932.ogg,4
baymac/XC788973.ogg,2
baymac/XC963497.ogg,3
baymac/XC963496.ogg,3
baymac/XC113.ogg,1
baymac/XC122304.ogg,3
baymac/XC122290.ogg,3
baymac/iNat1155636.ogg,4
baymac/XC155415.ogg,2
baymac/XC963495.ogg,3
baymac/XC453524.ogg,1
baymac/XC123329.ogg,3
baymac/iNat143658.ogg,4
baymac/XC575161.ogg,1
baymac/XC575160.ogg,1
baymac/XC782367.ogg,2
baymac/XC195309.ogg,0
baymac/XC461472.ogg,3
baymac/XC461473.ogg,3
baymac/XC461459.ogg,3
baymac/XC461457.ogg,3
baymac/XC63126.ogg,1
baymac/XC63125.ogg,1
baymac/XC679065.ogg,3
baymac/XC755283.ogg,2
baymac/XC754918.ogg,2
baymac/XC409329.ogg,1
baymac/XC119028.ogg,3
baymac/XC130492.ogg,3
baymac/XC329871.ogg,2
baymac/XC429294.ogg,3
baymac/XC130083.ogg,3
baymac/XC129304.ogg,3
baymac/XC427082.ogg,2
baymac/XC434123.ogg,3
baymac/XC669574.ogg,3
baymac/XC482776.ogg,3
baymac/XC898388.ogg,3
baymac/XC167329.ogg,3
baymac/XC1044552.ogg,2
baymac/XC84876.ogg,1
baymac/iNat1289137.ogg,4
baymac/XC483923.ogg,3
baymac/iNat1685358.ogg,3
baymac/XC296604.ogg,4
baymac/XC436016.ogg,4
baymac/XC377866.ogg,1
baymac/XC743900.ogg,3
baymac/XC761.ogg,1
baymac/XC340268.ogg,3
baymac/XC14797.ogg,3
baymac/XC393347.ogg,0
baymac/XC528966.ogg,0
baymac/XC274942.ogg,0
baymac/XC274941.ogg,0
baymac/XC237994.ogg,3
baymac/XC237993.ogg,3
baymac/XC706382.ogg,4
baymac/XC706545.ogg,4
baymac/XC237992.ogg,3
baymac/XC237995.ogg,3
baymac/XC856896.ogg,0
baymac/XC275733.ogg,1
baymac/XC474805.ogg,4
baymac/XC474795.ogg,4
baymac/XC120548.ogg,1
baymac/XC257633.ogg,4
baymac/XC1028505.ogg,0
baymac/XC835964.ogg,3
baymac/XC939892.ogg,2
baymac/XC148308.ogg,3
baymac/XC148295.ogg,3
baymac/XC941136.ogg,2
baymac/XC939106.ogg,4
baymac/XC810424.ogg,3
baymac/XC526121.ogg,4
baymac/XC74906.ogg,1
baymac/XC1031768.ogg,3
baymac/XC634947.ogg,2
baymac/XC335165.ogg,4
baymac/XC580757.ogg,1
baymac/XC471252.ogg,2
baymac/XC471251.ogg,2
baymac/XC471250.ogg,2
baymac/XC754479.ogg,4
baymac/iNat1671729.ogg,2
baymac/iNat925494.ogg,2
baymac/iNat637617.ogg,2
baymac/iNat814260.ogg,2
baymac/iNat810029.ogg,0
baymac/XC951324.ogg,2
baymac/iNat976078.ogg,4
baymac/iNat1477955.ogg,1
baymac/iNat1334811.ogg,1
baymac/iNat1447007.ogg,2
baymac/iNat1447008.ogg,2
baymac/iNat240687.ogg,1
baymac/iNat864297.ogg,2
baymac/XC196030.ogg,1
bbwduc/iNat163192.ogg,1
bbwduc/iNat1068324.ogg,3
bbwduc/iNat933067.ogg,0
bbwduc/XC264961.ogg,3
bbwduc/iNat649623.ogg,3
bbwduc/XC385649.ogg,2
bbwduc/iNat1141868.ogg,1
bbwduc/iNat1435498.ogg,1
bbwduc/iNat603417.ogg,0
bbwduc/iNat1253340.ogg,3
bbwduc/iNat53431.ogg,4
bbwduc/iNat1208198.ogg,1
bbwduc/iNat859129.ogg,2
bbwduc/XC946071.ogg,4
bbwduc/XC615606.ogg,1
bbwduc/iNat604910.ogg,0
bbwduc/XC694095.ogg,1
bbwduc/XC286683.ogg,4
bbwduc/XC533419.ogg,3
bbwduc/XC492614.ogg,3
bbwduc/iNat640625.ogg,0
bbwduc/iNat839691.ogg,2
bbwduc/XC172910.ogg,1
bbwduc/iNat820988.ogg,2
bbwduc/XC384400.ogg,1
bbwduc/XC451244.ogg,3
bbwduc/iNat1703799.ogg,4
bbwduc/iNat942419.ogg,0
bbwduc/XC235152.ogg,3
bbwduc/iNat973135.ogg,0
bbwduc/iNat1708157.ogg,4
bbwduc/iNat691478.ogg,4
bbwduc/XC405052.ogg,2
bbwduc/iNat338232.ogg,4
bbwduc/XC257272.ogg,4
bbwduc/iNat687202.ogg,0
bbwduc/XC141664.ogg,0
bbwduc/iNat589578.ogg,2
bbwduc/XC257271.ogg,4
bbwduc/iNat331853.ogg,4
bbwduc/iNat1736826.ogg,3
bbwduc/XC257274.ogg,4
bbwduc/XC147709.ogg,3
bbwduc/XC2751.ogg,0
bbwduc/iNat1260449.ogg,4
bbwduc/iNat1318531.ogg,4
bbwduc/XC477314.ogg,0
bbwduc/iNat882875.ogg,0
bbwduc/iNat1732019.ogg,1
bbwduc/XC566733.ogg,4
bbwduc/iNat1091744.ogg,1
bbwduc/XC480387.ogg,0
bbwduc/XC358761.ogg,0
bbwduc/iNat600315.ogg,3
bbwduc/iNat857454.ogg,3
bbwduc/XC391394.ogg,3
bbwduc/iNat1269070.ogg,1
bbwduc/iNat942901.ogg,3
bbwduc/XC579235.ogg,4
bbwduc/iNat152952.ogg,3
bbwduc/XC570411.ogg,3
bbwduc/iNat409122.ogg,0
bbwduc/XC85074.ogg,1
bbwduc/iNat871316.ogg,4
bbwduc/iNat203573.ogg,0
bbwduc/XC186233.ogg,0
bbwduc/iNat857937.ogg,2
bbwduc/iNat589581.ogg,2
bbwduc/iNat1731102.ogg,3
bbwduc/XC615605.ogg,1
bbwduc/iNat1231790.ogg,2
bbwduc/XC396164.ogg,3
bbwduc/XC434954.ogg,0
bbwduc/iNat898231.ogg,1
bbwduc/XC156277.ogg,3
bbwduc/XC622465.ogg,1
bbwduc/iNat1395174.ogg,4
bbwduc/iNat1736828.ogg,3
bbwduc/XC720946.ogg,1
bbwduc/XC332999.ogg,3
bbwduc/iNat868625.ogg,4
bbwduc/XC860700.ogg,1
bbwduc/XC495796.ogg,4
bbwduc/XC709821.ogg,2
bbwduc/iNat24834.ogg,3
bbwduc/XC415840.ogg,2
bbwduc/iNat136373.ogg,3
bbwduc/XC192058.ogg,1
bbwduc/iNat335192.ogg,1
bbwduc/XC540382.ogg,4
bbwduc/iNat220271.ogg,3
bbwduc/iNat450869.ogg,2
bbwduc/iNat796910.ogg,4
bbwduc/iNat1191351.ogg,2
bbwduc/iNat639684.ogg,2
bbwduc/XC340170.ogg,3
bbwduc/iNat803792.ogg,3
bbwduc/iNat1263504.ogg,4
bbwduc/iNat1185409.ogg,0
bbwduc/iNat1213063.ogg,1
bbwduc/iNat805720.ogg,4
bbwduc/iNat249114.ogg,1
bbwduc/iNat925678.ogg,4
bbwduc/iNat1710545.ogg,3
bbwduc/iNat1134316.ogg,0
bbwduc/iNat872632.ogg,3
bbwduc/iNat1358245.ogg,4
bbwduc/XC564970.ogg,3
bbwduc/iNat1061383.ogg,3
bbwduc/iNat398234.ogg,3
bbwduc/XC244905.ogg,2
bbwduc/iNat1279808.ogg,0
bbwduc/iNat691476.ogg,4
bbwduc/iNat1244068.ogg,1
bbwduc/iNat970983.ogg,4
bbwduc/iNat335093.ogg,3
bbwduc/XC946069.ogg,4
bbwduc/iNat1055831.ogg,2
bbwduc/XC238238.ogg,3
bbwduc/iNat1294916.ogg,0
bbwduc/XC490745.ogg,0
bbwduc/iNat594161.ogg,4
bbwduc/XC955223.ogg,4
bbwduc/iNat828625.ogg,1
bbwduc/XC123199.ogg,3
bbwduc/iNat776452.ogg,0
bbwduc/XC819383.ogg,0
bbwduc/XC619234.ogg,2
bbwduc/XC150229.ogg,1
bbwduc/iNat1081140.ogg,0
bbwduc/XC858089.ogg,4
bbwduc/XC264960.ogg,3
bbwduc/XC287872.ogg,4
bbwduc/iNat485822.ogg,0
bbwduc/XC690728.ogg,2
bbwduc/iNat1305254.ogg,2
bbwduc/iNat1234273.ogg,2
bbwduc/iNat358923.ogg,3
bbwduc/XC172912.ogg,1
bbwduc/iNat863080.ogg,2
bbwduc/iNat1691094.ogg,2
bbwduc/XC799777.ogg,3
bbwduc/iNat172060.ogg,3
bbwduc/iNat658626.ogg,0
bbwduc/iNat872097.ogg,2
bbwduc/XC522415.ogg,2
bbwduc/iNat828624.ogg,1
bbwduc/XC131339.ogg,3
bbwduc/XC490743.ogg,0
bbwduc/XC490411.ogg,3
bbwduc/XC430427.ogg,0
bbwduc/iNat581534.ogg,1
bbwduc/iNat1018580.ogg,1
bbwduc/XC538745.ogg,4
bbwduc/iNat214640.ogg,1
bbwduc/iNat33203.ogg,4
bbwduc/XC389419.ogg,3
bbwduc/XC278896.ogg,1
bbwduc/iNat1338852.ogg,0
bbwduc/iNat1068325.ogg,3
bbwduc/iNat512819.ogg,2
bbwduc/XC244928.ogg,2
bbwduc/XC415841.ogg,2
bbwduc/XC919173.ogg,0
bbwduc/XC466884.ogg,2
bbwduc/iNat22188.ogg,3
bbwduc/iNat1235273.ogg,0
bbwduc/XC511711.ogg,3
bbwduc/iNat1702819.ogg,0
bbwduc/iNat1701205.ogg,3
bbwduc/XC118853.ogg,3
bbwduc/XC118581.ogg,3
bbwduc/iNat1236414.ogg,1
bbwduc/XC367073.ogg,2
bbwduc/XC286684.ogg,4
bbwduc/iNat683881.ogg,4
bbwduc/XC287868.ogg,4
bbwduc/iNat1499546.ogg,2
bbwduc/XC569612.ogg,3
bbwduc/iNat1730713.ogg,1
bbwduc/iNat70620.ogg,3
bbwduc/XC2194.ogg,0
bbwduc/XC293326.ogg,3
bbwduc/XC728080.ogg,4
bbwduc/XC618117.ogg,1
bbwduc/XC244942.ogg,2
bbwduc/XC900107.ogg,2
bbwduc/XC824006.ogg,1
bbwduc/iNat1736829.ogg,3
bbwduc/XC624709.ogg,3
bbwduc/XC731175.ogg,3
bbwduc/iNat1065585.ogg,2
bbwduc/iNat1352566.ogg,0
bbwduc/XC706126.ogg,0
bbwduc/iNat862335.ogg,4
bbwduc/iNat1358238.ogg,4
bbwduc/iNat570668.ogg,3
bbwduc/iNat64779.ogg,1
bbwduc/iNat1251626.ogg,1
bbwduc/XC430426.ogg,0
bbwduc/iNat950803.ogg,4
bbwduc/iNat1543298.ogg,4
bbwduc/iNat805724.ogg,4
bbwduc/iNat678862.ogg,1
bbwduc/XC539027.ogg,4
bbwduc/XC490410.ogg,3
bbwduc/XC622463.ogg,1
bbwduc/XC254051.ogg,3
bbwduc/iNat1287675.ogg,0
bbwduc/XC817489.ogg,3
bbwduc/XC540383.ogg,4
bbwduc/XC264965.ogg,3
bbwduc/iNat956671.ogg,2
bbwduc/XC501805.ogg,3
bbwduc/XC156274.ogg,3
bbwduc/iNat218958.ogg,4
bbwduc/XC331710.ogg,3
bbwduc/XC382109.ogg,3
bbwduc/iNat883928.ogg,4
bbwduc/XC257269.ogg,4
bbwduc/iNat595373.ogg,0
bbwduc/XC512950.ogg,3
bbwduc/XC841773.ogg,0
bbwduc/XC221603.ogg,4
bbwduc/iNat1120536.ogg,4
bbwduc/XC316537.ogg,0
bbwduc/iNat1286755.ogg,4
bbwduc/iNat47563.ogg,0
bbwduc/iNat1239490.ogg,0
bbwduc/iNat962442.ogg,3
bbwduc/iNat1419819.ogg,2
bbwduc/iNat1346755.ogg,3
bbwduc/iNat918851.ogg,0
bbwduc/iNat168880.ogg,2
bbwduc/XC172908.ogg,1
bbwduc/XC2210.ogg,0
bbwduc/XC492409.ogg,3
bbwduc/XC579233.ogg,4
bbwduc/iNat1105104.ogg,1
bbwduc/iNat433269.ogg,0
bbwduc/iNat959806.ogg,3
bbwduc/iNat1415860.ogg,3
bbwduc/XC440952.ogg,2
bbwduc/iNat873691.ogg,3
bbwduc/XC118582.ogg,3
bbwduc/XC444146.ogg,2
bbwduc/iNat1719299.ogg,3
bbwduc/XC593792.ogg,4
bbwduc/iNat146222.ogg,3
bbwduc/iNat301193.ogg,1
bbwduc/iNat586469.ogg,2
bbwduc/XC293324.ogg,3
bbwduc/iNat1191391.ogg,2
bbwduc/iNat1277744.ogg,0
bbwduc/XC709823.ogg,2
bbwduc/iNat1296253.ogg,4
bbwduc/XC492410.ogg,3
bbwduc/iNat1050334.ogg,0
bbwduc/XC817488.ogg,3
bbwduc/iNat1683874.ogg,1
bbwduc/XC817487.ogg,3
bbwduc/iNat883873.ogg,4
bbwduc/iNat1580446.ogg,0
bbwduc/iNat1650670.ogg,3
bbwduc/iNat385380.ogg,2
bbwduc/XC386620.ogg,2
bbwduc/XC513475.ogg,0
bbwduc/XC902597.ogg,2
bbwduc/iNat895666.ogg,3
bbwduc/XC1018441.ogg,2
bbwduc/iNat218888.ogg,3
bbwduc/XC820358.ogg,1
bbwduc/XC574046.ogg,3
bbwduc/iNat1523628.ogg,2
bbwduc/iNat1315182.ogg,4
bbwduc/iNat986121.ogg,2
bbwduc/iNat163195.ogg,1
bbwduc/iNat199289.ogg,4
bbwduc/iNat22524.ogg,1
bbwduc/iNat938459.ogg,2
bbwduc/iNat617971.ogg,0
bbwduc/XC384717.ogg,1
bbwduc/iNat1572187.ogg,2
bbwduc/iNat1079497.ogg,1
bbwduc/XC920149.ogg,0
bbwduc/XC368094.ogg,1
bbwduc/iNat418728.ogg,3
bbwduc/iNat898299.ogg,2
bbwduc/iNat969160.ogg,3
bbwduc/iNat1690255.ogg,2
bbwduc/iNat1269062.ogg,1
bbwduc/iNat950357.ogg,4
bbwduc/iNat1686429.ogg,1
bbwduc/iNat1190182.ogg,1
bbwduc/XC369589.ogg,2
bbwduc/XC118580.ogg,3
bbwduc/iNat663823.ogg,4
bbwduc/iNat1342079.ogg,0
bbwduc/iNat1285277.ogg,0
bbwduc/iNat597864.ogg,1
bbwduc/iNat314830.ogg,2
bbwduc/iNat53194.ogg,4
bbwduc/iNat560786.ogg,2
bbwduc/XC780557.ogg,3
bbwduc/iNat1342163.ogg,0
bbwduc/iNat826593.ogg,1
bbwduc/XC806516.ogg,2
bbwduc/XC350020.ogg,3
bbwduc/iNat1059144.ogg,3
bbwduc/XC244929.ogg,2
bbwduc/XC65943.ogg,1
bbwduc/iNat1005836.ogg,4
bbwduc/iNat589575.ogg,2
bbwduc/XC614542.ogg,3
bbwduc/XC844834.ogg,0
bbwduc/XC293950.ogg,1
bbwduc/XC172907.ogg,1
bbwduc/iNat1593878.ogg,4
bbwduc/XC461019.ogg,0
bbwduc/iNat942417.ogg,0
bbwduc/iNat797291.ogg,4
bbwduc/XC495795.ogg,4
bbwduc/XC530419.ogg,2
bbwduc/iNat218628.ogg,4
bbwduc/XC743172.ogg,3
bbwduc/XC143613.ogg,1
bbwduc/XC946070.ogg,4
bbwduc/iNat950353.ogg,1
bbwduc/iNat353206.ogg,0
bbwduc/iNat622243.ogg,0
bbwduc/XC264261.ogg,3
bbwduc/XC615604.ogg,1
bbwduc/XC171431.ogg,4
bbwduc/XC284595.ogg,4
bbwduc/XC514066.ogg,4
bbwduc/XC329619.ogg,4
bbwduc/iNat26288.ogg,2
bbwduc/iNat561738.ogg,2
bbwduc/iNat341482.ogg,4
bbwduc/XC552423.ogg,4
bbwduc/XC761758.ogg,2
bbwduc/XC902594.ogg,2
bbwduc/iNat942420.ogg,0
bbwduc/iNat928939.ogg,0
bbwduc/iNat678426.ogg,1
bbwduc/XC690729.ogg,2
bbwduc/iNat694597.ogg,3
bbwduc/iNat828622.ogg,1
bbwduc/XC900109.ogg,2
bbwduc/XC153418.ogg,1
bbwduc/iNat999438.ogg,2
bbwduc/iNat803788.ogg,3
bbwduc/iNat1736825.ogg,3
bbwduc/XC778346.ogg,1
bbwduc/iNat826182.ogg,2
bbwduc/iNat1333153.ogg,3
bbwduc/XC1046915.ogg,2
bbwduc/iNat589582.ogg,2
bbwduc/iNat1355502.ogg,0
bbwduc/iNat558629.ogg,4
bbwduc/iNat1395169.ogg,4
bbwduc/XC920998.ogg,1
bbwduc/XC974152.ogg,3
bbwduc/iNat627503.ogg,3
bbwduc/iNat594163.ogg,4
bbwduc/XC351408.ogg,1
bbwduc/XC920621.ogg,2
bbwduc/XC186235.ogg,0
bbwduc/iNat114986.ogg,4
bbwduc/iNat341969.ogg,2
bbwduc/XC382108.ogg,3
bbwduc/iNat1160698.ogg,0
bbwduc/XC286820.ogg,4
bbwduc/iNat1237382.ogg,4
bbwduc/iNat868623.ogg,4
bbwduc/iNat1520789.ogg,2
bbwduc/XC237780.ogg,0
bbwduc/XC254938.ogg,1
bbwduc/XC842293.ogg,3
bbwduc/iNat219901.ogg,2
bbwduc/XC579234.ogg,4
bbwduc/XC660098.ogg,3
bbwduc/XC197635.ogg,2
bbwduc/iNat874908.ogg,0
bbwduc/iNat158173.ogg,3
bbwduc/iNat397658.ogg,0
bbwduc/iNat836531.ogg,2
bbwduc/iNat679196.ogg,2
bbwduc/XC257270.ogg,4
bbwduc/iNat611894.ogg,3
bbwduc/XC490744.ogg,0
bbwduc/XC304778.ogg,3
bbwduc/XC709794.ogg,2
bbwduc/iNat343800.ogg,3
bbwduc/iNat24835.ogg,3
bbwduc/iNat54660.ogg,0
bbwduc/XC982939.ogg,3
bbwduc/XC172913.ogg,1
bbwduc/iNat60752.ogg,0
bbwduc/iNat1279649.ogg,0
bbwduc/iNat1405769.ogg,0
bbwduc/iNat609400.ogg,1
bbwduc/iNat1736354.ogg,2
bbwduc/XC706125.ogg,0
bbwduc/iNat1237227.ogg,1
bbwduc/iNat1138815.ogg,0
bbwduc/XC451246.ogg,3
bbwduc/XC332989.ogg,2
bbwduc/iNat536030.ogg,0
bbwduc/iNat505329.ogg,3
bbwduc/iNat757219.ogg,3
bbwduc/iNat1668006.ogg,4
bbwduc/iNat450875.ogg,2
bbwduc/XC260168.ogg,3
bbwduc/XC617209.ogg,2
bbwduc/iNat658625.ogg,0
bbwduc/iNat697857.ogg,0
bbwduc/XC490756.ogg,3
bbwduc/iNat686843.ogg,0
bbwduc/XC527379.ogg,1
bbwduc/iNat176229.ogg,2
bbwduc/XC761500.ogg,2
bbwduc/iNat834528.ogg,3
bbwduc/XC619570.ogg,2
bbwduc/iNat675761.ogg,4
bbwduc/iNat314829.ogg,2
bbwduc/XC528706.ogg,2
bbwduc/XC317158.ogg,0
bbwduc/XC622464.ogg,1
bbwduc/iNat346093.ogg,4
bbwduc/XC351249.ogg,1
bbwduc/iNat380859.ogg,3
bbwduc/iNat599324.ogg,2
bbwduc/iNat462306.ogg,0
bbwduc/iNat993295.ogg,0
bbwduc/XC540384.ogg,4
bbwduc/iNat1705504.ogg,0
bbwduc/iNat1247066.ogg,2
bbwduc/XC772516.ogg,2
bbwduc/iNat410733.ogg,1
bbwduc/iNat1371514.ogg,3
bbwduc/iNat979350.ogg,2
bbwduc/XC615603.ogg,1
bbwduc/iNat601839.ogg,0
bbwduc/XC148228.ogg,3
bbwduc/iNat1736827.ogg,3
bbwduc/iNat935849.ogg,3
bbwduc/iNat1185659.ogg,0
bbwduc/iNat84857.ogg,4
bbwduc/iNat805723.ogg,4
bbwduc/XC541688.ogg,0
bbwduc/iNat47692.ogg,4
bbwduc/iNat1327082.ogg,4
bbwduc/iNat918881.ogg,4
bbwduc/iNat1273530.ogg,2
bbwduc/XC393184.ogg,1
bbwduc/iNat925645.ogg,1
bbwduc/XC761759.ogg,2
bbwduc/iNat561259.ogg,3
bbwduc/iNat1544442.ogg,2
bbwduc/iNat580822.ogg,4
bbwduc/XC491995.ogg,3
bbwduc/XC490269.ogg,1
bbwduc/iNat1253939.ogg,3
bbwduc/iNat353207.ogg,0
bbwduc/iNat930298.ogg,3
bbwduc/XC443448.ogg,2
bbwduc/iNat1659034.ogg,1
bbwduc/XC761778.ogg,2
bbwduc/iNat1284589.ogg,0
bbwduc/iNat1390285.ogg,2
bbwduc/XC451245.ogg,3
bbwduc/XC392013.ogg,3
bbwduc/iNat859103.ogg,4
bbwduc/iNat1342172.ogg,1
bbwduc/XC260169.ogg,3
bbwduc/XC143612.ogg,1
bbwduc/iNat261161.ogg,3
bbwduc/XC490758.ogg,3
bbwduc/iNat385656.ogg,2
bbwduc/iNat1164823.ogg,1
bbwduc/iNat1717130.ogg,3
bbwduc/iNat675952.ogg,0
bbwduc/iNat583168.ogg,2
bbwduc/iNat53333.ogg,4
bbwduc/iNat1191354.ogg,2
bbwduc/XC839039.ogg,1
bbwduc/XC254904.ogg,3
bbwduc/iNat199242.ogg,4
bbwduc/XC974476.ogg,3
bbwduc/iNat1256651.ogg,1
bcwfin2/iNat1651989.ogg,4
bcwfin2/iNat612383.ogg,3
bcwfin2/XC1017391.ogg,2
bcwfin2/XC905379.ogg,2
bcwfin2/XC1046850.ogg,2
bcwfin2/XC996958.ogg,2
bcwfin2/XC640060.ogg,2
bcwfin2/XC574520.ogg,2
bcwfin2/XC569026.ogg,3
bcwfin2/XC339549.ogg,1
bcwfin2/XC552270.ogg,1
bcwfin2/XC663771.ogg,1
bcwfin2/XC830145.ogg,4
bcwfin2/iNat401180.ogg,3
bcwfin2/iNat1258924.ogg,1
bcwfin2/iNat1258925.ogg,1
bcwfin2/iNat1258923.ogg,1
bcwfin2/iNat1150506.ogg,1
bcwfin2/iNat687761.ogg,3
bcwfin2/iNat767206.ogg,3
bcwfin2/iNat246926.ogg,1
bcwfin2/XC375891.ogg,3
bcwfin2/XC825187.ogg,4
bcwfin2/iNat512898.ogg,4
bcwfin2/XC195694.ogg,3
bcwfin2/XC465243.ogg,3
bcwfin2/XC902425.ogg,4
bcwfin2/XC510929.ogg,3
bcwfin2/XC825309.ogg,4
bcwfin2/XC825231.ogg,4
bcwfin2/iNat1025024.ogg,1
bcwfin2/XC770820.ogg,1
bcwfin2/iNat715977.ogg,2
bcwfin2/XC770045.ogg,3
bcwfin2/XC770057.ogg,3
bcwfin2/XC399511.ogg,3
bcwfin2/XC15972.ogg,3
bcwfin2/XC32419.ogg,3
bcwfin2/XC32418.ogg,3
bcwfin2/XC32417.ogg,3
bcwfin2/XC461409.ogg,2
bcwfin2/XC461408.ogg,2
bcwfin2/XC461406.ogg,2
bcwfin2/XC16127.ogg,3
bcwfin2/XC19981.ogg,3
bcwfin2/XC1761.ogg,0
bcwfin2/XC627064.ogg,3
bcwfin2/XC189911.ogg,2
bcwfin2/XC189910.ogg,2
bcwfin2/XC348822.ogg,0
bcwfin2/XC351468.ogg,4
bcwfin2/XC147223.ogg,2
bcwfin2/XC735484.ogg,3
bcwfin2/XC289551.ogg,2
bcwfin2/XC638263.ogg,3
bcwfin2/XC296334.ogg,4
bkcdon/XC796779.ogg,4
bkcdon/iNat366937.ogg,3
bkcdon/iNat610622.ogg,3
bkcdon/iNat949852.ogg,3
bkcdon/XC454569.ogg,3
bkcdon/XC683176.ogg,1
bkcdon/XC113594.ogg,4
bkcdon/iNat1529577.ogg,3
bkcdon/XC653138.ogg,2
bkcdon/XC425968.ogg,2
bkcdon/XC413091.ogg,2
bkcdon/XC347854.ogg,1
bkcdon/XC292360.ogg,1
bkcdon/XC142787.ogg,1
bkcdon/XC165386.ogg,1
bkcdon/iNat1505488.ogg,4
bkcdon/XC384313.ogg,0
bkcdon/XC82220.ogg,1
bkcdon/iNat623494.ogg,0
bkcdon/XC414732.ogg,2
bkcdon/XC490748.ogg,0
bkcdon/XC186248.ogg,0
bkcdon/XC123214.ogg,3
bkcdon/XC147539.ogg,1
bkcdon/XC384927.ogg,3
bkcdon/XC384926.ogg,3
bkcdon/XC384925.ogg,3
bkcdon/XC384923.ogg,3
bkcdon/XC206911.ogg,3
bkcdon/XC131419.ogg,3
bkcdon/XC206756.ogg,3
bkcdon/XC206156.ogg,3
bkcdon/XC287955.ogg,4
bkcdon/XC286533.ogg,4
bkcdon/XC269300.ogg,4
bkcdon/XC575146.ogg,3
bkcdon/XC504826.ogg,0
bkcdon/XC504825.ogg,0
bkcdon/XC175768.ogg,2
bkcdon/XC164890.ogg,2
bkcdon/XC186247.ogg,0
bkcdon/XC186245.ogg,0
bkcdon/XC113874.ogg,4
bkcdon/XC113873.ogg,4
bkcdon/XC113870.ogg,4
bkcdon/XC113869.ogg,4
bkcdon/XC113872.ogg,4
bkcdon/XC113871.ogg,4
bkcdon/XC705455.ogg,0
bkcdon/XC178081.ogg,1
bkcdon/XC173357.ogg,2
bkcdon/XC989773.ogg,3
bkcdon/XC351253.ogg,1
bkcdon/iNat397562.ogg,0
bkcdon/XC516215.ogg,3
bkcdon/XC240966.ogg,4
bkcdon/XC240965.ogg,4
bkcdon/XC240964.ogg,4
bkcdon/XC192741.ogg,1
bkcdon/XC1018571.ogg,1
bkcdon/XC733946.ogg,1
bkcdon/XC733945.ogg,1
bkcdon/XC863918.ogg,2
bkcdon/iNat1637377.ogg,4
bkcdon/iNat1637378.ogg,4
bkcdon/XC211854.ogg,1
bkcdon/XC704581.ogg,2
bkcdon/XC128808.ogg,3
bkcdon/XC511876.ogg,0
bkcdon/XC855930.ogg,3
bkcdon/XC709817.ogg,2
bkcdon/XC415420.ogg,2
bkcdon/XC760917.ogg,2
bkcdon/XC488565.ogg,1
bkcdon/XC803725.ogg,2
bkcdon/XC780519.ogg,2
bkcdon/XC439427.ogg,2
bkcdon/XC602719.ogg,3
bkcdon/XC737043.ogg,2
bkcdon/XC699650.ogg,2
bkcdon/XC514666.ogg,3
bkcdon/XC2764.ogg,0
bkcdon/XC1064091.ogg,3
bkcdon/XC1064090.ogg,3
bkcdon/XC442813.ogg,1
bkcdon/XC443422.ogg,2
bkcdon/XC443421.ogg,2
bkcdon/XC443420.ogg,2
bkcdon/XC443419.ogg,2
bkcdon/XC443418.ogg,2
bkcdon/XC1922.ogg,0
bkcdon/XC793582.ogg,2
bkcdon/XC576670.ogg,3
bkcdon/XC838002.ogg,2
bkcdon/XC837993.ogg,2
bkcdon/XC703631.ogg,3
bkcdon/XC703630.ogg,3
bkcdon/XC703629.ogg,3
bkcdon/XC297401.ogg,3
bkcdon/XC682132.ogg,3
bkcdon/XC682131.ogg,3
bkcdon/XC453519.ogg,1
bkcdon/XC704853.ogg,0
bkcdon/XC129344.ogg,1
bkcdon/XC131506.ogg,1
bkcdon/XC128713.ogg,1
bkcdon/XC63400.ogg,1
bkcdon/XC63399.ogg,1
bkcdon/XC687003.ogg,4
bkcdon/XC687006.ogg,4
bkcdon/XC387341.ogg,0
bkcdon/XC1013641.ogg,4
bkcdon/XC2424.ogg,0
bkcdon/XC346341.ogg,0
bkcdon/XC119030.ogg,3
bkcdon/XC646798.ogg,3
bkcdon/XC211853.ogg,1
bkcdon/XC504770.ogg,3
bkcdon/XC82221.ogg,1
bkcdon/XC1045156.ogg,2
bkcdon/XC301869.ogg,4
bkcdon/iNat1043059.ogg,4
bkcdon/iNat189734.ogg,0
bkcdon/iNat189735.ogg,0
bkcdon/XC427316.ogg,2
bkcdon/XC816948.ogg,2
bkcdon/XC816944.ogg,2
bkcdon/XC150595.ogg,1
bkcdon/XC883501.ogg,2
bkcdon/XC883500.ogg,2
bkcdon/XC119892.ogg,3
bkcdon/XC830853.ogg,2
bkcdon/XC206788.ogg,3
bkcdon/iNat509103.ogg,0
bkcdon/XC188878.ogg,3
bkcdon/XC187525.ogg,1
bkcdon/XC250791.ogg,3
bkcdon/XC377847.ogg,1
bkcdon/XC179536.ogg,3
bkcdon/XC116486.ogg,4
bkcdon/XC242579.ogg,3
bkcdon/XC242578.ogg,3
bkcdon/XC259287.ogg,4
bkcdon/XC259286.ogg,4
bkcdon/XC259285.ogg,4
bkcdon/XC259284.ogg,4
bkcdon/XC259283.ogg,4
bkcdon/XC259282.ogg,4
bkcdon/XC259281.ogg,4
bkcdon/XC242577.ogg,3
bkcdon/XC478219.ogg,4
bkcdon/XC474778.ogg,4
bkcdon/XC742765.ogg,0
bkcdon/XC742763.ogg,0
bkcdon/XC817329.ogg,4
bkcdon/XC120539.ogg,1
bkcdon/XC259280.ogg,4
bkcdon/XC690815.ogg,3
bkcdon/XC683902.ogg,1
bkcdon/XC549923.ogg,1
bkcdon/XC549922.ogg,1
bkcdon/XC456212.ogg,3
bkcdon/XC1031465.ogg,3
bkcdon/XC960303.ogg,0
bkcdon/XC716751.ogg,2
bkcdon/XC115511.ogg,4
bkcdon/iNat1020635.ogg,1
bkcdon/XC583587.ogg,4
bkcdon/iNat1431279.ogg,2
bkcdon/iNat984968.ogg,3
bkcdon/iNat1396398.ogg,4
bkcdon/XC116101.ogg,4
bkcdon/XC449470.ogg,4
bkcdon/XC520720.ogg,2
bkcdon/XC520717.ogg,2
bkcdon/XC810264.ogg,3
bkcdon/XC926247.ogg,2
bkcdon/XC580812.ogg,1
bkcdon/XC148063.ogg,3
bkcdon/XC246902.ogg,4
bkcdon/XC246901.ogg,4
bkcdon/XC246900.ogg,4
bkcdon/XC246899.ogg,4
bkcdon/XC254225.ogg,4
bkcdon/XC254224.ogg,4
bkcdon/XC157408.ogg,1
bkcdon/XC385160.ogg,1
bkcdon/XC384806.ogg,1
bkcdon/XC385161.ogg,1
bkhpar/iNat591249.ogg,3
bkhpar/iNat1294868.ogg,1
bkhpar/iNat116552.ogg,1
bkhpar/iNat943220.ogg,4
bkhpar/iNat1190105.ogg,0
bkhpar/iNat862582.ogg,0
bkhpar/iNat142266.ogg,2
bkhpar/iNat1637590.ogg,4
bkhpar/iNat398855.ogg,2
bkhpar/iNat858661.ogg,2
bkhpar/XC854318.ogg,0
bkhpar/XC195429.ogg,0
bkhpar/XC195428.ogg,0
bkhpar/iNat1556131.ogg,4
bkhpar/iNat582002.ogg,4
bkhpar/iNat1201136.ogg,0
bkhpar/XC57635.ogg,3
bkhpar/iNat793784.ogg,3
bkhpar/iNat330984.ogg,3
bkhpar/iNat1095807.ogg,0
bkhpar/iNat1320330.ogg,3
bkhpar/iNat1659503.ogg,4
bkhpar/iNat1198294.ogg,0
bkhpar/iNat910182.ogg,0
bkhpar/iNat1628844.ogg,4
bkhpar/iNat1505076.ogg,2
bkhpar/iNat1505077.ogg,2
bkhpar/XC1016212.ogg,4
bkhpar/XC894314.ogg,3
bkhpar/XC844013.ogg,3
bkhpar/XC854880.ogg,2
bkhpar/XC707627.ogg,0
bkhpar/XC707626.ogg,0
bkhpar/XC854892.ogg,2
bkhpar/iNat396175.ogg,0
bkhpar/XC556141.ogg,2
bkhpar/XC234867.ogg,1
bkhpar/XC85238.ogg,1
bkhpar/XC85237.ogg,1
bkhpar/XC85236.ogg,1
bkhpar/XC145413.ogg,1
bkhpar/XC738472.ogg,4
bkhpar/XC879280.ogg,3
bkhpar/XC196521.ogg,1
bkhpar/XC234868.ogg,1
bkhpar/XC234870.ogg,1
bkhpar/XC602713.ogg,3
bkhpar/XC602712.ogg,3
bkhpar/XC418511.ogg,2
bkhpar/iNat1683605.ogg,2
bkhpar/iNat1613794.ogg,2
bkhpar/iNat1304308.ogg,2
bkhpar/iNat337560.ogg,3
bkhpar/iNat1264948.ogg,0
bkhpar/iNat1191056.ogg,3
bkhpar/XC785899.ogg,4
bkhpar/XC397708.ogg,3
bkhpar/iNat1262726.ogg,0
bkhpar/iNat111521.ogg,0
bkhpar/iNat1275848.ogg,3
bkhpar/iNat1666093.ogg,0
bkhpar/iNat507336.ogg,1
bkhpar/iNat159193.ogg,0
bkhpar/iNat814209.ogg,2
bkhpar/iNat1672422.ogg,2
bkhpar/iNat1549874.ogg,0
bkhpar/iNat1029272.ogg,2
bkhpar/iNat1376598.ogg,1
bkhpar/iNat1549871.ogg,0
bkhpar/iNat1365808.ogg,1
bkhpar/iNat1303818.ogg,2
bkhpar/iNat870014.ogg,3
bkhpar/iNat97476.ogg,3
bkhpar/iNat1243695.ogg,2
bkhpar/iNat366692.ogg,1
bkhpar/iNat148306.ogg,1
bkhpar/iNat145587.ogg,4
bkhpar/iNat1273960.ogg,1
bkhpar/iNat858202.ogg,4
bkhpar/iNat816207.ogg,2
bkhpar/iNat1624035.ogg,4
bkhpar/iNat1269542.ogg,0
bkhpar/XC1045524.ogg,4
bkhpar/XC1045523.ogg,4
bkhpar/XC1045522.ogg,4
bkhpar/iNat432515.ogg,3
bkhpar/iNat864063.ogg,3
bkhpar/iNat864064.ogg,3
bkhpar/iNat1488609.ogg,3
bkhpar/iNat1596673.ogg,2
bkhpar/iNat426612.ogg,0
bkhpar/iNat1029503.ogg,4
bkhpar/iNat800648.ogg,2
bkhpar/iNat1192776.ogg,1
bkhpar/iNat1605845.ogg,1
bkhpar/iNat501879.ogg,1
bkhpar/iNat891670.ogg,3
bkhpar/iNat1671062.ogg,1
bkhpar/iNat1670272.ogg,1
bkhpar/iNat504202.ogg,0
bkhpar/iNat252985.ogg,2
bkhpar/iNat1636882.ogg,3
bkhpar/iNat894950.ogg,2
bkhpar/iNat141930.ogg,0
bkhpar/iNat553995.ogg,1
bkhpar/iNat291537.ogg,4
bkhpar/iNat1487563.ogg,3
bkhpar/XC195967.ogg,3
bkhpar/iNat723717.ogg,4
blchaw1/XC973161.ogg,2
blchaw1/XC469584.ogg,3
blchaw1/XC570212.ogg,3
blchaw1/XC364395.ogg,3
blchaw1/iNat728231.ogg,4
blchaw1/XC696016.ogg,1
blchaw1/XC655052.ogg,1
blchaw1/XC989786.ogg,3
blchaw1/XC989784.ogg,3
blchaw1/XC513632.ogg,0
blchaw1/XC704161.ogg,0
blchaw1/XC704162.ogg,0
blchaw1/XC663642.ogg,4
blchaw1/XC70096.ogg,1
blchaw1/XC70095.ogg,1
blchaw1/XC260345.ogg,0
blchaw1/XC84953.ogg,1
blchaw1/XC901837.ogg,3
blchaw1/iNat329195.ogg,0
blchaw1/XC384124.ogg,3
blchaw1/XC128560.ogg,3
blchaw1/XC123605.ogg,3
blchaw1/XC657807.ogg,3
blchaw1/XC116247.ogg,2
blchaw1/XC115712.ogg,2
blchaw1/XC602665.ogg,3
blchaw1/XC511772.ogg,0
blchaw1/iNat1638911.ogg,4
blchaw1/XC934324.ogg,2
blchaw1/XC550357.ogg,2
blchaw1/XC414807.ogg,2
blchaw1/XC414804.ogg,2
blchaw1/XC506367.ogg,2
blchaw1/XC655671.ogg,4
blchaw1/XC63196.ogg,1
blchaw1/XC1015629.ogg,4
blchaw1/XC1015627.ogg,4
blchaw1/XC643361.ogg,3
blchaw1/iNat629789.ogg,2
blchaw1/iNat51318.ogg,2
blchaw1/XC296582.ogg,4
blchaw1/XC84954.ogg,1
blchaw1/XC592751.ogg,4
blchaw1/XC592750.ogg,4
blchaw1/XC353395.ogg,4
blchaw1/XC84952.ogg,1
blchaw1/XC119228.ogg,3
blchaw1/XC264371.ogg,4
blchaw1/XC455714.ogg,3
blchaw1/XC450836.ogg,0
blchaw1/XC656902.ogg,4
blchaw1/XC656900.ogg,4
blchaw1/XC407298.ogg,4
blchaw1/XC148061.ogg,3
blchaw1/XC9016.ogg,3
blchaw1/XC176575.ogg,4
blchaw1/XC640704.ogg,3
blchaw1/XC257363.ogg,4
blheag1/XC141220.ogg,1
blheag1/XC190828.ogg,3
blheag1/iNat1110169.ogg,2
blheag1/XC950830.ogg,0
blheag1/XC488910.ogg,0
blheag1/iNat1219483.ogg,1
blheag1/XC129096.ogg,1
blheag1/XC294668.ogg,1
blheag1/iNat1218451.ogg,4
blheag1/iNat1581531.ogg,2
blheag1/XC366355.ogg,2
blheag1/iNat1538446.ogg,2
blheag1/XC5512.ogg,1
blheag1/XC912402.ogg,1
blheag1/XC912401.ogg,1
blheag1/XC435525.ogg,2
blheag1/XC913065.ogg,0
blheag1/iNat631174.ogg,2
blheag1/XC581964.ogg,4
blheag1/iNat1600436.ogg,0
blheag1/XC373733.ogg,1
blheag1/iNat592058.ogg,4
blheag1/iNat587276.ogg,4
blheag1/iNat792191.ogg,4
blheag1/iNat709684.ogg,1
blheag1/iNat524610.ogg,4
blheag1/iNat511757.ogg,4
blheag1/XC182112.ogg,1
blheag1/XC85418.ogg,1
blheag1/XC117114.ogg,1
blheag1/XC1064313.ogg,0
blheag1/XC1058359.ogg,0
blheag1/XC1054553.ogg,0
blheag1/XC1053933.ogg,0
blheag1/XC1054496.ogg,0
blheag1/XC1054497.ogg,0
blheag1/XC1053928.ogg,0
blheag1/XC1053927.ogg,0
blheag1/XC569000.ogg,4
blheag1/iNat773303.ogg,3
blheag1/iNat789491.ogg,3
blheag1/XC981404.ogg,3
blheag1/XC746764.ogg,3
blheag1/iNat532141.ogg,4
blheag1/XC890976.ogg,3
blheag1/XC890975.ogg,3
blheag1/XC237603.ogg,4
blheag1/XC134743.ogg,4
blheag1/XC144331.ogg,1
blheag1/XC118288.ogg,1
blheag1/XC663703.ogg,3
blheag1/XC1015272.ogg,1
blheag1/XC744948.ogg,4
blheag1/XC177194.ogg,1
blheag1/XC212698.ogg,0
blheag1/XC212697.ogg,0
blheag1/iNat397399.ogg,0
blheag1/XC345606.ogg,1
blheag1/XC581165.ogg,1
blheag1/iNat1649476.ogg,4
blheag1/XC117053.ogg,2
blheag1/XC681114.ogg,1
blheag1/XC481821.ogg,1
blheag1/XC144479.ogg,1
blheag1/XC418760.ogg,1
blheag1/XC113754.ogg,4
blheag1/XC154501.ogg,4
blheag1/XC427959.ogg,2
blheag1/XC427958.ogg,2
blheag1/XC491681.ogg,2
blheag1/iNat1181879.ogg,4
blheag1/XC1018652.ogg,1
blheag1/XC599471.ogg,3
blheag1/XC415975.ogg,4
blheag1/XC123136.ogg,3
blheag1/XC123094.ogg,3
blheag1/XC122597.ogg,3
blheag1/XC122333.ogg,3
blheag1/XC296723.ogg,4
blheag1/XC1068932.ogg,1
blheag1/XC554955.ogg,3
blheag1/XC554952.ogg,3
blheag1/XC1069185.ogg,1
blheag1/XC341480.ogg,1
blheag1/XC794840.ogg,3
blheag1/XC289789.ogg,1
blheag1/XC697275.ogg,2
blheag1/XC697370.ogg,2
blheag1/XC583250.ogg,3
blheag1/XC309182.ogg,1
blheag1/XC712271.ogg,4
blheag1/iNat190496.ogg,0
blheag1/XC150599.ogg,1
blheag1/XC119482.ogg,3
blheag1/XC206963.ogg,3
blheag1/XC592246.ogg,3
blheag1/XC616996.ogg,4
blheag1/XC257378.ogg,4
blheag1/iNat857291.ogg,3
blheag1/XC239009.ogg,3
blheag1/XC239011.ogg,3
blheag1/iNat1254442.ogg,1
blheag1/XC649053.ogg,0
blheag1/XC649051.ogg,0
blheag1/iNat145726.ogg,2
blheag1/XC764539.ogg,0
blheag1/XC251555.ogg,3
blheag1/XC264376.ogg,4
blheag1/iNat577217.ogg,3
blheag1/iNat577218.ogg,3
blheag1/XC472249.ogg,4
blheag1/XC85419.ogg,1
blheag1/XC260350.ogg,0
blheag1/XC117174.ogg,4
blheag1/XC239010.ogg,3
blheag1/XC691655.ogg,3
blheag1/XC647189.ogg,1
blheag1/XC642655.ogg,1
blheag1/XC541262.ogg,0
blheag1/XC167050.ogg,4
blheag1/XC403277.ogg,4
blheag1/iNat1724914.ogg,4
blheag1/XC463730.ogg,1
blheag1/iNat447170.ogg,3
blheag1/iNat560625.ogg,4
blheag1/XC9237.ogg,3
blheag1/XC245146.ogg,3
blheag1/XC245145.ogg,3
blheag1/XC585868.ogg,0
blheag1/XC26944.ogg,2
blheag1/XC26942.ogg,2
blheag1/XC26943.ogg,2
blheag1/XC533948.ogg,4
blheag1/iNat1122965.ogg,4
blheag1/XC688666.ogg,2
blheag1/iNat580283.ogg,1
blheag1/iNat1636704.ogg,4
blheag1/iNat1636705.ogg,4
blheag1/iNat1614954.ogg,4
blheag1/iNat358549.ogg,3
blheag1/XC554568.ogg,3
blheag1/XC161873.ogg,0
blheag1/XC481729.ogg,3
blheag1/iNat721738.ogg,3
blheag1/iNat1735179.ogg,0
blheag1/XC615900.ogg,1
blheag1/XC189776.ogg,4
blheag1/XC192619.ogg,0
blheag1/XC327824.ogg,4
blheag1/XC581541.ogg,0
blheag1/XC236592.ogg,0
blheag1/XC297680.ogg,0
blheag1/XC125545.ogg,4
blheag1/XC125543.ogg,4
blheag1/XC132055.ogg,0
blheag1/XC329691.ogg,2
blheag1/XC297893.ogg,2
blheag1/XC213687.ogg,1
blheag1/XC334387.ogg,3
blheag1/iNat1583014.ogg,1
blheag1/iNat347815.ogg,4
blheag1/iNat1675853.ogg,0
blheag1/XC28328.ogg,1
blheag1/iNat1055132.ogg,3
blheag1/iNat953708.ogg,3
blheag1/iNat953709.ogg,3
blheag1/iNat287611.ogg,0
blheag1/iNat286510.ogg,0
blheag1/iNat27170.ogg,3
blttit1/XC200196.ogg,3
blttit1/XC82438.ogg,1
blttit1/XC176873.ogg,1
blttit1/XC551349.ogg,3
blttit1/XC551348.ogg,3
blttit1/XC551346.ogg,3
blttit1/XC174621.ogg,2
blttit1/XC588683.ogg,2
blttit1/XC82439.ogg,1
blttit1/XC340023.ogg,1
blttit1/XC299020.ogg,0
blttit1/XC4316.ogg,1
blttit1/XC349052.ogg,1
blttit1/XC320644.ogg,1
blttit1/XC313516.ogg,1
blttit1/XC689070.ogg,3
blttit1/iNat613518.ogg,0
blttit1/XC957836.ogg,3
blttit1/XC1056515.ogg,3
blttit1/XC286648.ogg,1
blttit1/XC286646.ogg,1
blttit1/XC611259.ogg,1
blttit1/XC989817.ogg,3
blttit1/XC418671.ogg,1
blttit1/XC995705.ogg,3
blttit1/XC293564.ogg,1
blttit1/XC292995.ogg,1
blttit1/XC2232.ogg,0
blttit1/XC711283.ogg,2
blttit1/XC711282.ogg,2
blttit1/XC660978.ogg,2
blttit1/XC758981.ogg,4
blttit1/XC419068.ogg,2
blttit1/XC419471.ogg,0
blttit1/iNat1441937.ogg,1
blttit1/XC761505.ogg,2
blttit1/XC602755.ogg,3
blttit1/XC615918.ogg,2
blttit1/XC613970.ogg,2
blttit1/XC708770.ogg,3
blttit1/XC775166.ogg,4
blttit1/XC583954.ogg,3
blttit1/XC82437.ogg,1
blttit1/XC123447.ogg,3
blttit1/XC754017.ogg,2
blttit1/XC345006.ogg,0
blttit1/XC130076.ogg,3
blttit1/XC130074.ogg,3
blttit1/XC552354.ogg,3
blttit1/XC584922.ogg,3
blttit1/XC428027.ogg,2
blttit1/XC144787.ogg,0
blttit1/XC119153.ogg,3
blttit1/XC395138.ogg,0
blttit1/XC494142.ogg,2
blttit1/XC249016.ogg,3
blttit1/XC259059.ogg,4
blttit1/XC259060.ogg,4
blttit1/XC304868.ogg,0
blttit1/XC592825.ogg,1
blttit1/XC549997.ogg,4
blttit1/XC200261.ogg,1
blttit1/iNat1431319.ogg,2
blttit1/XC420063.ogg,4
blttit1/XC420062.ogg,4
blttit1/XC420061.ogg,4
blttit1/XC420060.ogg,4
blttit1/XC924437.ogg,3
blttit1/XC924435.ogg,3
blttit1/XC924421.ogg,3
blttit1/XC245426.ogg,3
bncfly/iNat649429.ogg,0
bncfly/XC378411.ogg,1
bncfly/XC123527.ogg,3
bncfly/XC939078.ogg,2
bncfly/XC122976.ogg,3
bncfly/XC778491.ogg,1
bncfly/XC461235.ogg,0
bncfly/iNat1247956.ogg,1
bncfly/XC123528.ogg,3
bncfly/XC884421.ogg,2
bncfly/XC404304.ogg,0
bncfly/XC589729.ogg,4
bncfly/XC472529.ogg,3
bncfly/iNat880792.ogg,0
bncfly/XC441514.ogg,3
bncfly/iNat1357109.ogg,3
bncfly/XC506231.ogg,3
bncfly/XC941404.ogg,3
bncfly/XC427613.ogg,2
bncfly/iNat987552.ogg,2
bncfly/XC341481.ogg,2
bncfly/XC415588.ogg,2
bncfly/XC51008.ogg,3
bncfly/XC124614.ogg,3
bncfly/iNat229636.ogg,4
bncfly/XC661555.ogg,2
bncfly/XC264111.ogg,3
bncfly/XC651167.ogg,3
bncfly/XC124615.ogg,3
bncfly/XC441512.ogg,3
bncfly/XC82289.ogg,1
bncfly/XC133470.ogg,1
bncfly/iNat1469237.ogg,0
bncfly/iNat464528.ogg,3
bncfly/XC419236.ogg,0
bncfly/XC691929.ogg,2
bncfly/iNat1572106.ogg,2
bncfly/XC240259.ogg,3
bncfly/iNat202823.ogg,1
bncfly/iNat1001144.ogg,4
bncfly/iNat228934.ogg,4
bncfly/iNat274090.ogg,0
bncfly/XC658422.ogg,1
bncfly/iNat958224.ogg,4
bncfly/XC1000276.ogg,4
bncfly/XC288720.ogg,1
bncfly/iNat855837.ogg,4
bncfly/XC374443.ogg,4
bncfly/XC385423.ogg,3
bncfly/iNat941912.ogg,4
bncfly/XC821566.ogg,2
bncfly/XC150281.ogg,0
bncfly/XC313640.ogg,0
bncfly/XC294966.ogg,2
bncfly/iNat1429568.ogg,0
bncfly/XC557610.ogg,3
bncfly/XC855856.ogg,2
bncfly/iNat1434630.ogg,1
bncfly/iNat1216597.ogg,0
bncfly/iNat1674240.ogg,1
bncfly/XC721478.ogg,3
bncfly/XC380720.ogg,3
bncfly/iNat493377.ogg,1
bncfly/XC720943.ogg,1
bncfly/XC990948.ogg,3
bncfly/XC415273.ogg,3
bncfly/XC743662.ogg,4
bncfly/XC441520.ogg,3
bncfly/XC123533.ogg,3
bncfly/XC441509.ogg,3
bncfly/XC331350.ogg,1
bncfly/XC288823.ogg,3
bncfly/XC337550.ogg,4
bncfly/iNat1034789.ogg,4
bncfly/XC1031654.ogg,3
bncfly/iNat239771.ogg,3
bncfly/XC268667.ogg,3
bncfly/iNat692985.ogg,1
bncfly/iNat1669250.ogg,0
bncfly/XC383462.ogg,0
bncfly/iNat544931.ogg,4
bncfly/XC301359.ogg,0
bncfly/XC441513.ogg,3
bncfly/XC441502.ogg,3
bncfly/XC974313.ogg,2
bncfly/iNat418144.ogg,2
bncfly/XC898451.ogg,2
bncfly/XC56969.ogg,3
bncfly/XC233111.ogg,1
bncfly/iNat1422961.ogg,1
bncfly/XC185194.ogg,0
bncfly/iNat1433870.ogg,1
bncfly/XC48295.ogg,4
bncfly/XC493219.ogg,2
bncfly/XC124621.ogg,3
bncfly/XC797604.ogg,1
bncfly/XC962066.ogg,2
bncfly/XC613656.ogg,3
bncfly/iNat1459734.ogg,1
bncfly/XC329549.ogg,2
bncfly/XC543056.ogg,1
bncfly/iNat1622781.ogg,4
bncfly/iNat1556086.ogg,2
bncfly/XC583847.ogg,3
bncfly/XC125839.ogg,4
bncfly/XC263393.ogg,4
bncfly/XC244977.ogg,2
bncfly/XC459340.ogg,2
bncfly/XC312920.ogg,3
bncfly/iNat1112012.ogg,2
bncfly/XC301362.ogg,0
bncfly/XC123423.ogg,3
bncfly/XC990776.ogg,3
bncfly/iNat1239095.ogg,2
bncfly/iNat544930.ogg,4
bncfly/XC971810.ogg,2
bncfly/iNat1649678.ogg,1
bncfly/XC344853.ogg,1
bncfly/XC920160.ogg,0
bncfly/iNat770102.ogg,0
bncfly/XC1006622.ogg,2
bncfly/iNat759752.ogg,1
bncfly/iNat1185412.ogg,0
bncfly/XC1039813.ogg,2
bncfly/iNat417125.ogg,3
bncfly/XC533285.ogg,4
bncfly/iNat1317745.ogg,3
bncfly/iNat1015257.ogg,4
bncfly/XC626287.ogg,2
bncfly/XC438057.ogg,2
bncfly/XC123053.ogg,3
bncfly/XC827057.ogg,0
bncfly/XC268662.ogg,3
bncfly/XC441500.ogg,3
bncfly/iNat32588.ogg,4
bncfly/XC441519.ogg,3
bncfly/XC349738.ogg,1
bncfly/XC941629.ogg,3
bncfly/XC441517.ogg,3
bncfly/XC796831.ogg,1
bncfly/XC622446.ogg,3
bncfly/XC824557.ogg,1
bncfly/iNat776789.ogg,4
bncfly/XC123154.ogg,3
bncfly/XC1000940.ogg,3
bncfly/iNat659942.ogg,4
bncfly/iNat1406256.ogg,1
bncfly/XC622449.ogg,3
bncfly/XC441612.ogg,3
bncfly/XC497676.ogg,3
bncfly/XC78178.ogg,0
bncfly/XC956268.ogg,4
bncfly/iNat1117211.ogg,2
bncfly/XC268563.ogg,1
bncfly/XC288940.ogg,0
bncfly/iNat23201.ogg,3
bncfly/iNat1097351.ogg,4
bncfly/iNat404692.ogg,0
bncfly/XC786311.ogg,2
bncfly/XC941401.ogg,3
bncfly/XC345736.ogg,0
bncfly/XC699657.ogg,2
bncfly/XC317719.ogg,1
bncfly/iNat1350446.ogg,3
bncfly/XC974308.ogg,2
bncfly/XC469645.ogg,3
bncfly/XC543057.ogg,1
bncfly/XC583846.ogg,3
bncfly/iNat1319185.ogg,0
bncfly/XC288917.ogg,0
bncfly/iNat158645.ogg,0
bncfly/XC78177.ogg,0
bncfly/XC1017652.ogg,3
bncfly/XC170240.ogg,1
bncfly/iNat1112006.ogg,2
bncfly/iNat212115.ogg,0
bncfly/iNat1238282.ogg,2
bncfly/iNat534252.ogg,2
bncfly/XC895835.ogg,3
bncfly/XC113984.ogg,0
bncfly/XC859253.ogg,3
bncfly/iNat1619109.ogg,1
bncfly/XC703999.ogg,3
bncfly/XC511139.ogg,3
bncfly/XC173350.ogg,2
bncfly/XC687823.ogg,3
bncfly/XC427608.ogg,2
bncfly/XC1028929.ogg,3
bncfly/XC387807.ogg,0
bncfly/XC123061.ogg,3
bncfly/XC971816.ogg,2
bncfly/XC503058.ogg,3
bncfly/iNat1389288.ogg,0
bncfly/XC32317.ogg,3
bncfly/XC660913.ogg,0
bncfly/XC725507.ogg,3
bncfly/iNat1699210.ogg,1
bncfly/XC920159.ogg,0
bncfly/XC669266.ogg,4
bncfly/XC123417.ogg,3
bncfly/iNat82487.ogg,1
bncfly/XC288942.ogg,0
bncfly/iNat740078.ogg,0
bncfly/XC971832.ogg,2
bncfly/iNat880697.ogg,0
bncfly/XC1017650.ogg,3
bncfly/iNat51537.ogg,4
bncfly/XC197676.ogg,2
bncfly/XC932938.ogg,4
bncfly/iNat1543296.ogg,2
bncfly/iNat234526.ogg,4
bncfly/XC82299.ogg,1
bncfly/XC378047.ogg,3
bncfly/XC964451.ogg,4
bncfly/XC651154.ogg,3
bncfly/XC441506.ogg,3
bncfly/XC796757.ogg,3
bncfly/iNat1189257.ogg,2
bncfly/XC795098.ogg,4
bncfly/iNat408080.ogg,2
bncfly/XC754116.ogg,2
bncfly/XC472532.ogg,3
bncfly/XC471118.ogg,3
bncfly/XC703998.ogg,3
bncfly/XC335639.ogg,3
bncfly/iNat509503.ogg,2
bncfly/XC500057.ogg,2
bncfly/XC125837.ogg,4
bncfly/XC816996.ogg,2
bncfly/XC859246.ogg,3
bncfly/XC123418.ogg,3
bncfly/XC123496.ogg,3
bncfly/XC721573.ogg,4
bncfly/iNat524007.ogg,1
bncfly/XC503050.ogg,3
bncfly/iNat208087.ogg,4
bncfly/iNat1389719.ogg,2
bncfly/XC503053.ogg,3
bncfly/XC378410.ogg,1
bncfly/XC284193.ogg,1
bncfly/XC374022.ogg,0
bncfly/iNat689874.ogg,1
bncfly/iNat1526074.ogg,1
bncfly/iNat216750.ogg,1
bncfly/iNat778978.ogg,1
bncfly/iNat1553551.ogg,0
bncfly/iNat335329.ogg,1
bncfly/iNat804170.ogg,0
bncfly/XC415587.ogg,2
bncfly/XC280207.ogg,2
bncfly/iNat1239089.ogg,2
bncfly/XC136123.ogg,0
bncfly/XC493179.ogg,2
bncfly/XC123153.ogg,3
bncfly/iNat1185410.ogg,0
bncfly/iNat1503614.ogg,3
bncfly/iNat1390137.ogg,3
bncfly/XC778493.ogg,1
bncfly/XC404568.ogg,3
bncfly/iNat389703.ogg,0
bncfly/iNat1197318.ogg,1
bncfly/XC696982.ogg,2
bncfly/XC373237.ogg,3
bncfly/iNat772649.ogg,4
bncfly/XC288817.ogg,3
bncfly/XC441510.ogg,3
bncfly/XC430796.ogg,0
bncfly/XC900209.ogg,2
bncfly/iNat1319205.ogg,0
bncfly/XC56971.ogg,3
bncfly/iNat1027478.ogg,4
bncfly/XC252693.ogg,0
bncfly/XC859255.ogg,3
bncfly/XC195662.ogg,2
bncfly/XC122988.ogg,3
bncfly/XC591269.ogg,2
bncfly/XC123308.ogg,3
bncfly/iNat336487.ogg,4
bncfly/XC114060.ogg,2
bncfly/iNat234528.ogg,4
bncfly/XC244934.ogg,2
bncfly/iNat369200.ogg,1
bncfly/XC687809.ogg,3
bncfly/XC734210.ogg,0
bncfly/iNat325652.ogg,2
bncfly/iNat1394198.ogg,4
bncfly/iNat483779.ogg,2
bncfly/XC264736.ogg,4
bncfly/iNat938153.ogg,4
bncfly/XC123419.ogg,3
bncfly/XC125838.ogg,4
bncfly/XC703997.ogg,3
bncfly/XC895830.ogg,3
bncfly/XC503054.ogg,3
bncfly/XC573251.ogg,3
bncfly/iNat1663958.ogg,0
bncfly/XC170374.ogg,1
bncfly/XC453998.ogg,3
bncfly/XC472279.ogg,3
bncfly/XC503056.ogg,3
bncfly/iNat1145626.ogg,2
bncfly/XC503051.ogg,3
bncfly/XC687790.ogg,3
bncfly/XC51009.ogg,3
bncfly/iNat998119.ogg,2
bncfly/iNat1528447.ogg,3
bncfly/iNat1200823.ogg,1
bncfly/iNat654000.ogg,3
bncfly/iNat51344.ogg,2
bncfly/XC768596.ogg,3
bncfly/XC441505.ogg,3
bncfly/XC123139.ogg,3
bncfly/iNat25684.ogg,2
bncfly/XC244837.ogg,2
bncfly/XC503466.ogg,3
bncfly/iNat223369.ogg,2
bncfly/XC293819.ogg,2
bncfly/XC51007.ogg,3
bncfly/XC1036741.ogg,2
bncfly/XC211404.ogg,0
bncfly/XC539674.ogg,3
bncfly/XC166232.ogg,4
bncfly/XC284195.ogg,1
bncfly/XC211407.ogg,0
bncfly/XC654235.ogg,3
bncfly/iNat1595880.ogg,2
bncfly/XC817000.ogg,2
bncfly/XC415390.ogg,0
bncfly/iNat594315.ogg,4
bncfly/XC778441.ogg,3
bncfly/XC123561.ogg,3
bncfly/XC1030256.ogg,3
bncfly/iNat938151.ogg,4
bncfly/XC754114.ogg,2
bncfly/iNat973313.ogg,2
bncfly/XC206952.ogg,1
bncfly/XC135427.ogg,3
bncfly/XC762461.ogg,3
bncfly/iNat1265531.ogg,4
bncfly/XC859257.ogg,3
bncfly/iNat364340.ogg,0
bncfly/XC725254.ogg,3
bncfly/XC244892.ogg,2
bncfly/iNat1328936.ogg,2
bncfly/iNat1576496.ogg,3
bncfly/XC626288.ogg,2
bncfly/iNat476572.ogg,0
bncfly/iNat1282964.ogg,4
bncfly/iNat1466936.ogg,0
bncfly/iNat746068.ogg,4
bncfly/XC800331.ogg,2
bncfly/iNat770217.ogg,2
bncfly/iNat1543669.ogg,3
bncfly/XC313886.ogg,3
bncfly/XC257116.ogg,2
bncfly/iNat759148.ogg,4
bncfly/XC368501.ogg,0
bncfly/XC285324.ogg,1
bncfly/iNat1389284.ogg,0
bncfly/XC444447.ogg,3
bncfly/XC285333.ogg,1
bncfly/XC568551.ogg,1
bncfly/XC1006651.ogg,2
bncfly/XC384630.ogg,4
bncfly/XC798082.ogg,1
bncfly/iNat1076349.ogg,4
bncfly/XC371806.ogg,3
bncfly/XC301361.ogg,0
bncfly/XC704329.ogg,2
bncfly/XC123292.ogg,3
bncfly/XC484766.ogg,3
bncfly/iNat1457501.ogg,1
bncfly/XC328130.ogg,4
bncfly/XC123416.ogg,3
bncfly/XC796830.ogg,1
bncfly/XC415586.ogg,2
bncfly/XC311976.ogg,2
bncfly/XC123142.ogg,3
bncfly/XC981530.ogg,4
bncfly/iNat395747.ogg,0
bncfly/XC586389.ogg,0
bncfly/XC123421.ogg,3
bncfly/iNat1544971.ogg,2
bncfly/XC427609.ogg,2
bncfly/iNat1554596.ogg,1
bncfly/XC503059.ogg,3
bncfly/XC717532.ogg,2
bncfly/XC1011573.ogg,3
bncfly/iNat795132.ogg,4
bncfly/XC577369.ogg,2
bncfly/XC728847.ogg,3
bncfly/iNat1025701.ogg,4
bncfly/iNat1354928.ogg,0
bncfly/iNat431293.ogg,4
bncfly/XC965581.ogg,2
bncfly/XC317096.ogg,0
bncfly/XC737468.ogg,2
bncfly/XC377334.ogg,0
bncfly/XC154098.ogg,1
bncfly/XC441508.ogg,3
bncfly/XC268666.ogg,3
bncfly/XC737477.ogg,2
bncfly/iNat1523528.ogg,2
bncfly/iNat364889.ogg,0
bncfly/XC881666.ogg,3
bncfly/XC319088.ogg,4
bncfly/XC384632.ogg,4
bncfly/XC441613.ogg,3
bncfly/XC156976.ogg,4
bncfly/XC264733.ogg,4
bncfly/iNat1185414.ogg,0
bncfly/XC503052.ogg,3
bncfly/iNat1436025.ogg,1
bncfly/XC768598.ogg,3
bncfly/iNat1399772.ogg,4
bncfly/XC123526.ogg,3
bncfly/XC441518.ogg,3
bncfly/XC147687.ogg,2
bncfly/XC441521.ogg,3
bncfly/XC806096.ogg,3
bncfly/XC289042.ogg,2
bncfly/XC244838.ogg,2
bncfly/iNat119504.ogg,0
bncfly/XC741760.ogg,1
bncfly/XC1039814.ogg,2
bncfly/XC419589.ogg,0
bncfly/iNat1239096.ogg,2
bncfly/iNat1362935.ogg,2
bncfly/XC123290.ogg,3
bncfly/iNat1539440.ogg,4
bncfly/iNat771780.ogg,2
bncfly/XC785681.ogg,2
bncfly/XC453254.ogg,3
bncfly/iNat1268274.ogg,1
bncfly/XC383464.ogg,0
bncfly/XC319087.ogg,4
bncfly/iNat355908.ogg,3
bncfly/iNat295445.ogg,0
bncfly/iNat441476.ogg,2
bncfly/iNat638905.ogg,4
bncfly/XC599243.ogg,2
bncfly/XC895836.ogg,3
bncfly/iNat238174.ogg,3
bncfly/XC781693.ogg,1
bncfly/XC702843.ogg,0
bncfly/iNat394623.ogg,2
bncfly/XC809649.ogg,3
bncfly/XC573076.ogg,2
bncfly/XC329234.ogg,0
bncfly/XC443817.ogg,1
bncfly/XC774173.ogg,1
bncfly/iNat1023160.ogg,0
bncfly/iNat1289854.ogg,4
bncfly/XC1035683.ogg,3
bncfly/XC706970.ogg,2
bncfly/XC441516.ogg,3
bncfly/XC675812.ogg,4
bncfly/XC427610.ogg,2
bncfly/iNat448590.ogg,4
bncfly/XC384639.ogg,4
bncfly/XC318495.ogg,1
bncfly/XC941407.ogg,3
bncfly/XC454931.ogg,2
bncfly/XC800319.ogg,2
bncfly/XC123518.ogg,3
bncfly/iNat566593.ogg,4
bncfly/XC285327.ogg,1
bncfly/iNat1267592.ogg,2
bncfly/iNat868490.ogg,1
bncfly/XC778496.ogg,1
bncfly/iNat200037.ogg,1
bncfly/XC987945.ogg,3
bncfly/XC921851.ogg,2
bncfly/XC191947.ogg,3
bncfly/iNat649899.ogg,3
bncfly/iNat550258.ogg,4
bncfly/iNat24036.ogg,3
bncfly/iNat1512301.ogg,0
bncfly/XC500059.ogg,2
bncfly/XC768588.ogg,3
bncfly/iNat1553552.ogg,0
bncfly/XC737019.ogg,2
bncfly/iNat649613.ogg,2
bncfly/XC295349.ogg,0
bncfly/XC418818.ogg,1
bncfly/XC754751.ogg,2
bncfly/XC996120.ogg,3
bncfly/iNat566594.ogg,4
bncfly/XC78176.ogg,0
bncfly/XC233650.ogg,3
bncfly/XC427612.ogg,2
bncfly/iNat1319207.ogg,0
bobfly1/XC925738.ogg,3
bobfly1/XC249589.ogg,3
bobfly1/XC797570.ogg,1
bobfly1/XC148193.ogg,3
bobfly1/XC844761.ogg,3
bobfly1/iNat1567810.ogg,0
bobfly1/XC258985.ogg,4
bobfly1/XC708038.ogg,2
bobfly1/XC360486.ogg,1
bobfly1/iNat1653376.ogg,4
bobfly1/iNat277243.ogg,3
bobfly1/iNat1550368.ogg,4
bobfly1/XC119093.ogg,3
bobfly1/XC378403.ogg,1
bobfly1/iNat142526.ogg,1
bobfly1/XC82263.ogg,1
bobfly1/XC460006.ogg,2
bobfly1/iNat1225326.ogg,2
bobfly1/XC859228.ogg,2
bobfly1/XC258991.ogg,4
bobfly1/XC578500.ogg,3
bobfly1/iNat258356.ogg,4
bobfly1/iNat570649.ogg,2
bobfly1/XC857531.ogg,2
bobfly1/iNat380078.ogg,1
bobfly1/iNat761496.ogg,3
bobfly1/iNat1217930.ogg,2
bobfly1/iNat1073587.ogg,1
bobfly1/iNat100989.ogg,0
bobfly1/iNat1052018.ogg,4
bobfly1/iNat1302436.ogg,0
bobfly1/iNat53190.ogg,4
bobfly1/iNat1698630.ogg,0
bobfly1/XC377637.ogg,1
bobfly1/XC258990.ogg,4
bobfly1/XC737491.ogg,2
bobfly1/iNat193974.ogg,1
bobfly1/iNat1684341.ogg,1
bobfly1/XC469159.ogg,3
bobfly1/XC545844.ogg,3
bobfly1/XC2193.ogg,0
bobfly1/XC610840.ogg,2
bobfly1/XC235872.ogg,3
bobfly1/iNat1731537.ogg,1
bobfly1/XC186434.ogg,1
bobfly1/XC286450.ogg,4
bobfly1/iNat1005142.ogg,4
bobfly1/XC307623.ogg,0
bobfly1/iNat1671495.ogg,4
bobfly1/iNat551643.ogg,1
bobfly1/iNat526026.ogg,4
bobfly1/iNat607633.ogg,1
bobfly1/XC766337.ogg,4
bobfly1/XC378402.ogg,1
bobfly1/iNat1041659.ogg,3
bobfly1/XC746763.ogg,3
bobfly1/XC46785.ogg,4
bobfly1/XC454424.ogg,4
bobfly1/iNat181565.ogg,2
bobfly1/XC331731.ogg,3
bobfly1/iNat1100711.ogg,1
bobfly1/XC581963.ogg,2
bobfly1/iNat640907.ogg,4
bobfly1/XC309752.ogg,1
bobfly1/XC254191.ogg,4
bobfly1/iNat1191263.ogg,2
bobfly1/iNat1691483.ogg,3
bobfly1/iNat40822.ogg,3
bobfly1/XC777360.ogg,1
bobfly1/XC400313.ogg,4
bobfly1/XC423177.ogg,3
bobfly1/iNat430878.ogg,0
bobfly1/XC244835.ogg,2
bobfly1/XC956283.ogg,4
bobfly1/XC325777.ogg,0
bobfly1/iNat536812.ogg,1
bobfly1/XC583946.ogg,3
bobfly1/XC249650.ogg,3
bobfly1/XC82261.ogg,1
bobfly1/iNat1703116.ogg,4
bobfly1/iNat592339.ogg,0
bobfly1/XC529087.ogg,4
bobfly1/XC664324.ogg,2
bobfly1/XC664262.ogg,1
bobfly1/iNat541171.ogg,0
bobfly1/iNat270665.ogg,1
bobfly1/XC993160.ogg,3
bobfly1/XC249649.ogg,3
bobfly1/XC1044388.ogg,1
bobfly1/iNat1157662.ogg,0
bobfly1/XC169329.ogg,4
bobfly1/XC56166.ogg,1
bobfly1/XC448163.ogg,2
bobfly1/XC427567.ogg,2
bobfly1/XC170439.ogg,4
bobfly1/XC175772.ogg,2
bobfly1/iNat884598.ogg,2
bobfly1/iNat1703115.ogg,4
bobfly1/XC394273.ogg,1
bobfly1/XC523950.ogg,3
bobfly1/iNat1670609.ogg,2
bobfly1/iNat1083287.ogg,3
bobfly1/iNat524985.ogg,2
bobfly1/iNat592336.ogg,0
bobfly1/iNat72883.ogg,4
bobfly1/XC304355.ogg,4
bobfly1/XC964069.ogg,2
bobfly1/iNat1151873.ogg,1
bobfly1/XC664323.ogg,2
bobfly1/iNat570159.ogg,0
bobfly1/XC388142.ogg,3
bobfly1/iNat817358.ogg,0
bobfly1/iNat128875.ogg,4
bobfly1/XC406516.ogg,1
bobfly1/iNat899935.ogg,2
bobfly1/XC566735.ogg,4
bobfly1/XC210083.ogg,1
bobfly1/iNat397684.ogg,0
bobfly1/iNat1628683.ogg,2
bobfly1/XC236385.ogg,4
bobfly1/XC383347.ogg,1
bobfly1/XC743969.ogg,2
bobfly1/XC653185.ogg,4
bobfly1/XC172894.ogg,1
bobfly1/iNat417070.ogg,4
bobfly1/iNat81155.ogg,4
bobfly1/iNat336662.ogg,1
bobfly1/iNat1217968.ogg,2
bobfly1/iNat1505520.ogg,4
bobfly1/XC173969.ogg,1
bobfly1/XC192192.ogg,4
bobfly1/XC521565.ogg,3
bobfly1/iNat158711.ogg,0
bobfly1/XC282941.ogg,0
bobfly1/iNat571116.ogg,2
bobfly1/XC219367.ogg,4
bobfly1/iNat389346.ogg,1
bobfly1/XC46716.ogg,3
bobfly1/XC937629.ogg,1
bobfly1/XC497669.ogg,3
bobfly1/XC542756.ogg,4
bobfly1/iNat399406.ogg,3
bobfly1/XC477070.ogg,4
bobfly1/XC769448.ogg,2
bobfly1/XC551113.ogg,3
bobfly1/XC235874.ogg,3
bobfly1/XC283753.ogg,4
bobfly1/iNat531490.ogg,4
bobfly1/XC347869.ogg,0
bobfly1/XC265381.ogg,3
bobfly1/iNat1271755.ogg,1
bobfly1/XC800346.ogg,2
bobfly1/XC998283.ogg,1
bobfly1/XC115300.ogg,4
bobfly1/XC195412.ogg,0
bobfly1/iNat200427.ogg,4
bobfly1/iNat1328088.ogg,1
bobfly1/XC327592.ogg,4
bobfly1/XC147931.ogg,4
bobfly1/XC553029.ogg,4
bobfly1/iNat818644.ogg,3
bobfly1/XC956763.ogg,4
bobfly1/iNat587240.ogg,4
bobfly1/iNat352881.ogg,4
bobfly1/iNat864102.ogg,0
bobfly1/iNat336665.ogg,1
bobfly1/iNat817317.ogg,1
bobfly1/iNat1200017.ogg,3
bobfly1/XC552692.ogg,4
bobfly1/XC28878.ogg,1
bobfly1/XC165473.ogg,2
bobfly1/iNat1233345.ogg,2
bobfly1/XC742771.ogg,0
bobfly1/XC297888.ogg,1
bobfly1/XC258986.ogg,4
bobfly1/iNat925737.ogg,1
bobfly1/XC769626.ogg,2
bobfly1/iNat1156717.ogg,1
bobfly1/iNat531571.ogg,0
bobfly1/iNat532509.ogg,1
bobfly1/XC618012.ogg,3
bobfly1/XC249718.ogg,3
bobfly1/XC421389.ogg,0
bobfly1/XC646005.ogg,2
bobfly1/XC817231.ogg,2
bobfly1/XC394268.ogg,1
bobfly1/iNat1443344.ogg,4
bobfly1/XC31454.ogg,1
bobfly1/iNat607632.ogg,1
bobfly1/XC706821.ogg,2
bobfly1/XC690557.ogg,0
bobfly1/XC332270.ogg,3
bobfly1/XC284597.ogg,0
bobfly1/XC438541.ogg,4
bobfly1/XC211151.ogg,0
bobfly1/XC445705.ogg,4
bobfly1/XC523949.ogg,3
bobfly1/XC305840.ogg,2
bobfly1/XC278373.ogg,4
bobfly1/XC34535.ogg,3
bobfly1/iNat390231.ogg,0
bobfly1/XC115301.ogg,4
bobfly1/XC1031644.ogg,3
bobfly1/iNat56236.ogg,4
bobfly1/iNat730244.ogg,2
bobfly1/iNat75923.ogg,4
bobfly1/XC460189.ogg,4
bobfly1/iNat551544.ogg,2
bobfly1/iNat848676.ogg,1
bobfly1/iNat1343977.ogg,4
bobfly1/XC29655.ogg,1
bobfly1/iNat1204482.ogg,2
bobfly1/XC214584.ogg,0
bobfly1/XC844642.ogg,2
bobfly1/iNat1225327.ogg,2
bobfly1/XC228605.ogg,0
bobfly1/iNat1232322.ogg,2
bobfly1/XC82260.ogg,1
bobfly1/iNat1222917.ogg,2
bobfly1/XC575986.ogg,3
bobfly1/XC1035146.ogg,3
bobfly1/XC531226.ogg,1
bobfly1/XC327717.ogg,2
bobfly1/XC525048.ogg,2
bobfly1/XC56162.ogg,1
bobfly1/XC306518.ogg,2
bobfly1/iNat858341.ogg,0
bobfly1/XC82266.ogg,1
bobfly1/iNat1130890.ogg,4
bobfly1/XC8859.ogg,3
bobfly1/XC560206.ogg,4
bobfly1/XC926633.ogg,3
bobfly1/iNat1290703.ogg,4
bobfly1/XC575450.ogg,2
bobfly1/XC666481.ogg,1
bobfly1/XC551114.ogg,3
bobfly1/XC82264.ogg,1
bobfly1/iNat1268047.ogg,2
bobfly1/iNat64580.ogg,1
bobfly1/XC444197.ogg,3
bobfly1/XC833075.ogg,2
bobfly1/XC703994.ogg,3
bobfly1/XC349992.ogg,1
bobfly1/XC366208.ogg,3
bobfly1/iNat995788.ogg,1
bobfly1/iNat37833.ogg,4
bobfly1/XC258982.ogg,4
bobfly1/XC497675.ogg,3
bobfly1/XC276165.ogg,1
bobfly1/XC303715.ogg,1
bobfly1/iNat825887.ogg,4
bobfly1/XC415867.ogg,2
bobfly1/XC841763.ogg,3
bobfly1/XC126345.ogg,4
bobfly1/XC56165.ogg,1
bobfly1/iNat452669.ogg,1
bobfly1/XC720691.ogg,3
bobfly1/XC71427.ogg,1
bobfly1/XC275461.ogg,0
bobfly1/XC478221.ogg,4
bobfly1/iNat173522.ogg,4
bobfly1/iNat806099.ogg,0
bobfly1/iNat69745.ogg,1
bobfly1/XC356904.ogg,2
bobfly1/XC298038.ogg,1
bobfly1/XC308813.ogg,4
bobfly1/XC779553.ogg,2
bobfly1/iNat1100710.ogg,1
bobfly1/XC391881.ogg,1
bobfly1/iNat258355.ogg,4
bobfly1/iNat277445.ogg,1
bobfly1/iNat992411.ogg,4
bobfly1/iNat1666185.ogg,4
bobfly1/XC789523.ogg,2
bobfly1/iNat156639.ogg,4
bobfly1/XC427566.ogg,2
bobfly1/XC792852.ogg,2
bobfly1/XC82265.ogg,1
bobfly1/XC687778.ogg,3
bobfly1/XC128435.ogg,3
bobfly1/XC210084.ogg,1
bobfly1/iNat1204476.ogg,2
bobfly1/XC737492.ogg,2
bobfly1/XC208133.ogg,4
bobfly1/XC533968.ogg,4
bobfly1/XC956995.ogg,2
bobfly1/iNat1196845.ogg,1
bobfly1/iNat55347.ogg,3
bobfly1/iNat86601.ogg,1
bobfly1/iNat1549178.ogg,4
bobfly1/XC1053923.ogg,4
bobfly1/iNat569413.ogg,0
bobfly1/XC339949.ogg,4
bobfly1/XC247450.ogg,2
bobfly1/XC351267.ogg,1
bobfly1/XC262241.ogg,1
bobfly1/iNat1302076.ogg,2
bobfly1/XC334066.ogg,2
bobfly1/iNat1432822.ogg,1
bobfly1/iNat616753.ogg,1
bobfly1/XC694413.ogg,0
bobfly1/iNat563130.ogg,4
bobfly1/XC777363.ogg,1
bobfly1/iNat55346.ogg,3
bobfly1/XC388081.ogg,3
bobfly1/XC412072.ogg,0
bobfly1/iNat1268958.ogg,3
bobfly1/iNat167899.ogg,1
bobfly1/XC934132.ogg,3
bobfly1/XC450807.ogg,4
bobfly1/iNat1321519.ogg,3
bobfly1/XC353311.ogg,4
bobfly1/iNat933590.ogg,1
bobfly1/XC335636.ogg,3
bobfly1/iNat858158.ogg,4
bobfly1/iNat864381.ogg,0
bobfly1/XC50999.ogg,3
bobfly1/iNat1309916.ogg,2
bobfly1/XC476144.ogg,4
bobfly1/XC46788.ogg,4
bobfly1/XC295771.ogg,0
bobfly1/iNat306138.ogg,4
bobfly1/iNat201565.ogg,1
bobfly1/XC335637.ogg,3
bobfly1/XC974392.ogg,2
bobfly1/iNat1286908.ogg,4
bobfly1/XC827024.ogg,1
bobfly1/iNat766815.ogg,0
bobfly1/XC56164.ogg,1
bobfly1/iNat149307.ogg,0
bobfly1/XC687779.ogg,3
bobfly1/iNat498563.ogg,2
bobfly1/XC264737.ogg,4
bobfly1/XC737038.ogg,2
bobfly1/XC165084.ogg,3
bobfly1/iNat879705.ogg,2
bobfly1/XC704398.ogg,4
bobfly1/XC393684.ogg,1
bobfly1/iNat1250280.ogg,2
bobfly1/XC549946.ogg,1
bobfly1/iNat607634.ogg,1
bobfly1/XC269765.ogg,4
bobfly1/iNat875760.ogg,1
bobfly1/iNat264730.ogg,1
bobfly1/XC605704.ogg,3
bobfly1/iNat858157.ogg,4
bobfly1/XC586388.ogg,0
bobfly1/XC624694.ogg,1
bobfly1/XC693007.ogg,3
bobfly1/XC258988.ogg,4
bobfly1/XC497673.ogg,3
bobfly1/XC291556.ogg,4
bobfly1/XC745584.ogg,2
bobfly1/XC2347.ogg,0
bobfly1/XC690982.ogg,1
bobfly1/XC769535.ogg,2
bobfly1/XC287777.ogg,1
bobfly1/XC349995.ogg,1
bobfly1/XC196775.ogg,0
bobfly1/XC334493.ogg,2
bobfly1/iNat1221820.ogg,2
bobfly1/XC497927.ogg,4
bobfly1/iNat1441236.ogg,0
bobfly1/XC957619.ogg,4
bobfly1/XC898315.ogg,2
bobfly1/XC437657.ogg,0
bobfly1/iNat335131.ogg,4
bobfly1/XC837862.ogg,2
bobfly1/iNat1130894.ogg,4
bobfly1/iNat335681.ogg,4
bobfly1/iNat1563531.ogg,2
bobfly1/XC525047.ogg,2
bobfly1/iNat1556528.ogg,2
bobfly1/iNat925739.ogg,1
bobfly1/iNat801472.ogg,1
bobfly1/XC165977.ogg,4
bobfly1/XC258983.ogg,4
bobfly1/iNat611977.ogg,0
bobfly1/iNat169315.ogg,1
bobfly1/iNat717379.ogg,1
bobfly1/XC317163.ogg,1
bobfly1/XC517729.ogg,2
bobfly1/iNat532506.ogg,1
bobfly1/iNat169314.ogg,1
bobfly1/XC661050.ogg,1
bobfly1/XC317718.ogg,1
bobfly1/XC691677.ogg,3
bobfly1/XC500233.ogg,3
bobfly1/iNat805903.ogg,2
bobfly1/XC435637.ogg,4
bobfly1/XC742769.ogg,0
bobfly1/XC278619.ogg,3
bobfly1/XC82259.ogg,1
bobfly1/XC262240.ogg,1
bobfly1/XC1009426.ogg,1
bobfly1/XC325464.ogg,0
bobfly1/iNat1274637.ogg,1
bobfly1/XC232862.ogg,0
bobfly1/XC754090.ogg,2
bobfly1/XC6051.ogg,3
bobfly1/XC253135.ogg,3
bobfly1/iNat1310684.ogg,0
bobfly1/XC373060.ogg,2
bobfly1/iNat171840.ogg,0
bobfly1/XC1063640.ogg,4
bobfly1/iNat153145.ogg,0
bobfly1/iNat532505.ogg,1
bobfly1/iNat986760.ogg,4
bobfly1/iNat1085050.ogg,4
bobfly1/iNat1310688.ogg,0
bobfly1/iNat46340.ogg,4
bobfly1/XC995579.ogg,0
bobfly1/iNat1385412.ogg,4
bobfly1/iNat1200016.ogg,3
bobfly1/XC154843.ogg,0
bobfly1/XC380719.ogg,3
bobfly1/XC311818.ogg,1
bobfly1/XC147185.ogg,1
bobfly1/iNat1681390.ogg,1
bobfly1/XC705703.ogg,0
bobfly1/iNat1544850.ogg,4
bobfly1/iNat1487398.ogg,0
bobfly1/XC119080.ogg,3
bobfly1/iNat196113.ogg,3
bobfly1/XC699784.ogg,2
bobfly1/XC335635.ogg,3
bobfly1/iNat1412670.ogg,2
bobfly1/iNat369973.ogg,1
bobfly1/iNat1393048.ogg,3
bobfly1/iNat1717010.ogg,4
bobfly1/iNat1677765.ogg,3
bobfly1/iNat348234.ogg,3
bobfly1/XC570672.ogg,3
bobfly1/XC334068.ogg,2
bobfly1/iNat574534.ogg,4
bobfly1/XC373637.ogg,2
bobfly1/iNat1157889.ogg,0
bobfly1/iNat1468600.ogg,3
bobfly1/iNat1217393.ogg,2
bobfly1/XC494704.ogg,3
bobfly1/XC183940.ogg,0
bobfly1/iNat789041.ogg,2
bobfly1/iNat1737219.ogg,1
bobfly1/XC811733.ogg,2
bobfly1/XC126338.ogg,4
bobfly1/XC1035155.ogg,3
bobfly1/iNat785013.ogg,1
bobfly1/iNat1099867.ogg,2
bobfly1/XC934845.ogg,3
bobfly1/iNat1321518.ogg,3
bobfly1/XC258989.ogg,4
bobfly1/XC244952.ogg,2
bobfly1/iNat516312.ogg,3
bobfly1/XC258987.ogg,4
bobfly1/XC1920.ogg,0
bobfly1/iNat172894.ogg,4
bobfly1/XC465739.ogg,4
bobfly1/iNat1530693.ogg,0
bobfly1/XC657781.ogg,0
bobfly1/XC389179.ogg,3
bobfly1/XC499722.ogg,0
bobfly1/XC257117.ogg,2
bobfly1/iNat106733.ogg,1
bobfly1/iNat559529.ogg,0
bobfly1/iNat1290452.ogg,4
bobfly1/XC245242.ogg,3
bobfly1/XC290415.ogg,4
bobfly1/iNat1633073.ogg,0
bobfly1/XC192081.ogg,3
bobfly1/XC482446.ogg,2
bobfly1/XC325776.ogg,0
bobfly1/XC998043.ogg,1
bobfly1/XC476201.ogg,2
bobfly1/iNat148947.ogg,4
bobfly1/XC624971.ogg,1
bobfly1/XC56163.ogg,1
bobfly1/XC1031649.ogg,3
bobfly1/XC857534.ogg,2
bobfly1/XC419612.ogg,1
bobfly1/XC113720.ogg,4
bobfly1/XC797569.ogg,1
bobfly1/XC127640.ogg,1
bobfly1/iNat64715.ogg,1
bobfly1/XC206014.ogg,4
bobfly1/iNat294477.ogg,1
bobfly1/XC204846.ogg,1
bobfly1/XC624957.ogg,1
bobfly1/XC1017638.ogg,3
bobfly1/XC523951.ogg,3
bobfly1/iNat1157663.ogg,0
bobfly1/XC925739.ogg,3
bobfly1/XC616378.ogg,4
brcmar1/XC997023.ogg,3
brcmar1/XC997019.ogg,3
brcmar1/XC997012.ogg,3
brcmar1/XC47466.ogg,3
brcmar1/XC459649.ogg,3
brcmar1/XC144850.ogg,1
brcmar1/iNat1538906.ogg,3
brcmar1/iNat1667657.ogg,4
brcmar1/iNat341293.ogg,4
brcmar1/iNat319445.ogg,4
brcmar1/iNat319762.ogg,4
brcmar1/iNat325330.ogg,4
brcmar1/iNat146756.ogg,4
brcmar1/iNat582795.ogg,4
brcmar1/iNat1661867.ogg,1
brcmar1/iNat163994.ogg,1
brcmar1/XC51530.ogg,3
brcmar1/iNat1730049.ogg,3
brcmar1/XC876477.ogg,2
brcmar1/XC652049.ogg,2
brcmar1/XC651649.ogg,2
brcmar1/iNat1709256.ogg,2
brcmar1/XC552562.ogg,1
brcmar1/XC663766.ogg,1
brcmar1/XC754869.ogg,1
brcmar1/XC754868.ogg,1
brcmar1/iNat872424.ogg,3
brcmar1/iNat1658256.ogg,3
brcmar1/XC691141.ogg,2
brcmar1/XC331364.ogg,3
brcmar1/iNat334785.ogg,3
brcmar1/XC620396.ogg,2
brcmar1/XC620896.ogg,2
brcmar1/iNat152961.ogg,4
brcmar1/iNat1228731.ogg,4
brcmar1/iNat318957.ogg,4
brcmar1/XC1001662.ogg,3
brcmar1/XC1001659.ogg,3
brcmar1/XC961899.ogg,4
brcmar1/XC982400.ogg,2
brcmar1/iNat1737157.ogg,4
brcmar1/iNat1705721.ogg,0
brcmar1/XC423647.ogg,3
brcmar1/XC734595.ogg,1
brcmar1/XC655070.ogg,1
brcmar1/XC661677.ogg,3
brcmar1/iNat1623334.ogg,0
brcmar1/iNat1618410.ogg,3
brcmar1/XC471004.ogg,3
brcmar1/iNat396418.ogg,0
brcmar1/XC662527.ogg,1
brcmar1/XC6547.ogg,3
brcmar1/XC1000946.ogg,3
brcmar1/iNat1441254.ogg,0
brcmar1/XC211763.ogg,0
brcmar1/XC740808.ogg,1
brcmar1/XC854881.ogg,2
brcmar1/XC114251.ogg,4
brcmar1/XC996121.ogg,3
brcmar1/XC82375.ogg,1
brcmar1/XC82335.ogg,1
brcmar1/XC656899.ogg,1
brcmar1/XC169860.ogg,4
brcmar1/XC169848.ogg,4
brcmar1/XC422600.ogg,0
brcmar1/XC900289.ogg,3
brcmar1/XC82337.ogg,1
brcmar1/XC314164.ogg,1
brcmar1/XC82336.ogg,1
brcmar1/XC834081.ogg,3
brcmar1/XC859408.ogg,3
brcmar1/XC855934.ogg,3
brcmar1/XC645740.ogg,2
brcmar1/XC604982.ogg,2
brcmar1/XC556551.ogg,2
brcmar1/XC530413.ogg,2
brcmar1/XC804033.ogg,2
brcmar1/XC645758.ogg,2
brcmar1/XC652544.ogg,2
brcmar1/XC401364.ogg,2
brcmar1/XC541453.ogg,2
brcmar1/XC541476.ogg,2
brcmar1/XC541165.ogg,2
brcmar1/XC921856.ogg,2
brcmar1/XC849966.ogg,2
brcmar1/XC115528.ogg,2
brcmar1/XC115527.ogg,2
brcmar1/XC558285.ogg,4
brcmar1/iNat241901.ogg,4
brcmar1/XC714618.ogg,2
brcmar1/XC714616.ogg,2
brcmar1/XC706282.ogg,3
brcmar1/XC2767.ogg,0
brcmar1/XC706283.ogg,3
brcmar1/XC774296.ogg,2
brcmar1/XC613987.ogg,2
brcmar1/XC443358.ogg,2
brcmar1/XC122628.ogg,0
brcmar1/XC395706.ogg,4
brcmar1/XC761890.ogg,4
brcmar1/XC788996.ogg,2
brcmar1/XC63855.ogg,1
brcmar1/XC63854.ogg,1
brcmar1/XC375212.ogg,1
brcmar1/XC211439.ogg,1
brcmar1/XC436279.ogg,4
brcmar1/iNat1472149.ogg,4
brcmar1/XC118683.ogg,3
brcmar1/XC259249.ogg,4
brcmar1/XC259248.ogg,4
brcmar1/XC591112.ogg,1
brcmar1/XC591110.ogg,1
brcmar1/XC694092.ogg,1
brcmar1/XC694091.ogg,1
brcmar1/XC694090.ogg,1
brcmar1/XC130482.ogg,1
brcmar1/XC495217.ogg,4
brcmar1/XC495218.ogg,4
brcmar1/XC583597.ogg,4
brcmar1/XC450422.ogg,4
brcmar1/XC246903.ogg,4
brcmar1/XC490150.ogg,3
brcmar1/XC374720.ogg,2
brnowl/XC652542.ogg,2
brnowl/iNat593821.ogg,4
brnowl/iNat377845.ogg,2
brnowl/XC321036.ogg,0
brnowl/XC994584.ogg,3
brnowl/iNat1162091.ogg,1
brnowl/XC133628.ogg,1
brnowl/iNat1147020.ogg,0
brnowl/XC705107.ogg,0
brnowl/XC628170.ogg,2
brnowl/XC1951.ogg,0
brnowl/iNat639129.ogg,1
brnowl/iNat1416730.ogg,2
brnowl/XC121413.ogg,4
brnowl/XC295695.ogg,0
brnowl/iNat1451485.ogg,0
brnowl/iNat525174.ogg,4
brnowl/iNat1508020.ogg,3
brnowl/iNat949825.ogg,1
brnowl/XC421206.ogg,0
brnowl/iNat119626.ogg,0
brnowl/iNat733735.ogg,1
brnowl/iNat487390.ogg,3
brnowl/iNat516564.ogg,3
brnowl/iNat168149.ogg,2
brnowl/iNat946720.ogg,2
brnowl/XC964452.ogg,4
brnowl/XC149281.ogg,1
brnowl/iNat1129222.ogg,3
brnowl/XC154981.ogg,0
brnowl/XC699538.ogg,2
brnowl/iNat706018.ogg,1
brnowl/iNat1615842.ogg,0
brnowl/iNat81901.ogg,3
brnowl/iNat451208.ogg,0
brnowl/iNat32174.ogg,2
brnowl/iNat1365858.ogg,0
brnowl/iNat1342573.ogg,1
brnowl/iNat1378374.ogg,0
brnowl/iNat249899.ogg,4
brnowl/iNat636447.ogg,4
brnowl/iNat949763.ogg,4
brnowl/iNat43580.ogg,4
brnowl/iNat1015795.ogg,1
brnowl/iNat296358.ogg,2
brnowl/iNat168669.ogg,4
brnowl/iNat656605.ogg,2
brnowl/XC799781.ogg,3
brnowl/iNat1655065.ogg,3
brnowl/iNat1717111.ogg,3
brnowl/iNat1690034.ogg,3
brnowl/XC802257.ogg,2
brnowl/iNat240653.ogg,3
brnowl/XC424193.ogg,2
brnowl/XC705109.ogg,0
brnowl/iNat49726.ogg,0
brnowl/iNat639184.ogg,1
brnowl/XC992715.ogg,3
brnowl/iNat1727816.ogg,3
brnowl/iNat1514246.ogg,1
brnowl/iNat355440.ogg,3
brnowl/iNat46761.ogg,0
brnowl/iNat1342576.ogg,1
brnowl/XC619777.ogg,2
brnowl/XC199650.ogg,0
brnowl/XC579211.ogg,3
brnowl/XC277024.ogg,4
brnowl/iNat1416736.ogg,2
brnowl/iNat40923.ogg,3
brnowl/iNat1480534.ogg,4
brnowl/iNat1505904.ogg,0
brnowl/iNat65503.ogg,1
brnowl/XC654934.ogg,0
brnowl/iNat1706506.ogg,1
brnowl/iNat1610861.ogg,1
brnowl/iNat774218.ogg,3
brnowl/iNat1591705.ogg,0
brnowl/iNat1219521.ogg,2
brnowl/iNat748145.ogg,3
brnowl/iNat652084.ogg,1
brnowl/XC154980.ogg,0
brnowl/iNat961148.ogg,0
brnowl/iNat891208.ogg,4
brnowl/iNat1645804.ogg,4
brnowl/XC115605.ogg,4
brnowl/XC353164.ogg,4
brnowl/iNat514729.ogg,1
brnowl/iNat1019870.ogg,1
brnowl/XC947416.ogg,2
brnowl/iNat365622.ogg,2
brnowl/iNat1312668.ogg,2
brnowl/iNat729378.ogg,2
brnowl/iNat1648565.ogg,1
brnowl/iNat1357059.ogg,4
brnowl/iNat1268827.ogg,2
brnowl/iNat1118825.ogg,3
brnowl/XC302319.ogg,0
brnowl/iNat47078.ogg,1
brnowl/iNat153532.ogg,0
brnowl/iNat108613.ogg,0
brnowl/iNat948946.ogg,4
brnowl/iNat31578.ogg,2
brnowl/iNat65504.ogg,1
brnowl/iNat1268991.ogg,0
brnowl/iNat625171.ogg,4
brnowl/XC497971.ogg,3
brnowl/iNat1722765.ogg,3
brnowl/iNat357195.ogg,4
brnowl/iNat247197.ogg,3
brnowl/iNat1082773.ogg,3
brnowl/iNat931871.ogg,1
brnowl/XC51608.ogg,3
brnowl/iNat1372793.ogg,0
brnowl/iNat1616913.ogg,1
brnowl/iNat842752.ogg,4
brnowl/iNat302351.ogg,1
brnowl/iNat1261097.ogg,4
brnowl/iNat98229.ogg,3
brnowl/iNat949753.ogg,4
brnowl/iNat260828.ogg,3
brnowl/iNat586239.ogg,4
brnowl/iNat537419.ogg,1
brnowl/XC621029.ogg,2
brnowl/iNat264432.ogg,4
brnowl/iNat528083.ogg,2
brnowl/iNat863230.ogg,1
brnowl/iNat623257.ogg,0
brnowl/XC351291.ogg,1
brnowl/iNat770322.ogg,3
brnowl/XC623885.ogg,3
brnowl/iNat1110419.ogg,4
brnowl/iNat300848.ogg,3
brnowl/iNat383883.ogg,2
brnowl/XC602440.ogg,1
brnowl/XC583813.ogg,2
brnowl/iNat1690839.ogg,4
brnowl/iNat154102.ogg,4
brnowl/iNat806043.ogg,4
brnowl/XC503658.ogg,1
brnowl/iNat287555.ogg,3
brnowl/iNat452091.ogg,0
brnowl/XC408159.ogg,3
brnowl/iNat258021.ogg,0
brnowl/iNat1228557.ogg,0
brnowl/iNat468460.ogg,4
brnowl/iNat1659172.ogg,4
brnowl/iNat756514.ogg,3
brnowl/iNat50605.ogg,3
brnowl/iNat590918.ogg,3
brnowl/iNat851951.ogg,3
brnowl/iNat634394.ogg,4
brnowl/iNat524669.ogg,4
brnowl/iNat154100.ogg,4
brnowl/XC149264.ogg,4
brnowl/iNat1317078.ogg,4
brnowl/iNat640132.ogg,4
brnowl/iNat1317077.ogg,4
brnowl/iNat948945.ogg,4
brnowl/XC313519.ogg,1
brnowl/XC611957.ogg,3
brnowl/iNat383183.ogg,0
brnowl/iNat1110340.ogg,3
brnowl/iNat378809.ogg,2
brnowl/iNat848121.ogg,2
brnowl/XC696742.ogg,1
brnowl/iNat157407.ogg,3
brnowl/iNat642054.ogg,0
brnowl/XC946285.ogg,4
brnowl/iNat592308.ogg,0
brnowl/iNat1117602.ogg,4
brnowl/XC244930.ogg,2
brnowl/XC609707.ogg,3
brnowl/iNat1302559.ogg,2
brnowl/iNat1579112.ogg,2
brnowl/iNat1324991.ogg,1
brnowl/iNat751722.ogg,3
brnowl/iNat794906.ogg,4
brnowl/iNat772312.ogg,2
brnowl/iNat1664463.ogg,3
brnowl/iNat429621.ogg,3
brnowl/iNat1342575.ogg,1
brnowl/iNat1596903.ogg,1
brnowl/iNat57842.ogg,1
brnowl/XC609885.ogg,3
brnowl/iNat28837.ogg,0
brnowl/XC579215.ogg,3
brnowl/iNat875864.ogg,4
brnowl/iNat1424619.ogg,3
brnowl/iNat815707.ogg,2
brnowl/iNat1162884.ogg,1
brnowl/iNat1376259.ogg,4
brnowl/iNat260819.ogg,3
brnowl/XC483357.ogg,3
brnowl/iNat1205113.ogg,3
brnowl/iNat121867.ogg,0
brnowl/iNat65771.ogg,2
brnowl/XC705108.ogg,0
brnowl/iNat1138777.ogg,0
brnowl/iNat762919.ogg,3
brnowl/iNat1310293.ogg,2
brnowl/iNat57890.ogg,4
brnowl/iNat949760.ogg,4
brnowl/iNat1416566.ogg,4
brnowl/iNat1033457.ogg,4
brnowl/iNat1678950.ogg,4
brnowl/iNat713801.ogg,3
brnowl/XC632419.ogg,2
brnowl/iNat893129.ogg,4
brnowl/iNat383925.ogg,2
brnowl/iNat1097499.ogg,4
brnowl/iNat1267796.ogg,0
brnowl/iNat1292017.ogg,1
brnowl/iNat1088394.ogg,2
brnowl/iNat948947.ogg,4
brnowl/iNat1270978.ogg,0
brnowl/iNat588852.ogg,4
brnowl/iNat652072.ogg,1
brnowl/iNat141054.ogg,2
brnowl/iNat827320.ogg,4
brnowl/XC693262.ogg,3
brnowl/iNat179174.ogg,4
brnowl/iNat1451491.ogg,0
brnowl/iNat875863.ogg,4
brnowl/iNat639115.ogg,1
brnowl/XC1036422.ogg,1
brnowl/XC265397.ogg,2
brnowl/XC717554.ogg,2
brnowl/iNat1518172.ogg,2
brnowl/iNat282761.ogg,3
brnowl/iNat1616912.ogg,1
brnowl/iNat1579111.ogg,2
brnowl/iNat291200.ogg,2
brnowl/XC406760.ogg,2
brnowl/XC700903.ogg,3
brnowl/iNat872884.ogg,0
brnowl/iNat962526.ogg,2
brnowl/iNat1662523.ogg,0
brnowl/iNat951569.ogg,1
brnowl/XC463374.ogg,3
brnowl/iNat1737514.ogg,4
brnowl/XC796575.ogg,2
brnowl/XC855845.ogg,2
brnowl/iNat963719.ogg,3
brnowl/XC235436.ogg,4
brnowl/iNat1281632.ogg,2
brnowl/XC615726.ogg,3
brnowl/iNat107695.ogg,4
brnowl/XC754067.ogg,2
brnowl/iNat1427418.ogg,0
brnowl/iNat639186.ogg,1
brnowl/XC856879.ogg,1
brnowl/iNat1639223.ogg,3
brnowl/XC152588.ogg,0
brnowl/iNat351987.ogg,2
brnowl/iNat557798.ogg,3
brnowl/XC152587.ogg,0
brnowl/iNat237906.ogg,3
brnowl/XC282298.ogg,4
brnowl/XC154984.ogg,0
brnowl/XC356413.ogg,1
brnowl/iNat1071246.ogg,1
brnowl/iNat1059623.ogg,0
brnowl/iNat43581.ogg,4
brnowl/iNat245077.ogg,3
brnowl/XC990866.ogg,0
brnowl/iNat502612.ogg,0
brnowl/iNat951570.ogg,1
brnowl/iNat171148.ogg,2
brnowl/iNat1491227.ogg,0
brnowl/iNat645368.ogg,3
brnowl/iNat249900.ogg,4
brnowl/XC609886.ogg,3
brnowl/iNat1436041.ogg,4
brnowl/iNat440394.ogg,1
brnowl/iNat1565163.ogg,4
brnowl/iNat521931.ogg,2
brnowl/iNat260827.ogg,3
brnowl/iNat733740.ogg,1
brnowl/iNat1564174.ogg,3
brnowl/iNat727271.ogg,2
brnowl/iNat1022005.ogg,0
brnowl/iNat1434092.ogg,0
brnowl/iNat87177.ogg,4
brnowl/XC243719.ogg,3
brnowl/XC154983.ogg,0
brnowl/iNat1263430.ogg,4
brnowl/iNat949752.ogg,4
brnowl/iNat370106.ogg,2
brnowl/iNat1298888.ogg,1
brnowl/iNat488926.ogg,3
brnowl/iNat1342572.ogg,1
brnowl/iNat1659173.ogg,4
brnowl/XC209392.ogg,2
brnowl/iNat129280.ogg,4
brnowl/iNat1725381.ogg,2
brnowl/XC623878.ogg,3
brnowl/XC1018904.ogg,2
brnowl/iNat552346.ogg,4
brnowl/iNat373593.ogg,4
brnowl/iNat1292015.ogg,1
brnowl/iNat1641184.ogg,1
brnowl/iNat1543250.ogg,2
brnowl/iNat951568.ogg,1
brnowl/iNat546009.ogg,3
brnowl/XC418684.ogg,1
brnowl/iNat1611865.ogg,1
brnowl/XC294965.ogg,4
brnowl/XC145819.ogg,0
brnowl/iNat597065.ogg,4
brnowl/XC821442.ogg,1
brnowl/XC559560.ogg,2
brnowl/XC452559.ogg,2
brnowl/iNat951566.ogg,1
brnowl/XC330539.ogg,3
brnowl/iNat704565.ogg,1
brnowl/iNat347207.ogg,0
brnowl/iNat277147.ogg,1
brnowl/XC406759.ogg,2
brnowl/iNat1727819.ogg,3
brnowl/iNat141053.ogg,2
brnowl/iNat1449852.ogg,0
brnowl/iNat1718718.ogg,3
brnowl/iNat606805.ogg,4
brnowl/iNat931964.ogg,2
brnowl/XC202599.ogg,2
brnowl/XC1034696.ogg,2
brnowl/iNat768427.ogg,3
brnowl/iNat4134.ogg,0
brnowl/iNat346159.ogg,4
brnowl/iNat163640.ogg,1
brnowl/iNat378808.ogg,2
brnowl/iNat1112131.ogg,3
brnowl/iNat1309637.ogg,4
brnowl/iNat951565.ogg,1
brnowl/iNat1220017.ogg,4
brnowl/iNat1548042.ogg,2
brnowl/iNat640134.ogg,4
brnowl/XC199368.ogg,4
brnowl/XC557834.ogg,1
brnowl/iNat70130.ogg,2
brnowl/iNat1229390.ogg,0
brnowl/iNat839367.ogg,0
brnowl/iNat252070.ogg,0
brnowl/XC543189.ogg,3
brnowl/XC276843.ogg,0
brnowl/iNat639131.ogg,1
brnowl/XC999572.ogg,2
brnowl/XC29131.ogg,3
brnowl/XC965192.ogg,3
brnowl/iNat240652.ogg,3
brnowl/iNat913281.ogg,4
brnowl/iNat912068.ogg,2
brnowl/iNat892507.ogg,2
brnowl/iNat1342574.ogg,1
brnowl/XC696741.ogg,1
brnowl/XC359081.ogg,0
brnowl/XC149279.ogg,1
brnowl/iNat1125053.ogg,0
brnowl/iNat639195.ogg,1
brnowl/iNat1645484.ogg,4
brnowl/iNat1019337.ogg,0
brnowl/iNat55556.ogg,3
brnowl/iNat1546364.ogg,3
brnowl/XC319074.ogg,1
brnowl/iNat1361145.ogg,3
brnowl/iNat377880.ogg,2
brnowl/iNat971466.ogg,1
brnowl/iNat884712.ogg,2
brnowl/XC244100.ogg,4
brnowl/XC166040.ogg,0
brnowl/iNat337457.ogg,1
brnowl/iNat324821.ogg,4
brnowl/iNat452092.ogg,0
brnowl/iNat364940.ogg,1
brnowl/iNat1198982.ogg,2
brnowl/iNat239874.ogg,3
brnowl/iNat869320.ogg,0
brnowl/iNat201912.ogg,0
brnowl/iNat1221276.ogg,1
brnowl/iNat1532136.ogg,2
brnowl/iNat921766.ogg,4
brnowl/iNat1135507.ogg,1
brnowl/XC237105.ogg,3
brnowl/iNat1415047.ogg,2
brnowl/iNat137288.ogg,1
brnowl/XC189403.ogg,2
brnowl/iNat593931.ogg,1
brnowl/iNat109640.ogg,0
brnowl/XC294969.ogg,4
brnowl/iNat857316.ogg,4
brnowl/iNat552741.ogg,4
brnowl/XC648848.ogg,0
brnowl/XC413554.ogg,1
brnowl/iNat1544703.ogg,1
brnowl/iNat133846.ogg,3
brnowl/iNat1513075.ogg,0
brnowl/iNat1548013.ogg,4
brnowl/iNat548817.ogg,2
brnowl/iNat1086883.ogg,4
brnowl/iNat1050457.ogg,3
brnowl/XC582983.ogg,2
brnowl/XC740589.ogg,4
brnowl/iNat291204.ogg,2
brnowl/XC992700.ogg,1
brnowl/iNat355441.ogg,3
brnowl/iNat367486.ogg,2
brnowl/iNat1229055.ogg,3
brnowl/iNat852817.ogg,3
brnowl/XC417335.ogg,2
brnowl/iNat979714.ogg,4
brnowl/iNat240651.ogg,3
brnowl/iNat120672.ogg,4
brnowl/iNat1050843.ogg,3
brnowl/iNat1117770.ogg,4
brnowl/iNat279069.ogg,3
brnowl/XC878745.ogg,3
brnowl/iNat1421382.ogg,4
brnowl/iNat377904.ogg,2
brnowl/iNat885645.ogg,4
brnowl/iNat75393.ogg,3
brnowl/iNat1050844.ogg,3
brnowl/iNat704566.ogg,1
brnowl/iNat361160.ogg,4
brnowl/iNat593824.ogg,4
brnowl/XC619814.ogg,2
brnowl/XC668123.ogg,2
brnowl/iNat718114.ogg,2
brnowl/XC1050947.ogg,3
brnowl/iNat1467036.ogg,0
brnowl/iNat1296175.ogg,4
brnowl/XC302374.ogg,2
brnowl/iNat1585819.ogg,4
brnowl/iNat365636.ogg,2
brnowl/iNat656783.ogg,4
brnowl/iNat1076951.ogg,0
brnowl/XC343957.ogg,2
brnowl/iNat1566650.ogg,3
brnowl/iNat1229056.ogg,3
brnowl/XC189405.ogg,2
brnowl/iNat1302558.ogg,2
brnowl/iNat1232905.ogg,4
brnowl/XC302636.ogg,2
brnowl/XC580333.ogg,1
brnowl/iNat809769.ogg,4
brnowl/iNat335304.ogg,4
brnowl/XC1036424.ogg,1
brnowl/iNat1229035.ogg,3
brnowl/iNat737553.ogg,4
brnowl/iNat142293.ogg,3
brnowl/iNat1013681.ogg,4
brnowl/XC569825.ogg,0
brnowl/XC395018.ogg,1
brnowl/iNat1693491.ogg,2
brnowl/iNat339712.ogg,4
brnowl/iNat1118892.ogg,3
brnowl/iNat572201.ogg,2
brnowl/iNat260829.ogg,3
brnowl/iNat1096057.ogg,1
brnowl/iNat1572715.ogg,2
brnowl/iNat788791.ogg,3
brnowl/iNat193593.ogg,4
brnowl/iNat1491232.ogg,0
brnowl/iNat676378.ogg,1
brnowl/iNat1416725.ogg,2
brnowl/iNat38303.ogg,0
brnowl/iNat1315199.ogg,4
brnowl/iNat594804.ogg,0
brnowl/iNat1596904.ogg,1
brnowl/XC695012.ogg,4
brnowl/XC368691.ogg,1
brnowl/iNat727272.ogg,1
brnowl/iNat1284794.ogg,0
brnowl/XC346017.ogg,2
brnowl/iNat1710555.ogg,2
bucmot4/XC51557.ogg,3
bucmot4/XC51556.ogg,3
bucmot4/XC844028.ogg,3
bucmot4/XC304395.ogg,0
bucmot4/XC304394.ogg,0
bucmot4/XC990407.ogg,3
bucmot4/XC326061.ogg,0
bucmot4/XC699580.ogg,2
bucmot4/XC838549.ogg,2
bucmot4/XC838520.ogg,2
bucmot4/XC561973.ogg,3
bucmot4/XC391501.ogg,4
bucmot4/XC737391.ogg,2
bucmot4/XC2195.ogg,0
bucmot4/XC113475.ogg,1
bucmot4/XC507847.ogg,2
bucmot4/XC856529.ogg,2
bucmot4/XC845264.ogg,2
bucmot4/XC729372.ogg,2
bucmot4/XC422347.ogg,2
bucmot4/XC599523.ogg,2
bucmot4/XC518800.ogg,2
bucmot4/XC695951.ogg,2
bucmot4/XC550419.ogg,2
bucmot4/XC845263.ogg,2
bucmot4/XC607809.ogg,2
bucmot4/XC763708.ogg,2
bucmot4/XC971814.ogg,2
bucmot4/XC995221.ogg,2
bucmot4/XC800295.ogg,2
bucmot4/XC757155.ogg,2
bucmot4/XC960458.ogg,2
bucmot4/XC857571.ogg,2
bucmot4/XC695918.ogg,2
bucmot4/XC785316.ogg,2
bucmot4/XC174566.ogg,2
bucmot4/XC400340.ogg,4
bucmot4/XC951734.ogg,1
bucmot4/XC1037350.ogg,3
bucmot4/XC1037348.ogg,3
bucmot4/XC777325.ogg,3
bucmot4/XC178497.ogg,1
bucmot4/XC443548.ogg,2
bucmot4/iNat1648879.ogg,3
bucmot4/iNat1648889.ogg,3
bucmot4/XC837866.ogg,2
bucmot4/XC901460.ogg,2
bucmot4/XC901449.ogg,2
bucmot4/XC963952.ogg,3
bucmot4/XC103.ogg,1
bucmot4/XC963950.ogg,3
bucmot4/XC963948.ogg,3
bucmot4/XC963951.ogg,3
bucmot4/XC63660.ogg,1
bucmot4/XC63659.ogg,1
bucmot4/XC544906.ogg,1
bucmot4/XC544910.ogg,1
bucmot4/XC544909.ogg,1
bucmot4/XC544908.ogg,1
bucmot4/iNat143660.ogg,4
bucmot4/XC128114.ogg,1
bucmot4/XC129173.ogg,1
bucmot4/XC63662.ogg,1
bucmot4/XC63661.ogg,1
bucmot4/XC63658.ogg,1
bucmot4/XC330541.ogg,1
bucmot4/XC754199.ogg,2
bucmot4/XC2431.ogg,0
bucmot4/XC328904.ogg,0
bucmot4/XC484101.ogg,3
bucmot4/XC483051.ogg,3
bucmot4/XC483049.ogg,3
bucmot4/XC697157.ogg,2
bucmot4/XC445978.ogg,3
bucmot4/XC129865.ogg,3
bucmot4/XC566916.ogg,3
bucmot4/XC697358.ogg,2
bucmot4/XC536760.ogg,0
bucmot4/XC384740.ogg,1
bucmot4/XC816883.ogg,2
bucmot4/XC816882.ogg,2
bucmot4/XC1035710.ogg,2
bucmot4/XC434026.ogg,3
bucmot4/XC782805.ogg,0
bucmot4/XC180643.ogg,4
bucmot4/XC762460.ogg,3
bucmot4/XC493445.ogg,2
bucmot4/XC769453.ogg,2
bucmot4/XC118976.ogg,3
bucmot4/XC597719.ogg,3
bucmot4/XC121224.ogg,3
bucmot4/XC1035101.ogg,2
bucmot4/iNat1530907.ogg,2
bucmot4/XC310853.ogg,1
bucmot4/XC310852.ogg,1
bucmot4/XC400482.ogg,3
bucmot4/XC921859.ogg,1
bucmot4/XC427596.ogg,2
bucmot4/XC791133.ogg,0
bucmot4/iNat1294553.ogg,4
bucmot4/XC705223.ogg,0
bucmot4/iNat1214262.ogg,2
bucmot4/iNat1214264.ogg,2
bucmot4/iNat1214267.ogg,2
bucmot4/iNat1214276.ogg,2
bucmot4/iNat1214275.ogg,2
bucmot4/iNat1214271.ogg,2
bucmot4/iNat1214270.ogg,2
bucmot4/iNat1214263.ogg,2
bucmot4/iNat1214277.ogg,2
bucmot4/XC238633.ogg,3
bucmot4/iNat796186.ogg,2
bucmot4/XC394434.ogg,0
bucmot4/XC276210.ogg,1
bucmot4/XC238632.ogg,3
bucmot4/XC257930.ogg,4
bucmot4/XC257926.ogg,4
bucmot4/XC257929.ogg,4
bucmot4/XC257928.ogg,4
bucmot4/XC257927.ogg,4
bucmot4/XC46539.ogg,3
bucmot4/XC472248.ogg,4
bucmot4/XC477064.ogg,4
bucmot4/XC475782.ogg,4
bucmot4/XC742760.ogg,0
bucmot4/XC706314.ogg,4
bucmot4/XC525589.ogg,3
bucmot4/XC525591.ogg,3
bucmot4/XC525590.ogg,3
bucmot4/XC525592.ogg,3
bucmot4/XC525176.ogg,2
bucmot4/XC519250.ogg,3
bucmot4/XC519249.ogg,3
bucmot4/XC518039.ogg,3
bucmot4/XC520955.ogg,3
bucmot4/XC520954.ogg,3
bucmot4/XC520953.ogg,3
bucmot4/XC520952.ogg,3
bucmot4/XC520958.ogg,3
bucmot4/XC520957.ogg,3
bucmot4/XC520956.ogg,3
bucmot4/XC303192.ogg,3
bucmot4/XC464815.ogg,3
bucmot4/XC152261.ogg,4
bucmot4/XC1043214.ogg,3
bucmot4/XC1043122.ogg,3
bucmot4/XC1043121.ogg,3
bucmot4/XC1043124.ogg,3
bucmot4/XC127845.ogg,4
bucmot4/iNat1421727.ogg,0
bucmot4/iNat1422677.ogg,4
bucmot4/XC523955.ogg,3
bucmot4/XC450528.ogg,4
bucmot4/XC532574.ogg,3
bucmot4/XC532573.ogg,1
bucmot4/XC532572.ogg,1
bucmot4/XC532571.ogg,1
bucmot4/iNat1701934.ogg,4
bucmot4/XC122489.ogg,2
bucmot4/iNat820949.ogg,2
bucmot4/XC245276.ogg,1
bucmot4/XC247022.ogg,4
bucmot4/XC247021.ogg,4
bucmot4/XC247020.ogg,4
bucmot4/XC247019.ogg,4
bucmot4/XC224420.ogg,4
bucmot4/XC216488.ogg,4
bucmot4/XC216487.ogg,4
bucmot4/XC523958.ogg,3
bucpar/iNat1168525.ogg,4
bucpar/iNat1731664.ogg,2
bucpar/iNat74259.ogg,4
bucpar/iNat528439.ogg,4
bucpar/XC423990.ogg,2
bucpar/XC855104.ogg,0
bucpar/iNat343208.ogg,1
bucpar/XC618370.ogg,2
bucpar/XC506160.ogg,3
bucpar/XC506159.ogg,3
bucpar/XC605437.ogg,3
bucpar/XC454138.ogg,3
bucpar/XC770822.ogg,1
bucpar/XC578141.ogg,2
bucpar/iNat321318.ogg,4
bucpar/XC503477.ogg,3
bucpar/XC503476.ogg,3
bucpar/XC51657.ogg,3
bucpar/XC51656.ogg,3
bucpar/XC663669.ogg,4
bucpar/XC663667.ogg,4
bucpar/XC461389.ogg,2
bucpar/XC13325.ogg,3
bucpar/XC879279.ogg,3
bucpar/XC706732.ogg,3
bucpar/XC706738.ogg,3
bucpar/XC706736.ogg,3
bucpar/XC351469.ogg,4
bucpar/XC155595.ogg,0
bucpar/XC735494.ogg,3
bucpar/XC735489.ogg,3
bucpar/XC189897.ogg,2
bucpar/XC189896.ogg,2
bucpar/XC189895.ogg,2
bucpar/XC635097.ogg,3
bucpar/XC153579.ogg,0
bucpar/XC144950.ogg,0
bucpar/XC16133.ogg,3
bucpar/XC16132.ogg,3
bucpar/iNat514292.ogg,4
bucpar/XC171677.ogg,3
bucpar/XC119019.ogg,3
bucpar/XC556627.ogg,2
bucpar/XC1007667.ogg,0
bucpar/XC120045.ogg,3
bucpar/XC84875.ogg,1
bucpar/XC84874.ogg,1
bucpar/XC713183.ogg,4
bucpar/XC713181.ogg,4
bucpar/XC705349.ogg,0
bucpar/XC705348.ogg,0
bucpar/XC152230.ogg,4
bucpar/XC127952.ogg,4
bucpar/XC127950.ogg,4
bucpar/XC127953.ogg,4
bucpar/XC244964.ogg,2
bucpar/XC244960.ogg,2
bucpar/XC244907.ogg,2
bucpar/XC244908.ogg,2
bucpar/XC196411.ogg,4
bucpar/XC838713.ogg,1
bucpar/iNat1288301.ogg,1
bucpar/iNat1725255.ogg,1
bucpar/iNat1198594.ogg,4
bucpar/iNat1334813.ogg,1
bucpar/iNat1272289.ogg,1
bucpar/iNat1272290.ogg,1
bucpar/iNat157798.ogg,4
bucpar/iNat1673594.ogg,0
bucpar/iNat1673596.ogg,0
bucpar/iNat1673595.ogg,0
bucpar/iNat1433566.ogg,2
bucpar/iNat1358564.ogg,3
bucpar/iNat514029.ogg,1
bucpar/iNat1303823.ogg,2
bucpar/iNat621157.ogg,4
bucpar/XC404438.ogg,1
bucpar/XC404437.ogg,1
bucpar/XC404436.ogg,1
bucpar/XC404435.ogg,1
bucpar/iNat1460331.ogg,2
bucpar/iNat1599088.ogg,2
bucpar/XC332930.ogg,4
bucpar/iNat25553.ogg,3
bucpar/iNat1643472.ogg,2
bucpar/XC167972.ogg,2
bucpar/XC209424.ogg,2
bucpar/XC246304.ogg,2
bucpar/XC209731.ogg,2
bucpar/XC209421.ogg,2
bucpar/XC209737.ogg,2
bucpar/XC246303.ogg,2
bucpar/XC246247.ogg,2
bucpar/XC209422.ogg,2
bucpar/XC209733.ogg,2
bucpar/XC209738.ogg,2
bucpar/iNat1014666.ogg,2
bucpar/iNat873085.ogg,3
bucpar/iNat807668.ogg,4
bucpar/iNat1660723.ogg,0
bucpar/iNat316761.ogg,4
bucpar/iNat816521.ogg,4
bucpar/iNat584476.ogg,2
bucpar/iNat584478.ogg,2
bucpar/iNat331324.ogg,4
bucpar/iNat331325.ogg,4
bucpar/iNat507222.ogg,3
bucpar/iNat358874.ogg,4
bucpar/iNat1573248.ogg,2
bucpar/iNat780155.ogg,2
bucpar/iNat780156.ogg,2
bucpar/iNat204420.ogg,2
bucpar/iNat864187.ogg,2
bucpar/iNat864188.ogg,2
bucpar/iNat864189.ogg,2
bucpar/iNat870310.ogg,2
bucpar/iNat919283.ogg,2
bucpar/iNat1593412.ogg,2
bucpar/iNat440499.ogg,2
bucpar/iNat1639606.ogg,1
bucpar/iNat1639608.ogg,1
bucpar/iNat907359.ogg,2
bucpar/iNat144783.ogg,2
bucpar/iNat54457.ogg,4
bufpar/iNat859720.ogg,3
bufpar/iNat859721.ogg,3
bufpar/iNat1293638.ogg,4
bufpar/iNat165980.ogg,4
bufpar/iNat1589701.ogg,2
bufpar/iNat356051.ogg,4
bufpar/iNat1125618.ogg,1
bufpar/iNat1251133.ogg,3
bufpar/iNat116292.ogg,1
bufpar/iNat1272707.ogg,3
bufpar/XC722870.ogg,0
bufpar/iNat1599675.ogg,4
bufpar/iNat819437.ogg,3
bufpar/iNat1394195.ogg,2
bufpar/iNat1499930.ogg,0
bufpar/iNat1689545.ogg,0
bufpar/iNat339955.ogg,3
bufpar/iNat1198106.ogg,0
bufpar/iNat1298177.ogg,2
bufpar/iNat353388.ogg,0
bufpar/iNat873485.ogg,4
bufpar/XC750502.ogg,2
bufpar/iNat527158.ogg,1
bufpar/XC365325.ogg,3
bufpar/XC467520.ogg,3
bufpar/XC687716.ogg,3
bufpar/iNat864100.ogg,0
bufpar/XC922822.ogg,3
bufpar/XC810024.ogg,2
bufpar/XC821473.ogg,3
bufpar/iNat728241.ogg,4
bufpar/iNat1001541.ogg,2
bufpar/iNat729640.ogg,4
bufpar/XC653277.ogg,2
bufpar/iNat1295642.ogg,4
bufpar/iNat728228.ogg,4
bufpar/iNat1020483.ogg,4
bufpar/iNat1015833.ogg,1
bufpar/XC591410.ogg,2
bufpar/XC415744.ogg,2
bufpar/XC457396.ogg,3
bufpar/XC457395.ogg,3
bufpar/XC457392.ogg,3
bufpar/XC457390.ogg,3
bufpar/XC361129.ogg,3
bufpar/XC503398.ogg,3
bufpar/XC1000968.ogg,3
bufpar/iNat1274354.ogg,3
bufpar/XC248094.ogg,1
bufpar/XC344849.ogg,1
bufpar/iNat1708849.ogg,0
bufpar/XC453900.ogg,3
bufpar/iNat1517954.ogg,2
bufpar/iNat1517950.ogg,2
bufpar/XC488805.ogg,1
bufpar/iNat1545766.ogg,4
bufpar/XC185679.ogg,0
bufpar/XC195074.ogg,0
bufpar/iNat65587.ogg,3
bufpar/iNat726311.ogg,0
bufpar/XC185678.ogg,0
bufpar/XC617977.ogg,1
bufpar/iNat55147.ogg,1
bufpar/iNat1348867.ogg,1
bufpar/XC144731.ogg,1
bufpar/iNat541167.ogg,0
bufpar/iNat785539.ogg,4
bufpar/iNat634849.ogg,4
bufpar/iNat330299.ogg,0
bufpar/iNat207976.ogg,4
bufpar/iNat1148804.ogg,3
bufpar/iNat998689.ogg,1
bufpar/iNat481774.ogg,4
bufpar/iNat1032568.ogg,1
bufpar/iNat207979.ogg,4
bufpar/XC983881.ogg,3
bufpar/iNat1182658.ogg,2
bufpar/iNat1299514.ogg,3
bufpar/iNat232808.ogg,2
bufpar/iNat634858.ogg,4
bufpar/XC561014.ogg,0
bufpar/iNat952845.ogg,3
bufpar/iNat952846.ogg,3
bufpar/iNat1720296.ogg,0
bufpar/iNat1004548.ogg,4
bufpar/iNat322260.ogg,3
bufpar/XC604986.ogg,1
bufpar/XC702169.ogg,1
bufpar/XC999393.ogg,3
bufpar/XC554117.ogg,1
bufpar/XC823041.ogg,1
bufpar/iNat998512.ogg,4
bufpar/XC431939.ogg,2
bufpar/XC430770.ogg,2
bufpar/XC466886.ogg,2
bufpar/XC419907.ogg,2
bufpar/iNat927552.ogg,3
bufpar/iNat927553.ogg,3
bufpar/XC741940.ogg,4
bufpar/iNat734023.ogg,4
bufpar/XC147543.ogg,1
bufpar/iNat1125432.ogg,4
bufpar/iNat1583564.ogg,4
bufpar/iNat627685.ogg,1
bufpar/iNat627686.ogg,1
bufpar/XC467090.ogg,4
bufpar/iNat879637.ogg,2
bufpar/iNat882081.ogg,2
bufpar/iNat882086.ogg,2
bufpar/iNat581295.ogg,2
bufpar/XC459546.ogg,2
bufpar/XC616277.ogg,1
bufpar/XC616276.ogg,1
bufpar/XC51676.ogg,3
bufpar/XC663682.ogg,4
bufpar/XC822128.ogg,0
bufpar/iNat348231.ogg,3
bufpar/iNat374311.ogg,3
bufpar/XC1545.ogg,0
bufpar/XC573750.ogg,3
bufpar/XC299033.ogg,0
bufpar/XC295578.ogg,0
bufpar/iNat183615.ogg,1
bufpar/XC184565.ogg,1
bufpar/XC173373.ogg,2
bufpar/XC84835.ogg,1
bufpar/XC84833.ogg,1
bufpar/iNat142552.ogg,1
bufpar/iNat779212.ogg,3
bufpar/XC1043456.ogg,1
bufpar/XC1018779.ogg,1
bufpar/XC733943.ogg,1
bufpar/XC715504.ogg,1
bufpar/XC838335.ogg,2
bufpar/XC933488.ogg,3
bufpar/XC628858.ogg,3
bufpar/XC702049.ogg,3
bufpar/XC707129.ogg,3
bufpar/XC707127.ogg,3
bufpar/XC707125.ogg,3
bufpar/XC289905.ogg,4
bufpar/XC351461.ogg,4
bufpar/XC707124.ogg,3
bufpar/XC707122.ogg,3
bufpar/XC944578.ogg,3
bufpar/XC735485.ogg,3
bufpar/XC144962.ogg,0
bufpar/XC376037.ogg,1
bufpar/XC84834.ogg,1
bufpar/XC84831.ogg,1
bufpar/XC286599.ogg,2
bufpar/XC172604.ogg,2
bufpar/XC157481.ogg,4
bufpar/XC9527.ogg,3
bufpar/XC811899.ogg,2
bufpar/XC517733.ogg,2
bufpar/XC124627.ogg,3
bufpar/XC381940.ogg,1
bufpar/XC654362.ogg,3
bufpar/XC115714.ogg,2
bufpar/XC84832.ogg,1
bufpar/XC737577.ogg,1
bufpar/iNat1631928.ogg,3
bufpar/iNat514299.ogg,4
bufpar/XC691248.ogg,2
bufpar/XC604270.ogg,2
bufpar/XC691249.ogg,2
bufpar/XC498208.ogg,2
bufpar/XC461397.ogg,2
bufpar/XC920671.ogg,2
bufpar/XC205632.ogg,3
bufpar/XC834077.ogg,3
bufpar/iNat504118.ogg,4
bufpar/XC802288.ogg,2
bufpar/XC114443.ogg,2
bufpar/XC602715.ogg,3
bufpar/XC418059.ogg,2
bufpar/XC171674.ogg,3
bufpar/iNat707898.ogg,3
bufpar/iNat1645582.ogg,2
bufpar/XC934067.ogg,3
bufpar/XC741152.ogg,2
bufpar/XC572957.ogg,2
bufpar/XC443451.ogg,2
bufpar/iNat1724351.ogg,1
bufpar/XC430696.ogg,4
bufpar/XC781218.ogg,2
bufpar/XC895978.ogg,0
bufpar/XC427050.ogg,2
bufpar/XC118686.ogg,3
bufpar/XC329846.ogg,2
bufpar/XC417421.ogg,0
bufpar/XC660097.ogg,3
bufpar/XC974142.ogg,2
bufpar/XC974100.ogg,2
bufpar/iNat1289333.ogg,4
bufpar/XC698638.ogg,0
bufpar/XC427051.ogg,2
bufpar/XC769676.ogg,2
bufpar/XC769641.ogg,2
bufpar/XC974404.ogg,2
bufpar/iNat769945.ogg,4
bufpar/XC784682.ogg,1
bufpar/XC1023533.ogg,3
bufpar/XC1023532.ogg,3
bufpar/XC352688.ogg,2
bunibi1/iNat1291621.ogg,1
bunibi1/iNat488785.ogg,3
bunibi1/XC748950.ogg,1
bunibi1/iNat589699.ogg,4
bunibi1/XC783925.ogg,1
bunibi1/XC203508.ogg,3
bunibi1/iNat802323.ogg,0
bunibi1/XC256775.ogg,3
bunibi1/XC269884.ogg,0
bunibi1/iNat1557512.ogg,4
bunibi1/XC51393.ogg,3
bunibi1/XC51392.ogg,3
bunibi1/XC51391.ogg,3
bunibi1/XC51390.ogg,3
bunibi1/XC174718.ogg,2
bunibi1/XC112707.ogg,1
bunibi1/XC288519.ogg,2
bunibi1/XC288374.ogg,2
bunibi1/iNat1737054.ogg,1
bunibi1/XC556628.ogg,2
bunibi1/XC724687.ogg,3
bunibi1/XC678011.ogg,0
bunibi1/iNat591193.ogg,3
bunibi1/XC1001664.ogg,3
bunibi1/XC313656.ogg,0
bunibi1/XC176868.ogg,1
bunibi1/XC940512.ogg,2
bunibi1/iNat912959.ogg,2
bunibi1/iNat1474672.ogg,3
bunibi1/XC600886.ogg,4
bunibi1/XC814536.ogg,1
bunibi1/XC346220.ogg,4
bunibi1/XC503458.ogg,3
bunibi1/iNat1578960.ogg,3
bunibi1/iNat1549182.ogg,4
bunibi1/iNat792221.ogg,1
bunibi1/iNat501844.ogg,4
bunibi1/iNat1209479.ogg,2
bunibi1/iNat1209480.ogg,2
bunibi1/iNat294781.ogg,1
bunibi1/iNat229804.ogg,1
bunibi1/XC856946.ogg,1
bunibi1/iNat1319153.ogg,0
bunibi1/XC419908.ogg,2
bunibi1/iNat1653412.ogg,4
bunibi1/XC989795.ogg,3
bunibi1/XC582150.ogg,3
bunibi1/iNat315202.ogg,4
bunibi1/iNat1547219.ogg,0
bunibi1/XC492026.ogg,0
bunibi1/XC492023.ogg,0
bunibi1/iNat1621046.ogg,1
bunibi1/iNat1370189.ogg,3
bunibi1/iNat1224190.ogg,4
bunibi1/iNat376886.ogg,4
bunibi1/iNat376885.ogg,4
bunibi1/XC844011.ogg,3
bunibi1/XC706030.ogg,0
bunibi1/XC706032.ogg,0
bunibi1/XC854871.ogg,2
bunibi1/iNat1519151.ogg,4
bunibi1/iNat348146.ogg,3
bunibi1/XC325966.ogg,0
bunibi1/XC580168.ogg,3
bunibi1/XC1003082.ogg,3
bunibi1/XC1003081.ogg,3
bunibi1/XC295668.ogg,0
bunibi1/XC1062328.ogg,3
bunibi1/XC1062329.ogg,3
bunibi1/XC428082.ogg,2
bunibi1/XC741376.ogg,2
bunibi1/XC699652.ogg,2
bunibi1/XC699641.ogg,2
bunibi1/XC699640.ogg,2
bunibi1/XC699611.ogg,2
bunibi1/XC699608.ogg,2
bunibi1/XC342895.ogg,1
bunibi1/XC342849.ogg,1
bunibi1/XC85439.ogg,1
bunibi1/XC85438.ogg,1
bunibi1/XC879278.ogg,3
bunibi1/XC181690.ogg,1
bunibi1/XC115919.ogg,4
bunibi1/XC217935.ogg,1
bunibi1/XC749361.ogg,1
bunibi1/XC1059980.ogg,1
bunibi1/XC933493.ogg,3
bunibi1/XC933491.ogg,3
bunibi1/iNat956524.ogg,0
bunibi1/XC499842.ogg,3
bunibi1/XC737484.ogg,2
bunibi1/iNat515900.ogg,0
bunibi1/XC811936.ogg,2
bunibi1/XC85440.ogg,1
bunibi1/XC85437.ogg,1
bunibi1/XC709820.ogg,2
bunibi1/XC709819.ogg,2
bunibi1/XC517587.ogg,1
bunibi1/XC504226.ogg,2
bunibi1/XC680722.ogg,2
bunibi1/XC660548.ogg,2
bunibi1/XC680721.ogg,2
bunibi1/XC906404.ogg,2
bunibi1/XC761764.ogg,2
bunibi1/XC985374.ogg,2
bunibi1/XC800197.ogg,2
bunibi1/XC924673.ogg,2
bunibi1/XC562836.ogg,2
bunibi1/XC414188.ogg,2
bunibi1/XC116268.ogg,2
bunibi1/XC171688.ogg,3
bunibi1/iNat601752.ogg,3
bunibi1/iNat585126.ogg,3
bunibi1/XC840157.ogg,2
bunibi1/XC832914.ogg,2
bunibi1/XC699592.ogg,2
bunibi1/XC154495.ogg,4
bunibi1/iNat878628.ogg,0
bunibi1/XC393186.ogg,1
bunibi1/iNat527104.ogg,4
bunibi1/iNat906330.ogg,1
bunibi1/iNat980198.ogg,1
bunibi1/iNat882816.ogg,1
bunibi1/iNat611576.ogg,0
bunibi1/XC443372.ogg,2
bunibi1/iNat783047.ogg,4
bunibi1/XC162160.ogg,1
bunibi1/iNat500752.ogg,4
bunibi1/XC705005.ogg,3
bunibi1/XC705004.ogg,3
bunibi1/XC705002.ogg,3
bunibi1/XC264117.ogg,3
bunibi1/XC211714.ogg,3
bunibi1/XC761789.ogg,4
bunibi1/XC118890.ogg,3
bunibi1/XC769663.ogg,2
bunibi1/XC357716.ogg,3
bunibi1/XC691658.ogg,3
bunibi1/XC589654.ogg,1
bunibi1/XC379324.ogg,4
bunibi1/XC1031753.ogg,3
bunibi1/XC801656.ogg,4
bunibi1/XC946262.ogg,4
bunibi1/XC946261.ogg,4
bunibi1/XC946260.ogg,4
bunibi1/iNat1215650.ogg,0
bunibi1/XC127972.ogg,4
bunibi1/XC127627.ogg,4
bunibi1/XC127203.ogg,4
bunibi1/XC974066.ogg,3
bunibi1/XC959883.ogg,0
bunibi1/iNat1572561.ogg,0
bunibi1/XC960836.ogg,0
bunibi1/iNat1601566.ogg,4
bunibi1/iNat1601447.ogg,4
bunibi1/XC455145.ogg,0
bunibi1/XC128459.ogg,4
bunibi1/XC113988.ogg,0
bunibi1/XC990620.ogg,0
bunibi1/XC814188.ogg,0
bunibi1/iNat702328.ogg,3
bunibi1/iNat1277719.ogg,3
bunibi1/iNat1277720.ogg,3
bunibi1/XC245497.ogg,3
bunibi1/XC246908.ogg,4
bunibi1/XC246907.ogg,4
bunibi1/XC246905.ogg,4
bunibi1/XC246906.ogg,4
bunibi1/XC9038.ogg,3
bunibi1/XC9035.ogg,3
bunibi1/XC9039.ogg,3
bunibi1/XC9037.ogg,3
bunibi1/XC9036.ogg,3
bunibi1/XC465632.ogg,3
burowl/iNat1070820.ogg,3
burowl/XC909267.ogg,2
burowl/XC668537.ogg,4
burowl/XC992862.ogg,3
burowl/XC992859.ogg,3
burowl/iNat147770.ogg,0
burowl/XC598135.ogg,0
burowl/iNat512823.ogg,3
burowl/iNat1204522.ogg,4
burowl/iNat121143.ogg,4
burowl/iNat505196.ogg,1
burowl/iNat139041.ogg,4
burowl/iNat262558.ogg,4
burowl/iNat1299504.ogg,3
burowl/iNat1346636.ogg,3
burowl/XC768855.ogg,4
burowl/XC194666.ogg,0
burowl/iNat155625.ogg,4
burowl/XC676461.ogg,0
burowl/iNat1701706.ogg,4
burowl/iNat1684482.ogg,4
burowl/iNat1684485.ogg,4
burowl/XC247784.ogg,1
burowl/XC247783.ogg,1
burowl/XC247782.ogg,1
burowl/XC127417.ogg,4
burowl/iNat860931.ogg,0
burowl/XC803653.ogg,2
burowl/iNat591125.ogg,3
burowl/iNat1678008.ogg,1
burowl/iNat1143302.ogg,1
burowl/iNat1143303.ogg,1
burowl/iNat1143305.ogg,1
burowl/iNat1143306.ogg,1
burowl/iNat1196813.ogg,2
burowl/iNat1267690.ogg,3
burowl/iNat1316945.ogg,3
burowl/iNat859714.ogg,3
burowl/iNat332907.ogg,1
burowl/XC619179.ogg,2
burowl/XC804636.ogg,3
burowl/XC803809.ogg,3
burowl/XC285281.ogg,3
burowl/XC823269.ogg,4
burowl/iNat903749.ogg,4
burowl/iNat851375.ogg,3
burowl/iNat830137.ogg,4
burowl/iNat1328464.ogg,4
burowl/XC172849.ogg,2
burowl/iNat862831.ogg,4
burowl/iNat862867.ogg,4
burowl/XC725277.ogg,2
burowl/XC856416.ogg,1
burowl/XC944329.ogg,0
burowl/iNat602131.ogg,3
burowl/iNat1250942.ogg,4
burowl/XC323491.ogg,1
burowl/XC764930.ogg,0
burowl/iNat885644.ogg,4
burowl/iNat858090.ogg,3
burowl/XC922810.ogg,3
burowl/XC592729.ogg,2
burowl/iNat879013.ogg,1
burowl/iNat147629.ogg,0
burowl/iNat148394.ogg,0
burowl/iNat1340815.ogg,4
burowl/iNat845608.ogg,0
burowl/iNat845609.ogg,0
burowl/iNat347557.ogg,1
burowl/iNat862477.ogg,3
burowl/iNat861133.ogg,0
burowl/XC420510.ogg,0
burowl/XC420509.ogg,0
burowl/iNat1589934.ogg,0
burowl/iNat1594950.ogg,4
burowl/XC489020.ogg,0
burowl/XC6469.ogg,3
burowl/iNat396146.ogg,0
burowl/iNat1609877.ogg,1
burowl/XC217481.ogg,4
burowl/XC84917.ogg,1
burowl/XC185787.ogg,0
burowl/XC51613.ogg,3
burowl/XC418886.ogg,0
burowl/XC114726.ogg,4
burowl/XC326053.ogg,0
burowl/XC600398.ogg,4
burowl/XC130911.ogg,4
burowl/iNat1692921.ogg,1
burowl/XC580869.ogg,4
burowl/XC580868.ogg,4
burowl/XC372134.ogg,0
burowl/XC1016001.ogg,3
burowl/XC1016000.ogg,3
burowl/XC296318.ogg,4
burowl/XC287474.ogg,2
burowl/iNat1437467.ogg,1
burowl/XC85415.ogg,1
burowl/XC414175.ogg,2
burowl/XC541451.ogg,2
burowl/XC562160.ogg,1
burowl/XC734446.ogg,2
burowl/iNat149437.ogg,1
burowl/iNat150139.ogg,1
burowl/iNat592956.ogg,1
burowl/XC369890.ogg,2
burowl/XC369889.ogg,2
burowl/XC443370.ogg,2
burowl/XC443369.ogg,2
burowl/XC47205.ogg,3
burowl/iNat1719590.ogg,1
burowl/XC797575.ogg,2
burowl/XC789517.ogg,2
burowl/XC146555.ogg,0
burowl/iNat1121676.ogg,4
burowl/iNat351300.ogg,2
burowl/iNat351301.ogg,2
burowl/iNat1678510.ogg,4
burowl/XC119020.ogg,3
burowl/iNat855413.ogg,1
burowl/iNat890123.ogg,1
burowl/iNat906373.ogg,1
burowl/iNat1667179.ogg,1
burowl/iNat91354.ogg,4
burowl/iNat1236299.ogg,3
burowl/iNat1236300.ogg,3
burowl/iNat1297329.ogg,0
burowl/iNat1616686.ogg,0
burowl/XC257756.ogg,4
burowl/XC238018.ogg,3
burowl/XC196371.ogg,2
burowl/iNat745305.ogg,0
burowl/XC257757.ogg,4
burowl/XC275753.ogg,1
burowl/XC238017.ogg,3
burowl/XC238016.ogg,3
burowl/XC587593.ogg,4
burowl/iNat342389.ogg,3
burowl/iNat342394.ogg,3
burowl/iNat537475.ogg,3
burowl/iNat576813.ogg,3
burowl/iNat576819.ogg,3
burowl/XC694948.ogg,4
burowl/XC694945.ogg,4
burowl/iNat294519.ogg,4
burowl/iNat318733.ogg,4
burowl/iNat848453.ogg,4
burowl/iNat375462.ogg,4
burowl/iNat318732.ogg,4
burowl/iNat318755.ogg,4
burowl/iNat259099.ogg,4
burowl/iNat175490.ogg,4
burowl/iNat263100.ogg,4
burowl/iNat628793.ogg,4
burowl/iNat557448.ogg,4
burowl/iNat191946.ogg,4
burowl/iNat466723.ogg,4
burowl/XC425958.ogg,1
burowl/XC264438.ogg,4
burowl/XC264437.ogg,4
burowl/XC695087.ogg,1
burowl/XC694089.ogg,1
burowl/XC694088.ogg,1
burowl/XC1007847.ogg,2
burowl/XC994133.ogg,3
burowl/XC367829.ogg,4
burowl/XC246950.ogg,4
burowl/XC254113.ogg,4
burowl/XC254112.ogg,4
burowl/XC524491.ogg,3
burowl/XC524489.ogg,3
burowl/XC212609.ogg,3
burowl/XC730165.ogg,0
burowl/XC730164.ogg,0
burowl/iNat1468050.ogg,3
burowl/iNat1251141.ogg,0
burowl/iNat111671.ogg,4
burowl/XC518760.ogg,3
burowl/iNat1628804.ogg,4
burowl/XC534567.ogg,3
burowl/XC531198.ogg,3
burowl/XC496767.ogg,3
burowl/XC490759.ogg,3
burowl/XC492165.ogg,3
burowl/XC490760.ogg,3
burowl/XC535647.ogg,3
burowl/XC488262.ogg,3
burowl/XC534362.ogg,3
burowl/XC492616.ogg,3
burowl/XC492412.ogg,3
burowl/XC492615.ogg,3
burowl/XC492141.ogg,3
burowl/iNat597880.ogg,1
burowl/iNat597872.ogg,1
burowl/iNat597879.ogg,1
burowl/iNat1441713.ogg,2
burowl/iNat1329386.ogg,3
burowl/XC383928.ogg,1
burowl/XC348660.ogg,3
burowl/XC382876.ogg,0
burowl/XC382734.ogg,0
burowl/iNat1284792.ogg,0
burowl/iNat753600.ogg,4
burowl/XC286680.ogg,1
burowl/XC286619.ogg,1
burowl/XC286607.ogg,1
burowl/XC582146.ogg,1
burowl/XC416560.ogg,4
burowl/XC283222.ogg,0
burowl/XC143782.ogg,1
burowl/XC283542.ogg,1
burowl/XC182580.ogg,3
burowl/XC135727.ogg,3
burowl/iNat44063.ogg,2
burowl/XC731959.ogg,1
burowl/XC731958.ogg,1
burowl/XC731957.ogg,1
burowl/iNat855976.ogg,4
burowl/XC288914.ogg,0
burowl/iNat494688.ogg,0
burowl/XC205912.ogg,3
burowl/iNat853552.ogg,0
burowl/XC638965.ogg,1
burowl/XC56899.ogg,4
burowl/XC425094.ogg,3
burowl/XC395019.ogg,1
burowl/XC322173.ogg,1
burowl/XC263875.ogg,1
burowl/iNat575487.ogg,1
burowl/XC910447.ogg,4
burowl/XC910446.ogg,4
burowl/iNat592296.ogg,4
burowl/iNat592297.ogg,4
burowl/XC924193.ogg,0
burowl/iNat495390.ogg,3
burowl/iNat1610685.ogg,2
burowl/XC613769.ogg,3
burowl/iNat764517.ogg,3
camfli1/XC992878.ogg,3
camfli1/XC992877.ogg,3
camfli1/iNat1279942.ogg,4
camfli1/iNat157463.ogg,3
camfli1/XC464264.ogg,3
camfli1/XC390323.ogg,4
camfli1/XC237103.ogg,3
camfli1/iNat1167468.ogg,4
camfli1/iNat1215348.ogg,2
camfli1/XC910836.ogg,2
camfli1/XC580581.ogg,2
camfli1/XC573559.ogg,2
camfli1/XC807769.ogg,4
camfli1/XC589976.ogg,1
camfli1/XC610617.ogg,1
camfli1/XC813840.ogg,1
camfli1/XC837094.ogg,4
camfli1/XC620980.ogg,2
camfli1/XC685648.ogg,2
camfli1/XC682327.ogg,2
camfli1/XC682326.ogg,2
camfli1/XC817674.ogg,2
camfli1/XC824846.ogg,4
camfli1/XC824844.ogg,4
camfli1/XC217551.ogg,3
camfli1/XC704846.ogg,1
camfli1/XC704849.ogg,1
camfli1/XC620418.ogg,2
camfli1/XC50993.ogg,3
camfli1/XC85006.ogg,1
camfli1/XC85005.ogg,1
camfli1/iNat905882.ogg,4
camfli1/XC50994.ogg,3
camfli1/XC890948.ogg,3
camfli1/iNat61860.ogg,4
camfli1/XC167573.ogg,1
camfli1/XC174787.ogg,2
camfli1/XC494239.ogg,3
camfli1/iNat316708.ogg,1
camfli1/iNat316707.ogg,1
camfli1/iNat1493005.ogg,2
camfli1/XC564598.ogg,3
camfli1/iNat1231755.ogg,3
camfli1/XC173733.ogg,1
camfli1/XC146836.ogg,1
camfli1/iNat1662454.ogg,2
camfli1/XC550443.ogg,3
camfli1/iNat991441.ogg,2
camfli1/XC1053971.ogg,3
camfli1/iNat1714967.ogg,1
camfli1/iNat1208485.ogg,2
camfli1/iNat321297.ogg,2
camfli1/XC334734.ogg,4
camfli1/XC85004.ogg,1
camfli1/XC292361.ogg,1
camfli1/XC186139.ogg,0
camfli1/iNat1505720.ogg,4
camfli1/iNat1549185.ogg,4
camfli1/iNat583109.ogg,1
camfli1/iNat1336230.ogg,1
camfli1/XC1041423.ogg,3
camfli1/iNat511509.ogg,1
camfli1/XC942167.ogg,3
camfli1/XC602804.ogg,3
camfli1/XC534159.ogg,3
camfli1/iNat1273616.ogg,0
camfli1/XC466888.ogg,2
camfli1/XC431070.ogg,2
camfli1/XC119352.ogg,3
camfli1/iNat1653693.ogg,4
camfli1/iNat1697459.ogg,4
camfli1/XC668854.ogg,1
camfli1/XC3964.ogg,3
camfli1/XC131317.ogg,3
camfli1/XC131048.ogg,3
camfli1/XC303798.ogg,1
camfli1/XC299091.ogg,0
camfli1/iNat376874.ogg,4
camfli1/iNat376876.ogg,4
camfli1/XC114526.ogg,4
camfli1/iNat397979.ogg,0
camfli1/XC234759.ogg,4
camfli1/XC85003.ogg,1
camfli1/XC114524.ogg,4
camfli1/XC304417.ogg,0
camfli1/XC611391.ogg,3
camfli1/XC418888.ogg,0
camfli1/XC989771.ogg,3
camfli1/XC1008363.ogg,3
camfli1/XC990773.ogg,3
camfli1/XC601387.ogg,4
camfli1/XC601385.ogg,4
camfli1/XC85002.ogg,1
camfli1/XC517471.ogg,3
camfli1/iNat1231760.ogg,4
camfli1/XC158761.ogg,3
camfli1/XC438769.ogg,4
camfli1/XC1067266.ogg,1
camfli1/XC863920.ogg,2
camfli1/XC863863.ogg,2
camfli1/XC973702.ogg,3
camfli1/XC884443.ogg,3
camfli1/XC1015999.ogg,3
camfli1/XC944577.ogg,3
camfli1/XC422993.ogg,0
camfli1/XC737485.ogg,2
camfli1/XC427234.ogg,2
camfli1/XC777922.ogg,2
camfli1/XC760903.ogg,2
camfli1/XC419074.ogg,2
camfli1/XC195664.ogg,2
camfli1/XC761492.ogg,2
camfli1/XC699693.ogg,2
camfli1/XC151366.ogg,1
camfli1/XC703986.ogg,3
camfli1/XC423531.ogg,2
camfli1/XC148974.ogg,0
camfli1/XC148960.ogg,0
camfli1/XC703991.ogg,3
camfli1/XC703989.ogg,3
camfli1/XC703988.ogg,3
camfli1/XC789087.ogg,2
chacha1/iNat635792.ogg,2
chacha1/iNat1020516.ogg,2
chacha1/XC778344.ogg,1
chacha1/iNat458574.ogg,1
chacha1/iNat40760.ogg,0
chacha1/XC825211.ogg,4
chacha1/XC454140.ogg,3
chacha1/XC454139.ogg,3
chacha1/iNat815406.ogg,3
chacha1/iNat813693.ogg,2
chacha1/iNat334897.ogg,4
chacha1/iNat847806.ogg,4
chacha1/iNat207091.ogg,4
chacha1/iNat535221.ogg,4
chacha1/XC467800.ogg,3
chacha1/XC469743.ogg,3
chacha1/XC313646.ogg,0
chacha1/iNat537332.ogg,4
chacha1/XC364700.ogg,3
chacha1/iNat364769.ogg,0
chacha1/XC687840.ogg,3
chacha1/XC687825.ogg,3
chacha1/XC394811.ogg,0
chacha1/iNat565670.ogg,2
chacha1/XC647820.ogg,2
chacha1/XC591276.ogg,2
chacha1/XC413104.ogg,2
chacha1/XC415199.ogg,2
chacha1/iNat565666.ogg,2
chacha1/iNat1639708.ogg,3
chacha1/iNat133904.ogg,0
chacha1/iNat134956.ogg,0
chacha1/XC769999.ogg,3
chacha1/XC399506.ogg,3
chacha1/XC399504.ogg,3
chacha1/XC399505.ogg,3
chacha1/iNat1237663.ogg,4
chacha1/iNat1266690.ogg,3
chacha1/iNat732531.ogg,0
chacha1/XC441556.ogg,4
chacha1/XC615595.ogg,1
chacha1/XC813927.ogg,4
chacha1/iNat740572.ogg,0
chacha1/XC844031.ogg,3
chacha1/XC115879.ogg,2
chacha1/iNat396443.ogg,0
chacha1/XC351098.ogg,1
chacha1/XC145056.ogg,0
chacha1/XC699673.ogg,2
chacha1/iNat1613557.ogg,4
chacha1/XC85261.ogg,1
chacha1/XC85260.ogg,1
chacha1/XC151220.ogg,0
chacha1/XC151219.ogg,0
chacha1/XC343334.ogg,1
chacha1/XC2635.ogg,0
chacha1/XC2629.ogg,0
chacha1/XC2632.ogg,0
chacha1/XC663721.ogg,4
chacha1/XC196524.ogg,1
chacha1/XC85257.ogg,1
chacha1/XC627660.ogg,1
chacha1/XC702916.ogg,3
chacha1/iNat1441766.ogg,1
chacha1/XC299544.ogg,1
chacha1/iNat512580.ogg,4
chacha1/iNat1096158.ogg,3
chacha1/XC9588.ogg,3
chacha1/XC417966.ogg,2
chacha1/XC123681.ogg,3
chacha1/XC123676.ogg,3
chacha1/XC123628.ogg,3
chacha1/XC123600.ogg,3
chacha1/XC128558.ogg,3
chacha1/XC123603.ogg,3
chacha1/XC720690.ogg,3
chacha1/XC654358.ogg,3
chacha1/XC654356.ogg,3
chacha1/XC217917.ogg,1
chacha1/XC167631.ogg,0
chacha1/XC602700.ogg,3
chacha1/XC85259.ogg,1
chacha1/XC85258.ogg,1
chacha1/iNat1159121.ogg,2
chacha1/XC50367.ogg,3
chacha1/XC50363.ogg,3
chacha1/XC834040.ogg,3
chacha1/XC381803.ogg,1
chacha1/XC403834.ogg,2
chacha1/XC401657.ogg,2
chacha1/XC171669.ogg,3
chacha1/XC896236.ogg,0
chacha1/XC896235.ogg,0
chacha1/XC896234.ogg,0
chacha1/XC896233.ogg,0
chacha1/XC144604.ogg,1
chacha1/iNat955583.ogg,3
chacha1/XC141758.ogg,4
chacha1/iNat1614857.ogg,1
chbmoc1/iNat1482206.ogg,0
chbmoc1/XC997519.ogg,3
chbmoc1/XC997512.ogg,3
chbmoc1/XC997504.ogg,3
chbmoc1/XC997493.ogg,3
chbmoc1/iNat507730.ogg,3
chbmoc1/iNat1041610.ogg,2
chbmoc1/iNat79794.ogg,4
chbmoc1/iNat79802.ogg,4
chbmoc1/iNat122217.ogg,4
chbmoc1/iNat122218.ogg,4
chbmoc1/XC576045.ogg,2
chbmoc1/XC576038.ogg,2
chbmoc1/iNat1152498.ogg,2
chbmoc1/iNat288287.ogg,4
chbmoc1/iNat1012913.ogg,3
chbmoc1/iNat1012914.ogg,3
chbmoc1/iNat1633906.ogg,3
chbmoc1/iNat1197545.ogg,4
chbmoc1/iNat491091.ogg,1
chbmoc1/iNat491094.ogg,1
chbmoc1/iNat1636192.ogg,1
chbmoc1/iNat1636193.ogg,1
chbmoc1/iNat74915.ogg,4
chbmoc1/iNat149007.ogg,4
chbmoc1/iNat149008.ogg,4
chbmoc1/iNat305992.ogg,3
chbmoc1/iNat305991.ogg,3
chbmoc1/XC594152.ogg,3
chbmoc1/XC461165.ogg,3
chbmoc1/iNat124839.ogg,3
chbmoc1/iNat1249177.ogg,2
chbmoc1/iNat1249180.ogg,2
chbmoc1/XC546456.ogg,0
chbmoc1/iNat409380.ogg,4
chbmoc1/iNat578779.ogg,2
chbmoc1/iNat293186.ogg,1
chbmoc1/iNat1541996.ogg,3
chbmoc1/XC204967.ogg,0
chbmoc1/iNat947325.ogg,0
chbmoc1/iNat1141655.ogg,1
chbmoc1/iNat586658.ogg,0
chbmoc1/iNat360530.ogg,0
chbmoc1/iNat275921.ogg,2
chbmoc1/iNat788338.ogg,2
chbmoc1/iNat1650061.ogg,2
chbmoc1/iNat1652045.ogg,2
chbmoc1/iNat1654585.ogg,3
chbmoc1/iNat1424247.ogg,4
chbmoc1/iNat145697.ogg,0
chbmoc1/iNat136503.ogg,3
chbmoc1/iNat1006307.ogg,0
chbmoc1/iNat1675746.ogg,4
chbmoc1/iNat155215.ogg,4
chbmoc1/iNat244265.ogg,1
chbmoc1/iNat1612183.ogg,4
chbmoc1/iNat894124.ogg,0
chbmoc1/iNat1499535.ogg,0
chbmoc1/iNat1105292.ogg,0
chbmoc1/iNat1437281.ogg,4
chbmoc1/iNat180032.ogg,2
chbmoc1/iNat280484.ogg,2
chbmoc1/iNat341691.ogg,2
chbmoc1/iNat1585423.ogg,1
chbmoc1/iNat1585106.ogg,0
chbmoc1/iNat1586289.ogg,0
chbmoc1/iNat52579.ogg,2
chbmoc1/iNat457482.ogg,2
chbmoc1/iNat1258194.ogg,4
chbmoc1/iNat333711.ogg,4
chbmoc1/iNat41100.ogg,3
chbmoc1/iNat41101.ogg,3
chbmoc1/iNat1169969.ogg,0
chbmoc1/iNat398819.ogg,0
chbmoc1/iNat398818.ogg,0
chbmoc1/iNat1202953.ogg,1
chbmoc1/iNat1391367.ogg,4
chbmoc1/iNat801424.ogg,0
chbmoc1/XC546239.ogg,1
chbmoc1/XC1031989.ogg,2
chbmoc1/XC670991.ogg,2
chbmoc1/XC670990.ogg,2
chbmoc1/iNat1603402.ogg,1
chbmoc1/XC902260.ogg,1
chbmoc1/iNat1604497.ogg,3
chbmoc1/XC896062.ogg,1
chbmoc1/iNat786921.ogg,3
chbmoc1/iNat799794.ogg,3
chbmoc1/XC836785.ogg,4
chbmoc1/XC694981.ogg,2
chbmoc1/XC694713.ogg,2
chbmoc1/iNat407753.ogg,1
chbmoc1/iNat139031.ogg,2
chbmoc1/iNat767217.ogg,3
chbmoc1/iNat767218.ogg,3
chbmoc1/iNat770325.ogg,3
chbmoc1/iNat854318.ogg,3
chbmoc1/iNat762567.ogg,3
chbmoc1/iNat491510.ogg,3
chbmoc1/iNat397926.ogg,3
chbmoc1/XC322259.ogg,3
chbmoc1/XC834253.ogg,4
chbmoc1/XC825456.ogg,4
chbmoc1/iNat315411.ogg,0
chbmoc1/XC146977.ogg,1
chbmoc1/iNat571177.ogg,3
chbmoc1/XC833508.ogg,4
chbmoc1/iNat865273.ogg,2
chbmoc1/XC770681.ogg,1
chbmoc1/XC770675.ogg,1
chbmoc1/XC84578.ogg,1
chbmoc1/XC84577.ogg,1
chbmoc1/iNat180676.ogg,4
chbmoc1/XC506244.ogg,3
chbmoc1/XC174816.ogg,2
chbmoc1/iNat56235.ogg,4
chbmoc1/XC308331.ogg,1
chbmoc1/XC770813.ogg,1
chbmoc1/iNat1713966.ogg,1
chbmoc1/iNat113780.ogg,0
chbmoc1/iNat1624675.ogg,4
chbmoc1/iNat1624677.ogg,4
chbmoc1/iNat1624678.ogg,4
chbmoc1/iNat1624676.ogg,4
chbmoc1/XC461166.ogg,3
chbmoc1/XC1001557.ogg,3
chbmoc1/iNat1302573.ogg,4
chbmoc1/iNat321294.ogg,1
chbmoc1/iNat1691891.ogg,1
chbmoc1/iNat1047944.ogg,1
chbmoc1/iNat1076270.ogg,1
chbmoc1/XC173568.ogg,1
chbmoc1/XC294755.ogg,1
chbmoc1/XC294754.ogg,1
chbmoc1/XC294753.ogg,1
chbmoc1/XC294751.ogg,1
chbmoc1/XC294750.ogg,1
chbmoc1/XC551567.ogg,3
chbmoc1/XC803038.ogg,0
chbmoc1/XC394331.ogg,4
chbmoc1/XC343208.ogg,1
chbmoc1/XC736001.ogg,2
chbmoc1/iNat1025572.ogg,2
chbmoc1/iNat1037795.ogg,2
chbmoc1/iNat679894.ogg,4
chbmoc1/XC558988.ogg,2
chbmoc1/iNat1577305.ogg,4
chbmoc1/iNat1577306.ogg,4
chbmoc1/XC84576.ogg,1
chbmoc1/iNat1544855.ogg,4
chbmoc1/iNat1505550.ogg,4
chbmoc1/XC211190.ogg,0
chbmoc1/XC211188.ogg,0
chbmoc1/XC211191.ogg,0
chbmoc1/iNat150648.ogg,2
chbmoc1/iNat536820.ogg,1
chbmoc1/iNat177782.ogg,1
chbmoc1/XC592101.ogg,0
chbmoc1/XC856613.ogg,1
chbmoc1/XC549169.ogg,3
chbmoc1/iNat1624997.ogg,0
chbmoc1/iNat1697597.ogg,3
chbmoc1/iNat1229303.ogg,3
chbmoc1/XC17581.ogg,3
chbmoc1/iNat832260.ogg,1
chbmoc1/XC211192.ogg,0
chbmoc1/iNat1653552.ogg,4
chbmoc1/XC993166.ogg,3
chbmoc1/iNat1656375.ogg,3
chbmoc1/XC130874.ogg,3
chbmoc1/XC286812.ogg,4
chbmoc1/XC642609.ogg,1
chbmoc1/XC346063.ogg,4
chbmoc1/iNat143141.ogg,4
chbmoc1/XC503652.ogg,1
chbmoc1/XC324479.ogg,1
chbmoc1/XC575710.ogg,3
chbmoc1/XC740852.ogg,1
chbmoc1/XC470827.ogg,3
chbmoc1/XC407332.ogg,2
chbmoc1/iNat398080.ogg,0
chbmoc1/XC131976.ogg,4
chbmoc1/XC114519.ogg,4
chbmoc1/XC470903.ogg,3
chbmoc1/iNat1358976.ogg,0
chbmoc1/XC833944.ogg,3
chbmoc1/XC1030253.ogg,3
chbmoc1/XC236107.ogg,1
chbmoc1/XC394280.ogg,1
chbmoc1/iNat1631485.ogg,0
chbmoc1/iNat912585.ogg,0
chbmoc1/iNat1150255.ogg,0
chbmoc1/iNat1150256.ogg,0
chbmoc1/iNat1181491.ogg,0
chbmoc1/XC601380.ogg,4
chbmoc1/XC601377.ogg,4
chbmoc1/XC601376.ogg,4
chbmoc1/XC84575.ogg,1
chbmoc1/XC145450.ogg,0
chbmoc1/XC1008356.ogg,3
chbmoc1/iNat145551.ogg,1
chbmoc1/iNat1297410.ogg,4
chbmoc1/XC2638.ogg,0
chbmoc1/XC2637.ogg,0
chbmoc1/XC169979.ogg,4
chbmoc1/XC169978.ogg,4
chbmoc1/XC158767.ogg,3
chbmoc1/XC1018631.ogg,1
chbmoc1/XC715523.ogg,1
chbmoc1/XC84570.ogg,1
chbmoc1/XC84571.ogg,1
chbmoc1/XC704582.ogg,2
chbmoc1/iNat188703.ogg,2
chbmoc1/iNat1722639.ogg,2
chbmoc1/XC707176.ogg,1
chbmoc1/XC604271.ogg,2
chbmoc1/XC712840.ogg,1
chbmoc1/XC772511.ogg,2
chbmoc1/XC713703.ogg,2
chbmoc1/XC550343.ogg,2
chbmoc1/XC534096.ogg,2
chbmoc1/XC645922.ogg,2
chbmoc1/XC422739.ogg,0
chbmoc1/XC325649.ogg,0
chbmoc1/XC706959.ogg,2
chbmoc1/XC2345.ogg,0
chbmoc1/iNat585329.ogg,1
chbmoc1/iNat60954.ogg,2
chbmoc1/iNat532904.ogg,1
chbmoc1/XC346361.ogg,3
chbmoc1/iNat582861.ogg,1
chbmoc1/XC387969.ogg,4
chbmoc1/XC1045591.ogg,3
chbmoc1/XC212278.ogg,1
chbmoc1/XC741136.ogg,2
chbmoc1/XC419333.ogg,2
chbmoc1/XC419331.ogg,2
chbmoc1/XC443527.ogg,2
chbmoc1/XC419332.ogg,2
chbmoc1/XC706288.ogg,3
chbmoc1/XC706287.ogg,3
chbmoc1/XC264119.ogg,3
chbmoc1/XC793177.ogg,2
chbmoc1/XC789661.ogg,2
chbmoc1/XC84573.ogg,1
chbmoc1/XC84574.ogg,1
chbmoc1/XC713411.ogg,4
chbmoc1/XC713409.ogg,4
chbmoc1/XC713407.ogg,4
chbmoc1/XC713402.ogg,4
chbmoc1/XC713400.ogg,4
chbmoc1/XC713398.ogg,4
chbmoc1/iNat336954.ogg,3
chbmoc1/XC674607.ogg,4
chbmoc1/XC119035.ogg,3
chbmoc1/XC114960.ogg,1
chbmoc1/XC861457.ogg,3
chbmoc1/XC84572.ogg,1
chbmoc1/iNat475493.ogg,3
chbmoc1/iNat475494.ogg,3
chbmoc1/iNat475496.ogg,3
chbmoc1/iNat476491.ogg,3
chbmoc1/iNat1375272.ogg,3
chbmoc1/XC493188.ogg,2
chbmoc1/XC493249.ogg,2
chbmoc1/XC769491.ogg,2
chbmoc1/XC769490.ogg,2
chbmoc1/XC562099.ogg,2
chbmoc1/XC455321.ogg,4
chbmoc1/XC1067289.ogg,3
chobla1/iNat405542.ogg,0
chobla1/XC363870.ogg,3
chobla1/iNat343644.ogg,3
chobla1/iNat527889.ogg,4
chobla1/iNat505982.ogg,0
chobla1/iNat831270.ogg,1
chobla1/iNat808308.ogg,1
chobla1/XC992387.ogg,1
chobla1/iNat979810.ogg,2
chobla1/XC607812.ogg,1
chobla1/XC607810.ogg,1
chobla1/XC607808.ogg,1
chobla1/XC699890.ogg,3
chobla1/XC176719.ogg,3
chobla1/XC930151.ogg,4
chobla1/iNat1193134.ogg,1
chobla1/XC407025.ogg,1
chobla1/iNat1199290.ogg,1
chobla1/iNat1624612.ogg,4
chobla1/iNat289643.ogg,1
chobla1/XC382029.ogg,1
chobla1/iNat463839.ogg,3
chobla1/iNat1589677.ogg,2
chobla1/XC254385.ogg,4
chobla1/XC1040160.ogg,1
chobla1/iNat618783.ogg,3
chobla1/iNat1573579.ogg,3
chobla1/iNat207999.ogg,4
chobla1/XC444450.ogg,3
chobla1/iNat492906.ogg,3
chobla1/XC173728.ogg,1
chobla1/iNat1460290.ogg,3
chobla1/iNat1460292.ogg,3
chobla1/XC488912.ogg,0
chobla1/XC551963.ogg,3
chobla1/XC551962.ogg,3
chobla1/XC551961.ogg,3
chobla1/XC48008.ogg,3
chobla1/XC1058307.ogg,0
chobla1/iNat1449830.ogg,3
chobla1/iNat228765.ogg,3
chobla1/iNat863645.ogg,0
chobla1/iNat864078.ogg,0
chobla1/XC1010720.ogg,4
chobla1/iNat1684068.ogg,2
chobla1/iNat1684069.ogg,2
chobla1/iNat386072.ogg,2
chobla1/iNat1428711.ogg,2
chobla1/iNat338516.ogg,1
chobla1/XC413108.ogg,2
chobla1/XC675884.ogg,3
chobla1/iNat1549203.ogg,4
chobla1/XC393719.ogg,1
chobla1/XC650455.ogg,1
chobla1/iNat1424302.ogg,1
chobla1/XC579194.ogg,2
chobla1/iNat1206451.ogg,4
chobla1/XC164997.ogg,2
chobla1/XC213036.ogg,1
chobla1/iNat289581.ogg,1
chobla1/iNat190927.ogg,1
chobla1/iNat286843.ogg,1
chobla1/iNat497691.ogg,1
chobla1/iNat497692.ogg,1
chobla1/XC671488.ogg,1
chobla1/iNat738267.ogg,3
chobla1/XC344150.ogg,1
chobla1/iNat1252492.ogg,2
chobla1/iNat1227637.ogg,0
chobla1/XC671147.ogg,1
chobla1/XC468120.ogg,4
chobla1/XC324798.ogg,1
chobla1/XC470823.ogg,3
chobla1/XC121408.ogg,4
chobla1/XC748995.ogg,1
chobla1/XC748996.ogg,1
chobla1/iNat397902.ogg,0
chobla1/XC418895.ogg,0
chobla1/XC114260.ogg,4
chobla1/XC130922.ogg,4
chobla1/XC421674.ogg,0
chobla1/XC304422.ogg,0
chobla1/XC304390.ogg,0
chobla1/XC534154.ogg,3
chobla1/iNat777427.ogg,4
chobla1/XC299063.ogg,0
chobla1/XC299062.ogg,0
chobla1/iNat1389888.ogg,1
chobla1/iNat856870.ogg,0
chobla1/XC603350.ogg,4
chobla1/XC603351.ogg,4
chobla1/XC603356.ogg,4
chobla1/XC603355.ogg,4
chobla1/XC603359.ogg,4
chobla1/XC603360.ogg,4
chobla1/XC603349.ogg,4
chobla1/XC603353.ogg,4
chobla1/XC84537.ogg,1
chobla1/XC513665.ogg,0
chobla1/iNat1734742.ogg,0
chobla1/XC84540.ogg,1
chobla1/iNat840681.ogg,4
chobla1/XC879291.ogg,3
chobla1/XC192777.ogg,1
chobla1/XC192732.ogg,1
chobla1/XC84539.ogg,1
chobla1/XC70787.ogg,1
chobla1/iNat1158947.ogg,3
chobla1/XC1018623.ogg,1
chobla1/XC733947.ogg,1
chobla1/XC863913.ogg,2
chobla1/XC838337.ogg,2
chobla1/XC838333.ogg,2
chobla1/iNat340921.ogg,1
chobla1/XC84534.ogg,1
chobla1/XC63467.ogg,1
chobla1/iNat1632847.ogg,2
chobla1/XC123984.ogg,0
chobla1/XC423005.ogg,0
chobla1/XC350963.ogg,4
chobla1/XC702475.ogg,3
chobla1/iNat1437812.ogg,1
chobla1/iNat1439821.ogg,1
chobla1/iNat1678860.ogg,3
chobla1/iNat86001.ogg,4
chobla1/iNat76147.ogg,1
chobla1/XC290419.ogg,4
chobla1/iNat510576.ogg,1
chobla1/iNat1116775.ogg,0
chobla1/iNat1119727.ogg,0
chobla1/iNat1124462.ogg,0
chobla1/iNat986933.ogg,1
chobla1/XC443734.ogg,1
chobla1/iNat1183065.ogg,1
chobla1/iNat998173.ogg,3
chobla1/iNat851185.ogg,1
chobla1/iNat1679947.ogg,2
chobla1/iNat1680111.ogg,3
chobla1/iNat971696.ogg,1
chobla1/XC627060.ogg,3
chobla1/XC441267.ogg,1
chobla1/XC213041.ogg,1
chobla1/XC737413.ogg,2
chobla1/XC737411.ogg,2
chobla1/XC382019.ogg,1
chobla1/iNat784552.ogg,2
chobla1/XC157476.ogg,4
chobla1/XC9575.ogg,3
chobla1/XC9574.ogg,3
chobla1/XC9577.ogg,3
chobla1/XC9576.ogg,3
chobla1/XC9573.ogg,3
chobla1/XC9572.ogg,3
chobla1/XC556330.ogg,2
chobla1/XC415267.ogg,2
chobla1/XC123597.ogg,3
chobla1/XC123596.ogg,3
chobla1/iNat421346.ogg,3
chobla1/XC709779.ogg,2
chobla1/XC599461.ogg,2
chobla1/XC695948.ogg,2
chobla1/XC645915.ogg,2
chobla1/XC572925.ogg,2
chobla1/XC415265.ogg,2
chobla1/XC760919.ogg,2
chobla1/XC439225.ogg,1
chobla1/XC803729.ogg,2
chobla1/XC800386.ogg,2
chobla1/iNat1579079.ogg,1
chobla1/XC705745.ogg,0
chobla1/XC824882.ogg,2
chobla1/XC761750.ogg,2
chobla1/XC627987.ogg,2
chobla1/XC499844.ogg,3
chobla1/iNat961526.ogg,3
chobla1/XC422764.ogg,0
chobla1/XC828122.ogg,2
chobla1/iNat584736.ogg,3
chobla1/iNat1724138.ogg,2
chobla1/XC421373.ogg,0
chobla1/XC933912.ogg,2
chobla1/XC929993.ogg,2
chobla1/XC695914.ogg,2
chobla1/XC2359.ogg,0
chobla1/XC2349.ogg,0
chobla1/XC154110.ogg,1
chobla1/iNat1161129.ogg,4
chobla1/iNat534519.ogg,4
chobla1/iNat1583030.ogg,1
chobla1/iNat301228.ogg,0
chobla1/iNat887014.ogg,1
chobla1/XC520480.ogg,4
chobla1/iNat797961.ogg,3
chobla1/XC832902.ogg,3
chobla1/XC795065.ogg,3
chobla1/XC511906.ogg,0
chobla1/XC511905.ogg,0
chobla1/iNat1540294.ogg,3
chobla1/iNat818695.ogg,3
chobla1/iNat1126957.ogg,1
chobla1/XC352384.ogg,4
chobla1/XC161990.ogg,1
chobla1/XC151372.ogg,1
chobla1/XC145309.ogg,1
chobla1/iNat889138.ogg,4
chobla1/XC702476.ogg,3
chobla1/XC84535.ogg,1
chobla1/XC717531.ogg,2
chobla1/XC443454.ogg,2
chobla1/XC443453.ogg,2
chobla1/XC826968.ogg,0
chobla1/XC764614.ogg,2
chobla1/iNat868368.ogg,3
chobla1/iNat733223.ogg,4
chobla1/iNat44513.ogg,4
chobla1/XC702488.ogg,3
chobla1/XC702486.ogg,3
chobla1/XC702485.ogg,3
chobla1/XC702481.ogg,3
chobla1/XC702479.ogg,3
chobla1/XC702489.ogg,3
chobla1/XC702487.ogg,3
chobla1/XC702483.ogg,3
chobla1/XC702480.ogg,3
chobla1/XC702477.ogg,3
chobla1/XC212048.ogg,3
chobla1/XC212047.ogg,3
chobla1/XC788954.ogg,2
chobla1/XC788951.ogg,2
chobla1/XC416001.ogg,4
chobla1/XC156398.ogg,4
chobla1/XC571351.ogg,3
chobla1/XC84536.ogg,1
chobla1/XC213040.ogg,1
chobla1/iNat786884.ogg,3
chobla1/XC119032.ogg,3
chobla1/XC669564.ogg,3
chobla1/XC84538.ogg,1
chobla1/XC427422.ogg,2
chobla1/XC816941.ogg,2
chobla1/XC816945.ogg,2
chobla1/XC817208.ogg,2
chobla1/XC769465.ogg,2
chobla1/XC561995.ogg,2
chvcon1/XC949332.ogg,2
chvcon1/XC949321.ogg,2
chvcon1/iNat1133213.ogg,4
chvcon1/iNat631328.ogg,3
chvcon1/XC628245.ogg,4
chvcon1/XC176839.ogg,1
chvcon1/XC551908.ogg,3
chvcon1/iNat897338.ogg,2
chvcon1/XC490696.ogg,0
chvcon1/XC768341.ogg,2
chvcon1/XC843407.ogg,2
chvcon1/XC843401.ogg,2
chvcon1/XC843400.ogg,2
chvcon1/XC592015.ogg,2
chvcon1/XC589880.ogg,2
chvcon1/XC383109.ogg,2
chvcon1/iNat397332.ogg,0
chvcon1/XC139504.ogg,3
chvcon1/XC48298.ogg,4
chvcon1/XC944484.ogg,3
chvcon1/iNat536807.ogg,1
chvcon1/XC389487.ogg,4
chvcon1/XC321328.ogg,1
chvcon1/XC343089.ogg,1
chvcon1/XC343088.ogg,1
chvcon1/XC579107.ogg,1
chvcon1/iNat1054840.ogg,3
chvcon1/XC423603.ogg,2
chvcon1/iNat991963.ogg,4
chvcon1/XC119101.ogg,3
chvcon1/XC587180.ogg,3
chvcon1/XC993140.ogg,3
chvcon1/XC993139.ogg,3
chvcon1/XC467094.ogg,4
chvcon1/XC340701.ogg,4
chvcon1/XC292125.ogg,4
chvcon1/XC291558.ogg,4
chvcon1/XC278062.ogg,4
chvcon1/XC274827.ogg,4
chvcon1/XC1000950.ogg,3
chvcon1/XC1000943.ogg,3
chvcon1/XC50772.ogg,3
chvcon1/XC50776.ogg,3
chvcon1/XC50775.ogg,3
chvcon1/XC50774.ogg,3
chvcon1/XC50773.ogg,3
chvcon1/XC472069.ogg,3
chvcon1/XC165796.ogg,0
chvcon1/XC114945.ogg,4
chvcon1/XC114943.ogg,4
chvcon1/XC299172.ogg,0
chvcon1/XC556232.ogg,2
chvcon1/XC303210.ogg,4
chvcon1/XC245855.ogg,4
chvcon1/XC173805.ogg,4
chvcon1/XC1018880.ogg,1
chvcon1/XC325034.ogg,1
chvcon1/XC84479.ogg,1
chvcon1/XC422618.ogg,0
chvcon1/XC422615.ogg,0
chvcon1/XC811890.ogg,2
chvcon1/XC809941.ogg,2
chvcon1/XC706798.ogg,2
chvcon1/XC556230.ogg,2
chvcon1/XC556231.ogg,2
chvcon1/XC556229.ogg,2
chvcon1/XC556764.ogg,2
chvcon1/XC534095.ogg,2
chvcon1/XC498110.ogg,2
chvcon1/XC414210.ogg,2
chvcon1/XC662191.ogg,2
chvcon1/XC802557.ogg,2
chvcon1/XC704324.ogg,2
chvcon1/XC741879.ogg,2
chvcon1/XC747362.ogg,2
chvcon1/XC1017293.ogg,2
chvcon1/XC965386.ogg,2
chvcon1/XC963343.ogg,2
chvcon1/XC965383.ogg,2
chvcon1/XC800079.ogg,2
chvcon1/XC422702.ogg,0
chvcon1/XC961368.ogg,2
chvcon1/XC772520.ogg,2
chvcon1/XC421363.ogg,0
chvcon1/XC421362.ogg,0
chvcon1/XC840172.ogg,2
chvcon1/XC840158.ogg,2
chvcon1/XC577371.ogg,2
chvcon1/XC366360.ogg,1
chvcon1/XC773339.ogg,2
chvcon1/XC148940.ogg,0
chvcon1/XC901550.ogg,2
chvcon1/XC901503.ogg,2
chvcon1/XC1012402.ogg,4
chvcon1/XC1012397.ogg,4
chvcon1/XC583940.ogg,3
chvcon1/XC587235.ogg,3
chvcon1/XC579259.ogg,3
chvcon1/XC257139.ogg,2
chvcon1/XC781129.ogg,2
chvcon1/iNat528739.ogg,4
chvcon1/XC73450.ogg,1
chvcon1/XC73449.ogg,1
chvcon1/XC73448.ogg,1
chvcon1/XC417008.ogg,0
chvcon1/XC571685.ogg,4
chvcon1/XC500643.ogg,3
chvcon1/XC521962.ogg,3
chvcon1/XC451841.ogg,2
chvcon1/XC427244.ogg,2
chvcon1/XC427245.ogg,2
chvcon1/iNat587903.ogg,1
chvcon1/XC1034730.ogg,2
chvcon1/XC1035049.ogg,2
chvcon1/XC358759.ogg,0
chvcon1/XC769831.ogg,2
chvcon1/XC262995.ogg,1
chvcon1/XC275890.ogg,1
chvcon1/XC354893.ogg,3
chvcon1/XC880992.ogg,2
cibspi1/XC656991.ogg,2
cibspi1/XC743665.ogg,4
cibspi1/iNat178933.ogg,0
cibspi1/iNat178934.ogg,0
cibspi1/XC325963.ogg,0
cibspi1/XC699585.ogg,2
cibspi1/XC80888.ogg,1
cibspi1/XC80886.ogg,1
cibspi1/XC80885.ogg,1
cibspi1/XC437496.ogg,4
cibspi1/XC2729.ogg,0
cibspi1/XC2725.ogg,0
cibspi1/XC720674.ogg,3
cibspi1/XC7131.ogg,3
cibspi1/XC476505.ogg,2
cibspi1/XC476504.ogg,2
cibspi1/XC447229.ogg,2
cibspi1/XC415466.ogg,2
cibspi1/XC692786.ogg,4
cibspi1/XC296925.ogg,3
cibspi1/XC862573.ogg,4
cibspi1/XC781739.ogg,4
cibspi1/XC781738.ogg,4
cibspi1/XC722371.ogg,4
cibspi1/XC80887.ogg,1
cibspi1/XC775236.ogg,4
cibspi1/XC490681.ogg,0
cibspi1/XC674604.ogg,4
cibspi1/XC878773.ogg,3
cibspi1/XC878769.ogg,3
cibspi1/XC1009465.ogg,4
cibspi1/XC844085.ogg,0
cibspi1/XC844086.ogg,0
cibspi1/XC131982.ogg,4
cibspi1/XC431887.ogg,3
cibspi1/XC344999.ogg,0
cibspi1/XC195193.ogg,3
cibspi1/XC195192.ogg,3
cibspi1/XC195191.ogg,3
cibspi1/iNat145310.ogg,4
cibspi1/XC10780.ogg,4
coffal1/XC149033.ogg,4
coffal1/XC403315.ogg,2
coffal1/iNat1241913.ogg,4
coffal1/XC434043.ogg,0
coffal1/XC586367.ogg,0
coffal1/iNat143948.ogg,0
coffal1/iNat54413.ogg,4
coffal1/iNat167247.ogg,1
coffal1/XC534117.ogg,3
coffal1/iNat757132.ogg,4
coffal1/XC612212.ogg,1
coffal1/XC659894.ogg,0
coffal1/iNat311243.ogg,1
coffal1/XC240090.ogg,3
coffal1/XC1050925.ogg,4
coffal1/iNat803908.ogg,2
coffal1/iNat307844.ogg,1
coffal1/XC142680.ogg,2
coffal1/XC191671.ogg,3
coffal1/iNat1710475.ogg,1
coffal1/iNat1613549.ogg,4
coffal1/XC925772.ogg,3
coffal1/XC951733.ogg,1
coffal1/iNat161590.ogg,0
coffal1/XC174526.ogg,2
coffal1/XC978337.ogg,1
coffal1/iNat328747.ogg,0
coffal1/XC452374.ogg,3
coffal1/iNat1227366.ogg,3
coffal1/iNat1605564.ogg,0
coffal1/iNat539095.ogg,4
coffal1/iNat55348.ogg,3
coffal1/iNat310737.ogg,1
coffal1/XC926780.ogg,3
coffal1/XC962976.ogg,3
coffal1/XC582990.ogg,2
coffal1/iNat429535.ogg,3
coffal1/XC586364.ogg,0
coffal1/XC143919.ogg,3
coffal1/XC414202.ogg,2
coffal1/XC472018.ogg,3
coffal1/XC567713.ogg,2
coffal1/iNat1485359.ogg,3
coffal1/iNat348893.ogg,1
coffal1/XC305305.ogg,1
coffal1/XC330366.ogg,0
coffal1/XC741986.ogg,4
coffal1/iNat177204.ogg,1
coffal1/iNat844498.ogg,1
coffal1/XC737827.ogg,3
coffal1/XC125741.ogg,4
coffal1/XC360533.ogg,1
coffal1/XC65603.ogg,1
coffal1/iNat801274.ogg,4
coffal1/XC973612.ogg,1
coffal1/iNat161558.ogg,0
coffal1/XC144163.ogg,1
coffal1/XC589726.ogg,4
coffal1/XC580337.ogg,2
coffal1/iNat568989.ogg,0
coffal1/XC823958.ogg,1
coffal1/XC118866.ogg,3
coffal1/XC397310.ogg,3
coffal1/XC383050.ogg,0
coffal1/XC212002.ogg,1
coffal1/iNat926820.ogg,4
coffal1/XC736073.ogg,3
coffal1/XC261534.ogg,1
coffal1/XC607313.ogg,1
coffal1/iNat159652.ogg,3
coffal1/XC1011212.ogg,4
coffal1/XC154084.ogg,1
coffal1/iNat888569.ogg,3
coffal1/iNat1524024.ogg,4
coffal1/iNat286306.ogg,4
coffal1/XC191912.ogg,0
coffal1/iNat647366.ogg,4
coffal1/iNat293950.ogg,3
coffal1/XC360532.ogg,1
coffal1/XC518849.ogg,2
coffal1/XC582177.ogg,3
coffal1/iNat782270.ogg,4
coffal1/iNat508908.ogg,1
coffal1/XC898955.ogg,1
coffal1/iNat1252445.ogg,4
coffal1/XC704396.ogg,3
coffal1/iNat1141483.ogg,4
coffal1/iNat307842.ogg,1
coffal1/XC1032406.ogg,3
coffal1/XC484100.ogg,3
coffal1/iNat161245.ogg,4
coffal1/iNat916429.ogg,1
coffal1/XC801287.ogg,2
coffal1/iNat789515.ogg,1
coffal1/XC308814.ogg,4
coffal1/XC932095.ogg,0
coffal1/iNat1561777.ogg,3
coffal1/XC909256.ogg,0
coffal1/XC374723.ogg,2
coffal1/XC187593.ogg,4
coffal1/iNat1524028.ogg,4
coffal1/iNat58013.ogg,3
coffal1/iNat382803.ogg,1
coffal1/iNat583098.ogg,4
coffal1/iNat159711.ogg,4
coffal1/iNat363915.ogg,1
coffal1/XC580341.ogg,2
coffal1/iNat479646.ogg,0
coffal1/iNat288029.ogg,3
coffal1/iNat883022.ogg,3
coffal1/XC495915.ogg,3
coffal1/XC817259.ogg,2
coffal1/XC498122.ogg,3
coffal1/iNat127529.ogg,1
coffal1/iNat657765.ogg,1
coffal1/XC147983.ogg,1
coffal1/iNat333413.ogg,4
coffal1/iNat624794.ogg,0
coffal1/iNat363927.ogg,1
coffal1/iNat546135.ogg,1
coffal1/XC334220.ogg,1
coffal1/iNat531733.ogg,2
coffal1/XC355859.ogg,1
coffal1/XC360525.ogg,1
coffal1/XC544486.ogg,0
coffal1/XC1043455.ogg,1
coffal1/iNat399172.ogg,1
coffal1/iNat161184.ogg,4
coffal1/iNat558867.ogg,4
coffal1/XC901536.ogg,2
coffal1/iNat563216.ogg,4
coffal1/iNat568990.ogg,0
coffal1/XC117981.ogg,3
coffal1/iNat853060.ogg,4
coffal1/iNat396424.ogg,4
coffal1/iNat1323379.ogg,3
coffal1/iNat160478.ogg,4
coffal1/iNat916428.ogg,1
coffal1/XC1051801.ogg,1
coffal1/iNat757133.ogg,4
coffal1/iNat550265.ogg,4
coffal1/XC766377.ogg,0
coffal1/XC184960.ogg,0
coffal1/XC498123.ogg,3
coffal1/iNat127772.ogg,1
coffal1/XC113626.ogg,4
coffal1/XC957244.ogg,4
coffal1/XC299688.ogg,0
coffal1/iNat507000.ogg,4
coffal1/XC561198.ogg,4
coffal1/XC394839.ogg,4
coffal1/XC474545.ogg,2
coffal1/XC653582.ogg,3
coffal1/iNat1623785.ogg,3
coffal1/XC486483.ogg,4
coffal1/XC656108.ogg,4
coffal1/XC299137.ogg,0
coffal1/iNat1613362.ogg,4
coffal1/iNat399170.ogg,1
coffal1/iNat1356142.ogg,4
coffal1/iNat710442.ogg,1
coffal1/XC829183.ogg,1
coffal1/XC522067.ogg,3
coffal1/iNat885221.ogg,1
coffal1/XC238624.ogg,3
coffal1/XC522798.ogg,3
coffal1/XC257398.ogg,4
coffal1/iNat880818.ogg,4
coffal1/iNat507446.ogg,0
coffal1/XC475414.ogg,3
coffal1/iNat1524027.ogg,4
coffal1/XC474413.ogg,3
coffal1/iNat99870.ogg,1
coffal1/XC294739.ogg,1
coffal1/iNat1630166.ogg,4
coffal1/iNat235556.ogg,3
coffal1/iNat381392.ogg,0
coffal1/XC176293.ogg,2
coffal1/XC113951.ogg,4
coffal1/XC4325.ogg,1
coffal1/iNat542636.ogg,4
coffal1/XC394837.ogg,4
coffal1/iNat290958.ogg,1
coffal1/iNat702709.ogg,0
coffal1/XC514060.ogg,4
coffal1/XC186426.ogg,1
coffal1/iNat1627560.ogg,4
coffal1/XC442571.ogg,4
coffal1/iNat1447414.ogg,3
coffal1/XC286494.ogg,4
coffal1/iNat579264.ogg,0
coffal1/iNat905814.ogg,4
coffal1/iNat1211124.ogg,1
coffal1/XC465389.ogg,4
coffal1/XC303296.ogg,1
coffal1/XC113625.ogg,4
coffal1/XC474411.ogg,3
coffal1/iNat783503.ogg,4
coffal1/iNat1655600.ogg,4
coffal1/XC751222.ogg,0
coffal1/XC962975.ogg,3
coffal1/iNat1285585.ogg,4
coffal1/XC990770.ogg,3
coffal1/XC180412.ogg,2
coffal1/XC463744.ogg,0
coffal1/XC905059.ogg,1
coffal1/XC704831.ogg,3
coffal1/XC238626.ogg,3
coffal1/iNat356045.ogg,1
coffal1/XC400213.ogg,4
coffal1/XC817255.ogg,2
coffal1/XC691913.ogg,3
coffal1/XC978081.ogg,1
coffal1/XC577973.ogg,2
coffal1/iNat1310692.ogg,0
coffal1/XC299430.ogg,2
coffal1/iNat826419.ogg,4
coffal1/XC777927.ogg,2
coffal1/iNat177206.ogg,1
coffal1/iNat1722299.ogg,0
coffal1/XC930274.ogg,3
coffal1/XC329210.ogg,0
coffal1/iNat339130.ogg,0
coffal1/XC117979.ogg,4
coffal1/XC240089.ogg,3
coffal1/XC817256.ogg,2
coffal1/XC710857.ogg,1
coffal1/XC1720.ogg,0
coffal1/XC957243.ogg,4
coffal1/XC979701.ogg,3
coffal1/iNat1524026.ogg,4
coffal1/XC580453.ogg,2
coffal1/XC771588.ogg,0
coffal1/XC585347.ogg,3
coffal1/iNat1624185.ogg,3
coffal1/iNat550262.ogg,4
coffal1/XC548516.ogg,1
coffal1/XC241791.ogg,3
coffal1/XC587750.ogg,3
coffal1/XC640029.ogg,3
coffal1/XC151949.ogg,3
coffal1/iNat593142.ogg,4
coffal1/XC119887.ogg,3
coffal1/iNat858666.ogg,3
coffal1/XC601747.ogg,4
coffal1/iNat1249573.ogg,0
coffal1/XC990769.ogg,3
coffal1/XC235892.ogg,3
coffal1/iNat294773.ogg,1
coffal1/XC1016511.ogg,4
coffal1/iNat571717.ogg,4
coffal1/iNat167273.ogg,4
coffal1/iNat177228.ogg,1
coffal1/iNat127277.ogg,0
coffal1/XC360535.ogg,1
coffal1/XC344146.ogg,0
coffal1/XC978122.ogg,1
coffal1/XC665508.ogg,4
coffal1/iNat988913.ogg,2
coffal1/XC834086.ogg,3
coffal1/iNat588988.ogg,3
coffal1/XC28795.ogg,1
coffal1/iNat729743.ogg,4
coffal1/XC389015.ogg,2
coffal1/XC357510.ogg,2
coffal1/XC117980.ogg,3
coffal1/XC799782.ogg,3
coffal1/iNat508460.ogg,1
coffal1/XC174043.ogg,2
coffal1/XC823925.ogg,1
coffal1/XC977920.ogg,1
coffal1/XC389863.ogg,0
coffal1/XC705220.ogg,0
coffal1/XC127194.ogg,4
coffal1/XC922795.ogg,3
coffal1/XC213522.ogg,0
coffal1/XC972702.ogg,3
coffal1/XC279746.ogg,0
coffal1/XC137619.ogg,0
coffal1/iNat1245895.ogg,0
coffal1/iNat25242.ogg,3
coffal1/XC319608.ogg,1
coffal1/XC706863.ogg,2
coffal1/XC597587.ogg,1
coffal1/XC389339.ogg,2
coffal1/iNat1263289.ogg,2
coffal1/iNat1286904.ogg,4
coffal1/iNat363913.ogg,1
coffal1/XC407338.ogg,2
coffal1/XC520327.ogg,3
coffal1/XC905061.ogg,1
coffal1/XC114364.ogg,4
coffal1/XC771391.ogg,0
coffal1/iNat778991.ogg,3
coffal1/iNat363914.ogg,1
coffal1/iNat1491283.ogg,1
coffal1/iNat1686480.ogg,1
coffal1/iNat1544553.ogg,4
coffal1/XC507889.ogg,2
coffal1/iNat304004.ogg,1
coffal1/XC841757.ogg,3
coffal1/iNat803895.ogg,2
coffal1/XC465379.ogg,4
coffal1/XC2231.ogg,0
coffal1/iNat967755.ogg,3
coffal1/iNat276697.ogg,3
coffal1/iNat808218.ogg,4
coffal1/iNat1154623.ogg,3
coffal1/iNat158190.ogg,1
coffal1/iNat158609.ogg,0
coffal1/iNat558866.ogg,4
coffal1/XC175262.ogg,4
coffal1/iNat99868.ogg,1
coffal1/iNat399169.ogg,1
coffal1/XC909155.ogg,2
coffal1/XC299136.ogg,0
coffal1/XC474416.ogg,3
coffal1/iNat858665.ogg,3
coffal1/iNat16978.ogg,1
coffal1/XC213678.ogg,1
coffal1/iNat789513.ogg,1
coffal1/XC580450.ogg,2
coffal1/iNat266897.ogg,1
coffal1/XC261536.ogg,1
coffal1/iNat826415.ogg,4
coffal1/XC774186.ogg,0
coffal1/XC754104.ogg,2
coffal1/iNat546134.ogg,1
coffal1/XC965378.ogg,2
coffal1/XC1035098.ogg,2
coffal1/XC703023.ogg,0
coffal1/XC217482.ogg,4
coffal1/iNat871212.ogg,1
coffal1/XC990768.ogg,3
coffal1/XC768344.ogg,1
coffal1/XC841725.ogg,3
coffal1/iNat507447.ogg,0
coffal1/XC216861.ogg,1
coffal1/XC155512.ogg,0
coffal1/XC655942.ogg,0
coffal1/XC580339.ogg,2
coffal1/iNat1646343.ogg,4
coffal1/XC366781.ogg,3
coffal1/XC808569.ogg,1
coffal1/XC691922.ogg,3
coffal1/iNat1185954.ogg,0
coffal1/iNat1263320.ogg,1
coffal1/iNat156108.ogg,1
coffal1/XC680228.ogg,1
coffal1/iNat328745.ogg,0
coffal1/XC29090.ogg,3
coffal1/XC580510.ogg,2
coffal1/XC586366.ogg,0
coffal1/XC122697.ogg,2
coffal1/XC342748.ogg,0
coffal1/XC400078.ogg,0
coffal1/XC185.ogg,1
coffal1/XC1012428.ogg,3
coffal1/iNat672800.ogg,2
coffal1/iNat591978.ogg,2
coffal1/XC556410.ogg,2
coffal1/XC777926.ogg,2
coffal1/XC744341.ogg,0
coffal1/iNat307843.ogg,1
coffal1/XC238625.ogg,3
coffal1/XC291915.ogg,2
coffal1/XC144489.ogg,1
coffal1/XC85222.ogg,1
coffal1/iNat430456.ogg,4
coffal1/XC327482.ogg,2
coffal1/iNat507535.ogg,0
coffal1/XC474417.ogg,3
coffal1/iNat1167591.ogg,3
coffal1/iNat867353.ogg,4
coffal1/iNat563215.ogg,4
coffal1/XC238622.ogg,3
coffal1/XC46877.ogg,4
coffal1/XC254468.ogg,4
coffal1/XC771607.ogg,0
coffal1/iNat803567.ogg,0
coffal1/XC190574.ogg,3
coffal1/XC607081.ogg,4
coffal1/iNat559220.ogg,4
coffal1/iNat1279653.ogg,4
coffal1/iNat1593769.ogg,1
coffal1/iNat1708652.ogg,0
coffal1/XC260357.ogg,0
coffal1/iNat522819.ogg,4
coffal1/XC556409.ogg,2
coffal1/iNat523332.ogg,2
coffal1/iNat631460.ogg,2
coffal1/XC260359.ogg,0
coffal1/XC978639.ogg,3
coffal1/iNat1022623.ogg,2
coffal1/XC181307.ogg,1
coffal1/XC516393.ogg,2
coffal1/XC198345.ogg,2
coffal1/XC119554.ogg,3
coffal1/iNat345334.ogg,4
coffal1/XC521899.ogg,1
coffal1/iNat1097354.ogg,4
coffal1/XC582984.ogg,2
coffal1/iNat1432827.ogg,1
coffal1/XC774187.ogg,0
coffal1/iNat1636201.ogg,2
coffal1/XC453544.ogg,1
coffal1/iNat363917.ogg,1
coffal1/iNat349068.ogg,0
coffal1/XC834087.ogg,3
coffal1/iNat378032.ogg,4
coffal1/XC965381.ogg,2
coffal1/XC462284.ogg,4
coffal1/XC909255.ogg,0
coffal1/XC609210.ogg,2
coffal1/iNat547316.ogg,1
coffal1/iNat702712.ogg,0
coffal1/XC734585.ogg,4
coffal1/iNat1224756.ogg,0
coffal1/XC712945.ogg,0
coffal1/XC541728.ogg,3
coffal1/iNat1167589.ogg,3
coffal1/XC389402.ogg,2
coffal1/iNat310736.ogg,1
coffal1/iNat288028.ogg,3
coffal1/XC120575.ogg,1
coffal1/iNat1136478.ogg,3
coffal1/iNat127278.ogg,0
coffal1/iNat1637929.ogg,4
coffal1/iNat809977.ogg,2
coffal1/iNat858669.ogg,3
coffal1/XC420558.ogg,2
coffal1/XC983466.ogg,1
coffal1/XC260358.ogg,0
coffal1/XC328937.ogg,2
coffal1/iNat1608186.ogg,3
coffal1/XC131199.ogg,1
coffal1/iNat637450.ogg,4
coffal1/iNat1706376.ogg,4
coffal1/XC489606.ogg,3
coffal1/XC811852.ogg,4
coffal1/iNat52088.ogg,4
coffal1/XC118677.ogg,3
coffal1/XC122314.ogg,3
coffal1/XC349043.ogg,1
coffal1/XC465391.ogg,4
coffal1/iNat99869.ogg,1
coffal1/XC742303.ogg,0
coffal1/iNat1690551.ogg,2
coffal1/iNat1400837.ogg,4
coffal1/XC531380.ogg,1
coffal1/XC915055.ogg,0
coffal1/iNat550264.ogg,4
coffal1/XC381877.ogg,1
coffal1/iNat782291.ogg,4
coffal1/iNat64662.ogg,1
coffal1/XC188287.ogg,4
coffal1/XC357446.ogg,4
coffal1/XC238623.ogg,3
coffal1/XC792708.ogg,2
coffal1/iNat588156.ogg,2
coffal1/XC777380.ogg,2
coffal1/iNat828678.ogg,0
coffal1/XC514068.ogg,4
coffal1/XC360536.ogg,1
coffal1/XC333864.ogg,3
coffal1/iNat1524025.ogg,4
coffal1/XC191914.ogg,0
coffal1/XC498118.ogg,3
coffal1/iNat177661.ogg,0
coffal1/XC165194.ogg,0
coffal1/XC1000366.ogg,1
coffal1/XC85223.ogg,1
coffal1/XC173578.ogg,1
coffal1/iNat789514.ogg,1
coffal1/XC413777.ogg,2
coffal1/iNat550261.ogg,4
coffal1/XC957242.ogg,4
coffal1/XC796169.ogg,4
coffal1/iNat252353.ogg,0
coffal1/XC655938.ogg,0
coffal1/XC710911.ogg,2
coffal1/iNat1544506.ogg,4
coffal1/iNat55349.ogg,3
coffal1/XC498112.ogg,3
coffal1/iNat546006.ogg,1
coffal1/XC388220.ogg,4
coffal1/XC420105.ogg,1
coffal1/XC164970.ogg,0
coffal1/iNat677967.ogg,1
coffal1/iNat395438.ogg,1
coffal1/XC491706.ogg,3
coffal1/iNat586846.ogg,4
coffal1/XC608615.ogg,1
coffal1/iNat971728.ogg,1
coffal1/iNat1325521.ogg,1
compau/XC254120.ogg,4
compau/iNat48550.ogg,4
compau/iNat956023.ogg,3
compau/XC247996.ogg,0
compau/XC525625.ogg,3
compau/XC319267.ogg,2
compau/iNat1198878.ogg,4
compau/iNat52694.ogg,4
compau/iNat541895.ogg,4
compau/XC748993.ogg,1
compau/iNat443283.ogg,1
compau/iNat811296.ogg,4
compau/iNat1591339.ogg,2
compau/iNat931764.ogg,4
compau/iNat610820.ogg,4
compau/iNat648414.ogg,2
compau/XC537498.ogg,0
compau/iNat977574.ogg,2
compau/iNat503468.ogg,2
compau/XC1034697.ogg,2
compau/iNat922687.ogg,3
compau/XC506893.ogg,0
compau/iNat138260.ogg,4
compau/XC520391.ogg,0
compau/XC837459.ogg,3
compau/XC837940.ogg,2
compau/XC121700.ogg,1
compau/iNat1409446.ogg,0
compau/iNat45888.ogg,2
compau/iNat903906.ogg,2
compau/iNat1217423.ogg,2
compau/XC123378.ogg,4
compau/iNat657030.ogg,1
compau/XC532316.ogg,1
compau/iNat307534.ogg,2
compau/XC1009656.ogg,2
compau/XC166197.ogg,4
compau/iNat270116.ogg,0
compau/iNat357076.ogg,2
compau/iNat1448419.ogg,3
compau/XC196078.ogg,0
compau/iNat1611053.ogg,4
compau/XC674622.ogg,3
compau/iNat637977.ogg,4
compau/XC1035712.ogg,2
compau/XC512361.ogg,3
compau/iNat266542.ogg,0
compau/iNat554160.ogg,0
compau/XC389662.ogg,3
compau/iNat141107.ogg,4
compau/XC252005.ogg,2
compau/iNat936793.ogg,1
compau/XC291882.ogg,2
compau/XC820752.ogg,1
compau/iNat1252276.ogg,1
compau/iNat1557355.ogg,3
compau/iNat1306506.ogg,1
compau/XC146262.ogg,4
compau/iNat497938.ogg,4
compau/XC213429.ogg,0
compau/XC816881.ogg,2
compau/iNat330489.ogg,4
compau/iNat948002.ogg,0
compau/XC387953.ogg,4
compau/iNat1350221.ogg,0
compau/iNat1684796.ogg,3
compau/XC134695.ogg,0
compau/iNat1247523.ogg,2
compau/XC144472.ogg,1
compau/iNat1268784.ogg,2
compau/iNat1645105.ogg,0
compau/XC127018.ogg,3
compau/iNat905985.ogg,1
compau/iNat1203854.ogg,2
compau/iNat358498.ogg,3
compau/iNat304007.ogg,3
compau/iNat443284.ogg,1
compau/XC669686.ogg,3
compau/XC694952.ogg,4
compau/XC493218.ogg,2
compau/XC367592.ogg,3
compau/iNat1657857.ogg,2
compau/XC500944.ogg,3
compau/XC812859.ogg,4
compau/XC1034705.ogg,2
compau/iNat588996.ogg,3
compau/iNat1027618.ogg,2
compau/iNat1100192.ogg,1
compau/iNat337835.ogg,1
compau/XC196103.ogg,0
compau/XC688820.ogg,0
compau/iNat667246.ogg,0
compau/XC225326.ogg,4
compau/XC1047903.ogg,3
compau/iNat179116.ogg,3
compau/XC353308.ogg,4
compau/iNat392637.ogg,0
compau/iNat1294211.ogg,1
compau/XC592920.ogg,2
compau/iNat602171.ogg,4
compau/iNat383866.ogg,0
compau/iNat1177367.ogg,4
compau/iNat559416.ogg,0
compau/XC417320.ogg,0
compau/XC688762.ogg,0
compau/iNat965031.ogg,4
compau/iNat575145.ogg,1
compau/iNat15760.ogg,2
compau/XC737382.ogg,2
compau/iNat1092973.ogg,0
compau/XC46979.ogg,4
compau/XC774188.ogg,0
compau/XC112630.ogg,2
compau/iNat1276338.ogg,4
compau/iNat838516.ogg,1
compau/XC987268.ogg,2
compau/XC743970.ogg,2
compau/iNat1593960.ogg,3
compau/iNat567940.ogg,0
compau/iNat1679047.ogg,3
compau/XC900266.ogg,2
compau/XC573801.ogg,4
compau/XC126033.ogg,4
compau/XC291984.ogg,2
compau/XC697033.ogg,3
compau/XC399579.ogg,2
compau/iNat891832.ogg,0
compau/XC1032426.ogg,3
compau/XC285306.ogg,1
compau/iNat206977.ogg,4
compau/iNat782513.ogg,0
compau/iNat519380.ogg,4
compau/XC431830.ogg,3
compau/iNat1562998.ogg,4
compau/iNat914027.ogg,1
compau/iNat334084.ogg,4
compau/XC236447.ogg,1
compau/XC922085.ogg,3
compau/iNat1685529.ogg,3
compau/XC687806.ogg,1
compau/XC450508.ogg,3
compau/XC607373.ogg,1
compau/iNat1221801.ogg,2
compau/iNat221565.ogg,4
compau/iNat857779.ogg,2
compau/iNat820921.ogg,2
compau/iNat946279.ogg,1
compau/XC122296.ogg,3
compau/iNat925736.ogg,1
compau/iNat1599244.ogg,4
compau/iNat345646.ogg,3
compau/iNat1632870.ogg,2
compau/XC359450.ogg,1
compau/iNat908726.ogg,1
compau/iNat696309.ogg,4
compau/XC520546.ogg,2
compau/XC493435.ogg,2
compau/iNat893157.ogg,2
compau/iNat1448423.ogg,3
compau/iNat633519.ogg,4
compau/iNat905459.ogg,4
compau/iNat312902.ogg,3
compau/XC956287.ogg,4
compau/iNat834540.ogg,4
compau/iNat122202.ogg,4
compau/iNat153773.ogg,0
compau/XC816878.ogg,2
compau/iNat679106.ogg,0
compau/iNat1255067.ogg,0
compau/XC8645.ogg,1
compau/iNat396664.ogg,0
compau/XC455589.ogg,0
compau/XC146394.ogg,1
compau/iNat1037302.ogg,0
compau/XC857626.ogg,3
compau/iNat887681.ogg,0
compau/XC638835.ogg,3
compau/XC742722.ogg,2
compau/XC1069976.ogg,1
compau/XC311012.ogg,4
compau/XC127005.ogg,3
compau/XC388202.ogg,1
compau/iNat1092686.ogg,3
compau/iNat888828.ogg,3
compau/XC331185.ogg,3
compau/iNat742715.ogg,0
compau/iNat1166746.ogg,2
compau/XC642573.ogg,3
compau/iNat24285.ogg,2
compau/iNat414732.ogg,1
compau/iNat882322.ogg,2
compau/iNat616399.ogg,3
compau/iNat736273.ogg,2
compau/XC810428.ogg,2
compau/XC924135.ogg,3
compau/XC234121.ogg,4
compau/XC190039.ogg,0
compau/iNat138699.ogg,4
compau/iNat330573.ogg,1
compau/iNat766421.ogg,3
compau/iNat60708.ogg,3
compau/iNat177229.ogg,1
compau/iNat1722090.ogg,3
compau/iNat628788.ogg,2
compau/iNat595463.ogg,2
compau/iNat1112538.ogg,3
compau/iNat226671.ogg,2
compau/iNat1682299.ogg,1
compau/XC861438.ogg,0
compau/iNat1216173.ogg,0
compau/XC1006052.ogg,3
compau/iNat919684.ogg,2
compau/iNat448048.ogg,4
compau/XC839381.ogg,1
compau/XC721769.ogg,2
compau/XC197668.ogg,2
compau/XC127688.ogg,1
compau/XC368462.ogg,0
compau/XC913409.ogg,3
compau/iNat971069.ogg,4
compau/XC257197.ogg,3
compau/iNat626986.ogg,0
compau/iNat1625100.ogg,2
compau/XC522870.ogg,1
compau/iNat1711436.ogg,2
compau/iNat343828.ogg,2
compau/iNat1177366.ogg,4
compau/XC276977.ogg,1
compau/XC538254.ogg,4
compau/XC265244.ogg,1
compau/iNat1395600.ogg,4
compau/iNat695928.ogg,2
compau/iNat1583023.ogg,1
compau/iNat497065.ogg,1
compau/XC861509.ogg,3
compau/iNat1672503.ogg,3
compau/XC421913.ogg,0
compau/XC427477.ogg,2
compau/iNat502752.ogg,2
compau/iNat300646.ogg,1
compau/XC943093.ogg,2
compau/iNat925731.ogg,1
compau/iNat971071.ogg,4
compau/iNat1284724.ogg,0
compau/iNat573781.ogg,3
compau/XC85241.ogg,1
compau/iNat196964.ogg,3
compau/XC630102.ogg,3
compau/iNat595908.ogg,3
compau/iNat18984.ogg,4
compau/iNat826803.ogg,4
compau/XC257770.ogg,4
compau/iNat558586.ogg,0
compau/iNat939685.ogg,4
compau/iNat1369171.ogg,2
compau/XC8862.ogg,3
compau/XC671531.ogg,4
compau/iNat419323.ogg,2
compau/XC244758.ogg,3
compau/iNat1680135.ogg,4
compau/XC756789.ogg,2
compau/iNat1603495.ogg,1
compau/XC285285.ogg,1
compau/XC977275.ogg,1
compau/iNat384592.ogg,3
compau/iNat382306.ogg,0
compau/XC128774.ogg,4
compau/iNat1211648.ogg,0
compau/iNat663104.ogg,4
compau/XC127613.ogg,1
compau/XC221567.ogg,4
compau/iNat57995.ogg,4
compau/iNat1053010.ogg,3
compau/iNat1198783.ogg,3
compau/XC1064777.ogg,3
compau/iNat414641.ogg,4
compau/iNat1308425.ogg,0
compau/iNat973187.ogg,1
compau/XC264113.ogg,3
compau/iNat313592.ogg,3
compau/XC920202.ogg,3
compau/iNat338934.ogg,3
compau/iNat1166887.ogg,2
compau/XC560641.ogg,4
compau/iNat1640961.ogg,3
compau/iNat898829.ogg,2
compau/iNat762808.ogg,2
compau/iNat257133.ogg,1
compau/XC604849.ogg,1
compau/iNat450348.ogg,0
compau/iNat1242998.ogg,4
compau/XC456499.ogg,2
compau/iNat908725.ogg,1
compau/iNat902169.ogg,4
compau/XC164865.ogg,4
compau/iNat1347382.ogg,2
compau/XC389667.ogg,3
compau/iNat166506.ogg,4
compau/XC124327.ogg,4
compau/XC8839.ogg,3
compau/iNat23079.ogg,2
compau/XC118678.ogg,3
compau/XC545393.ogg,4
compau/iNat729290.ogg,2
compau/iNat584158.ogg,1
compau/iNat210020.ogg,2
compau/iNat1268738.ogg,1
compau/iNat722846.ogg,2
compau/iNat654284.ogg,1
compau/XC389372.ogg,2
compau/XC812658.ogg,3
compau/iNat44508.ogg,4
compau/iNat1166470.ogg,2
compau/iNat1312444.ogg,4
compau/XC982191.ogg,3
compau/iNat761502.ogg,1
compau/XC330470.ogg,4
compau/iNat970991.ogg,4
compau/XC307201.ogg,2
compau/iNat141105.ogg,4
compau/XC315234.ogg,4
compau/iNat1623767.ogg,2
compau/XC212371.ogg,3
compau/iNat1593963.ogg,3
compau/iNat527487.ogg,1
compau/iNat1438990.ogg,3
compau/iNat758177.ogg,3
compau/iNat935127.ogg,4
compau/iNat384596.ogg,3
compau/XC953707.ogg,2
compau/iNat1615924.ogg,0
compau/XC28517.ogg,1
compau/XC317814.ogg,1
compau/iNat1284795.ogg,0
compau/iNat155038.ogg,2
compau/XC573313.ogg,0
compau/XC238687.ogg,3
compau/XC113477.ogg,1
compau/iNat1705420.ogg,2
compau/XC827132.ogg,1
compau/XC730048.ogg,2
compau/iNat687620.ogg,0
compau/XC276982.ogg,1
compau/iNat534319.ogg,4
compau/iNat893978.ogg,4
compau/XC541160.ogg,2
compau/XC483111.ogg,3
compau/iNat1268826.ogg,2
compau/XC842569.ogg,0
compau/iNat313595.ogg,3
compau/XC130849.ogg,3
compau/XC1035441.ogg,2
compau/XC825541.ogg,4
compau/XC256078.ogg,0
compau/XC128433.ogg,3
compau/XC589904.ogg,1
compau/iNat736260.ogg,2
compau/XC186385.ogg,0
compau/XC534541.ogg,4
compau/XC1577.ogg,0
compau/iNat1484790.ogg,3
compau/iNat32763.ogg,2
compau/XC421914.ogg,0
compau/XC257773.ogg,4
compau/iNat373873.ogg,3
compau/XC811731.ogg,2
compau/XC28561.ogg,1
compau/XC1006053.ogg,3
compau/XC128797.ogg,3
compau/XC671530.ogg,4
compau/iNat675805.ogg,3
compau/XC455591.ogg,0
compau/XC624919.ogg,1
compau/XC350068.ogg,1
compau/iNat943426.ogg,4
compau/XC707148.ogg,3
compau/iNat1685717.ogg,2
compau/iNat34130.ogg,2
compau/XC837943.ogg,2
compau/XC511762.ogg,0
compau/iNat266545.ogg,0
compau/XC532315.ogg,1
compau/iNat1613180.ogg,1
compau/iNat1148601.ogg,4
compau/iNat1725384.ogg,2
compau/XC965379.ogg,2
compau/XC294681.ogg,1
compau/iNat198955.ogg,1
compau/iNat742717.ogg,0
compau/iNat1598041.ogg,2
compau/iNat334085.ogg,4
compau/XC238690.ogg,3
compau/XC782246.ogg,2
compau/iNat477852.ogg,0
compau/XC276986.ogg,1
compau/XC121382.ogg,2
compau/XC129889.ogg,1
compau/iNat367433.ogg,2
compau/iNat1306618.ogg,0
compau/iNat973186.ogg,1
compau/XC768349.ogg,1
compau/iNat1051340.ogg,2
compau/XC238691.ogg,3
compau/iNat1031086.ogg,2
compau/XC172387.ogg,3
compau/iNat352392.ogg,4
compau/iNat589642.ogg,1
compau/iNat384598.ogg,3
compau/XC432407.ogg,3
compau/iNat559727.ogg,0
compau/XC796934.ogg,1
compau/XC234356.ogg,1
compau/iNat1321681.ogg,4
compau/iNat1337860.ogg,3
compau/XC127598.ogg,4
compau/iNat1613509.ogg,4
compau/iNat383864.ogg,0
compau/iNat1573358.ogg,1
compau/iNat1720855.ogg,4
compau/XC709716.ogg,3
compau/XC238688.ogg,3
compau/XC85242.ogg,1
compau/iNat326920.ogg,3
compau/XC955147.ogg,4
compau/XC186383.ogg,0
compau/iNat193007.ogg,3
compau/XC148609.ogg,1
compau/iNat1166749.ogg,2
compau/XC664411.ogg,2
compau/XC198528.ogg,1
compau/XC217758.ogg,2
compau/XC436502.ogg,2
compau/iNat373115.ogg,0
compau/iNat936765.ogg,1
compau/iNat385462.ogg,2
compau/XC741147.ogg,2
compau/iNat354582.ogg,3
compau/iNat864238.ogg,4
compau/iNat559696.ogg,0
compau/iNat343721.ogg,2
compau/iNat727365.ogg,2
compau/XC1059417.ogg,1
compau/XC500061.ogg,2
compau/XC240130.ogg,4
compau/XC180489.ogg,4
compau/XC166804.ogg,4
compau/iNat656247.ogg,2
compau/XC856921.ogg,0
compau/XC1576.ogg,0
compau/XC607371.ogg,1
compau/iNat924538.ogg,4
compau/iNat18972.ogg,2
compau/iNat605860.ogg,2
compau/XC293708.ogg,3
compau/XC525626.ogg,3
compau/iNat286280.ogg,4
compau/iNat1258927.ogg,4
compau/XC500143.ogg,1
compau/iNat17986.ogg,2
compau/XC257771.ogg,4
compau/XC502220.ogg,1
compau/iNat1258929.ogg,4
compau/XC261668.ogg,1
compau/iNat858465.ogg,4
compau/XC434955.ogg,0
compau/XC525401.ogg,3
compau/iNat1661865.ogg,4
compau/iNat1273520.ogg,2
compau/iNat1294212.ogg,1
compau/XC340145.ogg,3
compau/iNat1001571.ogg,3
compau/iNat1349579.ogg,2
compau/iNat1616398.ogg,2
compau/iNat1441600.ogg,2
compau/iNat906072.ogg,1
compau/XC973328.ogg,2
compau/iNat337908.ogg,3
compau/iNat1192928.ogg,1
compau/XC550069.ogg,3
compau/iNat79003.ogg,4
compau/XC238689.ogg,3
compau/XC737384.ogg,2
compau/XC871661.ogg,2
compau/iNat915903.ogg,4
compau/iNat595475.ogg,2
compau/iNat1584558.ogg,0
compau/XC334335.ogg,1
compau/XC148342.ogg,3
compau/XC465140.ogg,2
compau/XC1032427.ogg,3
compau/XC1067292.ogg,3
compau/iNat714050.ogg,4
compau/iNat936767.ogg,1
compot1/iNat1238815.ogg,4
compot1/iNat1240815.ogg,4
compot1/XC603961.ogg,3
compot1/XC604949.ogg,3
compot1/XC206619.ogg,3
compot1/XC365172.ogg,3
compot1/XC216377.ogg,3
compot1/XC610620.ogg,1
compot1/iNat1265108.ogg,1
compot1/iNat167504.ogg,1
compot1/iNat167505.ogg,1
compot1/iNat167506.ogg,1
compot1/iNat51752.ogg,0
compot1/iNat1250801.ogg,2
compot1/iNat1244286.ogg,1
compot1/iNat1244287.ogg,1
compot1/iNat1244285.ogg,1
compot1/iNat1244288.ogg,1
compot1/iNat1250799.ogg,2
compot1/iNat564149.ogg,1
compot1/iNat93283.ogg,1
compot1/iNat1243494.ogg,1
compot1/iNat1243499.ogg,1
compot1/XC961504.ogg,2
compot1/XC359333.ogg,3
compot1/XC605293.ogg,3
compot1/iNat503173.ogg,2
compot1/iNat52257.ogg,1
compot1/iNat343209.ogg,1
compot1/iNat1285706.ogg,4
compot1/iNat55438.ogg,4
compot1/XC174926.ogg,0
compot1/XC155788.ogg,1
compot1/iNat1251802.ogg,2
compot1/XC965190.ogg,3
compot1/iNat1613581.ogg,4
compot1/XC70535.ogg,3
compot1/iNat1613582.ogg,4
compot1/iNat1669237.ogg,2
compot1/iNat1617211.ogg,0
compot1/XC645501.ogg,1
compot1/iNat48995.ogg,1
compot1/iNat1484808.ogg,3
compot1/iNat1484810.ogg,3
compot1/iNat580381.ogg,3
compot1/iNat557893.ogg,4
compot1/iNat1467978.ogg,3
compot1/iNat1468004.ogg,3
compot1/iNat1468005.ogg,3
compot1/iNat1468003.ogg,3
compot1/iNat580356.ogg,3
compot1/iNat1484809.ogg,3
compot1/XC173730.ogg,1
compot1/XC512014.ogg,0
compot1/XC172858.ogg,2
compot1/XC364277.ogg,3
compot1/XC484283.ogg,3
compot1/XC483746.ogg,3
compot1/iNat1244084.ogg,2
compot1/iNat172621.ogg,0
compot1/iNat317197.ogg,4
compot1/XC447764.ogg,4
compot1/XC550036.ogg,3
compot1/iNat149514.ogg,4
compot1/iNat819240.ogg,4
compot1/XC521906.ogg,1
compot1/iNat1727010.ogg,4
compot1/iNat1561530.ogg,3
compot1/iNat571563.ogg,3
compot1/XC48753.ogg,3
compot1/iNat1726831.ogg,1
compot1/iNat864364.ogg,0
compot1/iNat828614.ogg,1
compot1/iNat552314.ogg,1
compot1/iNat1215008.ogg,2
compot1/iNat319291.ogg,3
compot1/iNat330488.ogg,4
compot1/iNat1448421.ogg,3
compot1/iNat1448424.ogg,3
compot1/iNat326916.ogg,3
compot1/XC589881.ogg,2
compot1/iNat617858.ogg,4
compot1/iNat1198136.ogg,0
compot1/iNat19778.ogg,2
compot1/iNat1688410.ogg,4
compot1/XC842596.ogg,0
compot1/XC171042.ogg,0
compot1/XC601401.ogg,1
compot1/XC187469.ogg,4
compot1/iNat939547.ogg,2
compot1/iNat546174.ogg,4
compot1/XC714027.ogg,0
compot1/XC714025.ogg,0
compot1/XC673070.ogg,1
compot1/iNat854044.ogg,1
compot1/iNat1246481.ogg,1
compot1/iNat1254643.ogg,1
compot1/iNat286301.ogg,4
compot1/iNat549164.ogg,4
compot1/iNat834373.ogg,4
compot1/iNat1722254.ogg,0
compot1/XC344944.ogg,1
compot1/iNat822562.ogg,1
compot1/iNat822563.ogg,1
compot1/XC1053925.ogg,0
compot1/XC352274.ogg,0
compot1/XC164900.ogg,2
compot1/XC186859.ogg,1
compot1/iNat1668960.ogg,4
compot1/iNat1668961.ogg,4
compot1/iNat1668963.ogg,4
compot1/iNat1643152.ogg,4
compot1/iNat1643153.ogg,4
compot1/XC121702.ogg,1
compot1/XC447887.ogg,2
compot1/XC355993.ogg,0
compot1/iNat914534.ogg,3
compot1/iNat863789.ogg,4
compot1/iNat339097.ogg,4
compot1/iNat47725.ogg,4
compot1/XC386394.ogg,4
compot1/XC472440.ogg,3
compot1/iNat1212836.ogg,2
compot1/XC236386.ogg,1
compot1/XC577186.ogg,1
compot1/XC439972.ogg,4
compot1/XC281886.ogg,4
compot1/iNat1669924.ogg,1
compot1/XC388679.ogg,3
compot1/XC253138.ogg,3
compot1/XC130852.ogg,3
compot1/iNat1677926.ogg,4
compot1/iNat1657045.ogg,4
compot1/iNat1657046.ogg,4
compot1/iNat1657047.ogg,4
compot1/iNat1657048.ogg,4
compot1/XC681110.ogg,1
compot1/iNat1694140.ogg,2
compot1/iNat1708093.ogg,2
compot1/iNat1653379.ogg,4
compot1/XC211656.ogg,0
compot1/XC452470.ogg,2
compot1/iNat398198.ogg,0
compot1/XC799063.ogg,4
compot1/iNat1660624.ogg,4
compot1/iNat159651.ogg,1
compot1/XC113761.ogg,4
compot1/XC1006051.ogg,3
compot1/iNat1690538.ogg,4
compot1/iNat1259359.ogg,2
compot1/iNat1232606.ogg,1
compot1/XC838558.ogg,2
compot1/iNat1501503.ogg,2
compot1/XC943899.ogg,4
compot1/XC2578.ogg,0
compot1/XC315576.ogg,1
compot1/XC735426.ogg,2
compot1/XC441315.ogg,2
compot1/XC436506.ogg,2
compot1/XC1059996.ogg,2
compot1/XC995219.ogg,2
compot1/iNat1239396.ogg,1
compot1/iNat1628571.ogg,1
compot1/XC705093.ogg,0
compot1/XC818322.ogg,2
compot1/XC818321.ogg,2
compot1/iNat1238810.ogg,3
compot1/XC837280.ogg,3
compot1/iNat1263889.ogg,1
compot1/XC415537.ogg,2
compot1/XC613978.ogg,2
compot1/XC770501.ogg,2
compot1/XC770502.ogg,2
compot1/XC551367.ogg,3
compot1/XC964913.ogg,3
compot1/iNat1254202.ogg,1
compot1/XC123263.ogg,3
compot1/XC964910.ogg,3
compot1/XC73978.ogg,1
compot1/XC575192.ogg,1
compot1/XC575190.ogg,1
compot1/XC497401.ogg,4
compot1/iNat1145134.ogg,4
compot1/XC127170.ogg,1
compot1/iNat1187802.ogg,4
compot1/XC521278.ogg,3
compot1/XC306496.ogg,1
compot1/XC232649.ogg,1
compot1/iNat882032.ogg,2
compot1/XC712920.ogg,4
compot1/XC712918.ogg,4
compot1/XC813018.ogg,1
compot1/iNat856391.ogg,3
compot1/iNat971048.ogg,4
compot1/iNat971049.ogg,4
compot1/iNat971050.ogg,4
compot1/iNat971052.ogg,4
compot1/XC343027.ogg,0
compot1/iNat1231154.ogg,3
compot1/iNat1231155.ogg,3
compot1/iNat1231157.ogg,3
compot1/iNat1231158.ogg,3
compot1/XC121240.ogg,3
compot1/XC118926.ogg,3
compot1/XC85244.ogg,1
compot1/iNat1688274.ogg,3
compot1/XC497128.ogg,4
compot1/XC169111.ogg,0
compot1/XC387411.ogg,0
compot1/XC257764.ogg,4
compot1/iNat1214007.ogg,2
compot1/iNat1213988.ogg,2
compot1/iNat1214022.ogg,2
compot1/iNat1214037.ogg,2
compot1/iNat1160782.ogg,2
compot1/iNat1213994.ogg,2
compot1/iNat1214005.ogg,2
compot1/iNat1214030.ogg,2
compot1/iNat1213977.ogg,2
compot1/iNat1214009.ogg,2
compot1/iNat1214078.ogg,2
compot1/iNat1214092.ogg,2
compot1/iNat1214093.ogg,2
compot1/iNat1214094.ogg,2
compot1/iNat1214096.ogg,2
compot1/iNat1214097.ogg,2
compot1/iNat1214095.ogg,2
compot1/iNat1214098.ogg,2
compot1/iNat1214099.ogg,2
compot1/iNat1214067.ogg,2
compot1/iNat1214068.ogg,2
compot1/iNat1214069.ogg,2
compot1/iNat1214070.ogg,2
compot1/iNat1214071.ogg,2
compot1/iNat1214072.ogg,2
compot1/iNat1214074.ogg,2
compot1/iNat1214073.ogg,2
compot1/iNat1214075.ogg,2
compot1/iNat1214079.ogg,2
compot1/iNat1214080.ogg,2
compot1/XC118823.ogg,3
compot1/XC318820.ogg,4
compot1/XC393360.ogg,0
compot1/iNat875325.ogg,4
compot1/iNat544868.ogg,4
compot1/iNat1535582.ogg,3
compot1/XC427711.ogg,2
compot1/XC232651.ogg,1
compot1/XC775504.ogg,0
compot1/XC251264.ogg,3
compot1/XC191814.ogg,3
compot1/XC260437.ogg,0
compot1/iNat570351.ogg,0
compot1/XC238678.ogg,3
compot1/XC611260.ogg,3
compot1/iNat879257.ogg,2
compot1/XC827068.ogg,1
compot1/XC257763.ogg,4
compot1/XC709077.ogg,0
compot1/iNat808816.ogg,2
compot1/XC452812.ogg,1
compot1/iNat338649.ogg,3
compot1/iNat338652.ogg,3
compot1/iNat338679.ogg,3
compot1/iNat1595958.ogg,2
compot1/iNat155860.ogg,0
compot1/XC158507.ogg,1
compot1/XC680761.ogg,0
compot1/XC823926.ogg,1
compot1/XC215197.ogg,4
compot1/XC544726.ogg,0
compot1/XC544489.ogg,0
compot1/XC128177.ogg,4
compot1/XC6685.ogg,3
compot1/XC766531.ogg,2
compot1/XC1002857.ogg,2
compot1/XC1002856.ogg,2
compot1/XC891762.ogg,2
compot1/XC1014660.ogg,2
compot1/XC1010900.ogg,2
compot1/XC1001794.ogg,2
compot1/XC1001793.ogg,2
compot1/XC1010901.ogg,2
compot1/XC1004238.ogg,2
compot1/XC1014658.ogg,2
compot1/XC989040.ogg,1
compot1/XC989036.ogg,1
compot1/iNat329881.ogg,2
compot1/iNat340802.ogg,0
compot1/XC238680.ogg,3
compot1/XC238679.ogg,3
compot1/XC238681.ogg,3
compot1/XC261659.ogg,1
compot1/XC261658.ogg,1
compot1/XC71408.ogg,1
compot1/XC139202.ogg,3
compot1/XC549974.ogg,1
compot1/XC549966.ogg,1
compot1/XC549964.ogg,1
compot1/XC825543.ogg,4
compot1/XC336341.ogg,4
compot1/XC355872.ogg,0
compot1/iNat535841.ogg,0
compot1/XC946166.ogg,4
compot1/XC946167.ogg,4
compot1/XC366371.ogg,0
compot1/XC465088.ogg,0
compot1/XC616941.ogg,4
compot1/XC520545.ogg,2
compot1/XC482605.ogg,4
compot1/XC817315.ogg,4
compot1/XC244247.ogg,3
compot1/iNat101899.ogg,3
compot1/XC506963.ogg,0
compot1/XC506962.ogg,0
compot1/XC479991.ogg,4
compot1/XC450425.ogg,4
compot1/XC391486.ogg,2
compot1/iNat254595.ogg,4
compot1/iNat1433210.ogg,0
compot1/iNat1431248.ogg,2
compot1/iNat1005688.ogg,2
compot1/iNat117268.ogg,0
compot1/iNat983312.ogg,1
compot1/XC344325.ogg,1
compot1/iNat1292688.ogg,0
compot1/iNat634834.ogg,1
compot1/XC934762.ogg,2
compot1/XC648135.ogg,3
compot1/XC812662.ogg,3
compot1/XC812663.ogg,3
compot1/iNat61935.ogg,0
compot1/XC507184.ogg,3
compot1/XC507183.ogg,3
compot1/XC507182.ogg,3
compot1/XC518071.ogg,3
compot1/XC507181.ogg,3
compot1/XC507180.ogg,3
compot1/XC507179.ogg,3
compot1/XC507178.ogg,3
compot1/XC507177.ogg,3
compot1/XC507176.ogg,3
compot1/XC767425.ogg,4
compot1/XC335210.ogg,4
compot1/iNat52686.ogg,4
compot1/XC801415.ogg,2
compot1/iNat935992.ogg,4
compot1/XC518070.ogg,3
compot1/XC518069.ogg,3
compot1/XC518068.ogg,3
compot1/XC518067.ogg,3
compot1/XC518066.ogg,3
compot1/XC540501.ogg,3
compot1/iNat159073.ogg,4
compot1/XC723777.ogg,2
compot1/iNat1332417.ogg,3
compot1/iNat199031.ogg,0
compot1/iNat211020.ogg,4
compot1/iNat107668.ogg,0
compot1/XC167564.ogg,4
compot1/iNat925733.ogg,1
compot1/iNat925732.ogg,1
compot1/iNat722842.ogg,2
compot1/iNat722843.ogg,2
compot1/iNat722845.ogg,2
compot1/iNat1232574.ogg,2
compot1/XC180954.ogg,1
compot1/iNat728532.ogg,1
crbthr1/XC399741.ogg,3
crbthr1/XC997487.ogg,3
crbthr1/iNat145407.ogg,4
crbthr1/iNat145408.ogg,4
crbthr1/iNat1672157.ogg,0
crbthr1/iNat1244812.ogg,0
crbthr1/iNat854015.ogg,3
crbthr1/iNat319708.ogg,3
crbthr1/iNat319714.ogg,3
crbthr1/iNat1248375.ogg,1
crbthr1/iNat835797.ogg,1
crbthr1/iNat1684671.ogg,0
crbthr1/iNat1684746.ogg,0
crbthr1/iNat152211.ogg,1
crbthr1/iNat330691.ogg,3
crbthr1/XC297341.ogg,0
crbthr1/XC202917.ogg,0
crbthr1/iNat1684764.ogg,0
crbthr1/iNat850201.ogg,3
crbthr1/iNat851989.ogg,0
crbthr1/iNat314901.ogg,4
crbthr1/iNat155267.ogg,4
crbthr1/iNat555755.ogg,3
crbthr1/iNat338017.ogg,1
crbthr1/iNat147739.ogg,3
crbthr1/iNat1691632.ogg,2
crbthr1/iNat52740.ogg,4
crbthr1/XC825260.ogg,1
crbthr1/iNat1248477.ogg,2
crbthr1/iNat1201128.ogg,0
crbthr1/iNat155214.ogg,4
crbthr1/iNat1226832.ogg,2
crbthr1/iNat555752.ogg,2
crbthr1/iNat555750.ogg,2
crbthr1/iNat335884.ogg,4
crbthr1/iNat567305.ogg,4
crbthr1/XC46884.ogg,3
crbthr1/XC46883.ogg,3
crbthr1/XC46882.ogg,3
crbthr1/XC52186.ogg,3
crbthr1/XC52185.ogg,3
crbthr1/XC52184.ogg,3
crbthr1/XC52182.ogg,3
crbthr1/XC52181.ogg,3
crbthr1/XC52180.ogg,3
crbthr1/iNat1126601.ogg,4
crbthr1/iNat1224866.ogg,1
crbthr1/iNat1252950.ogg,3
crbthr1/iNat1703030.ogg,2
crbthr1/iNat318006.ogg,4
crbthr1/iNat318007.ogg,4
crbthr1/iNat850837.ogg,1
crbthr1/iNat564905.ogg,3
crbthr1/iNat1679918.ogg,4
crbthr1/iNat151718.ogg,4
crbthr1/XC676484.ogg,2
crbthr1/XC670199.ogg,2
crbthr1/XC670196.ogg,2
crbthr1/XC676486.ogg,2
crbthr1/XC668506.ogg,2
crbthr1/XC746783.ogg,2
crbthr1/XC862080.ogg,2
crbthr1/iNat1678986.ogg,4
crbthr1/iNat138603.ogg,3
crbthr1/iNat591101.ogg,4
crbthr1/iNat340435.ogg,4
crbthr1/XC777758.ogg,1
crbthr1/XC905685.ogg,1
crbthr1/XC589807.ogg,1
crbthr1/XC824385.ogg,4
crbthr1/XC463446.ogg,3
crbthr1/iNat1264239.ogg,3
crbthr1/iNat841349.ogg,3
crbthr1/iNat841352.ogg,3
crbthr1/iNat575898.ogg,3
crbthr1/iNat575700.ogg,0
crbthr1/iNat871741.ogg,3
crbthr1/iNat529245.ogg,3
crbthr1/iNat79376.ogg,3
crbthr1/iNat1187247.ogg,1
crbthr1/iNat493036.ogg,3
crbthr1/XC597762.ogg,2
crbthr1/iNat332899.ogg,1
crbthr1/XC344577.ogg,3
crbthr1/XC834261.ogg,4
crbthr1/XC419940.ogg,3
crbthr1/XC463102.ogg,3
crbthr1/iNat1693777.ogg,4
crbthr1/iNat512901.ogg,4
crbthr1/XC146987.ogg,1
crbthr1/iNat312410.ogg,1
crbthr1/iNat312412.ogg,1
crbthr1/XC170537.ogg,1
crbthr1/XC157346.ogg,3
crbthr1/XC444621.ogg,3
crbthr1/iNat563809.ogg,2
crbthr1/iNat563810.ogg,2
crbthr1/iNat1009771.ogg,2
crbthr1/iNat874779.ogg,4
crbthr1/XC153659.ogg,1
crbthr1/XC174741.ogg,2
crbthr1/iNat1460178.ogg,4
crbthr1/iNat1666823.ogg,4
crbthr1/iNat585988.ogg,4
crbthr1/iNat861399.ogg,3
crbthr1/iNat299628.ogg,0
crbthr1/XC678005.ogg,0
crbthr1/iNat301981.ogg,2
crbthr1/iNat309723.ogg,1
crbthr1/iNat557849.ogg,4
crbthr1/iNat1253775.ogg,4
crbthr1/iNat580377.ogg,3
crbthr1/iNat557886.ogg,4
crbthr1/iNat1467996.ogg,3
crbthr1/iNat1468006.ogg,3
crbthr1/iNat1459456.ogg,3
crbthr1/XC173960.ogg,1
crbthr1/iNat818090.ogg,3
crbthr1/iNat1333310.ogg,2
crbthr1/XC313642.ogg,0
crbthr1/XC364634.ogg,3
crbthr1/XC364641.ogg,3
crbthr1/XC927111.ogg,2
crbthr1/iNat157214.ogg,4
crbthr1/iNat1699087.ogg,4
crbthr1/iNat1724212.ogg,4
crbthr1/iNat1684518.ogg,4
crbthr1/XC166276.ogg,0
crbthr1/XC506327.ogg,3
crbthr1/XC506325.ogg,3
crbthr1/iNat568266.ogg,1
crbthr1/XC687738.ogg,3
crbthr1/iNat148795.ogg,4
crbthr1/XC620406.ogg,2
crbthr1/XC1065685.ogg,3
crbthr1/XC687807.ogg,3
crbthr1/XC687805.ogg,3
crbthr1/iNat1448447.ogg,3
crbthr1/XC590877.ogg,2
crbthr1/XC590876.ogg,2
crbthr1/XC580350.ogg,2
crbthr1/iNat1688309.ogg,4
crbthr1/XC1053979.ogg,3
crbthr1/XC457397.ogg,3
crbthr1/XC288809.ogg,3
crbthr1/XC508611.ogg,3
crbthr1/XC422966.ogg,0
crbthr1/XC556656.ogg,2
crbthr1/XC1006083.ogg,3
crbthr1/XC393723.ogg,1
crbthr1/XC448930.ogg,1
crbthr1/XC446985.ogg,1
crbthr1/XC344848.ogg,1
crbthr1/XC344847.ogg,1
crbthr1/XC187439.ogg,4
crbthr1/iNat1643747.ogg,2
crbthr1/XC152628.ogg,1
crbthr1/iNat572620.ogg,4
crbthr1/iNat814965.ogg,3
crbthr1/XC152559.ogg,1
crbthr1/XC144738.ogg,1
crbthr1/iNat799836.ogg,3
crbthr1/XC319883.ogg,1
crbthr1/XC299100.ogg,1
crbthr1/XC82457.ogg,1
crbthr1/XC82456.ogg,1
crbthr1/iNat531321.ogg,0
crbthr1/XC583730.ogg,4
crbthr1/XC118517.ogg,3
crbthr1/XC199142.ogg,1
crbthr1/XC186874.ogg,1
crbthr1/XC540122.ogg,1
crbthr1/iNat1573429.ogg,0
crbthr1/XC731090.ogg,1
crbthr1/XC589559.ogg,0
crbthr1/iNat159790.ogg,1
crbthr1/iNat526863.ogg,4
crbthr1/iNat527547.ogg,4
crbthr1/XC993202.ogg,3
crbthr1/XC131318.ogg,3
crbthr1/XC130859.ogg,3
crbthr1/XC288148.ogg,4
crbthr1/XC286813.ogg,4
crbthr1/XC667489.ogg,1
crbthr1/iNat1235656.ogg,1
crbthr1/iNat1661812.ogg,3
crbthr1/iNat308140.ogg,0
crbthr1/XC52183.ogg,3
crbthr1/iNat1678524.ogg,4
crbthr1/iNat376867.ogg,4
crbthr1/XC212559.ogg,0
crbthr1/XC689836.ogg,1
crbthr1/XC689837.ogg,1
crbthr1/XC295489.ogg,0
crbthr1/XC295373.ogg,0
crbthr1/XC351839.ogg,1
crbthr1/XC343267.ogg,1
crbthr1/iNat136984.ogg,1
crbthr1/XC82469.ogg,1
crbthr1/iNat328936.ogg,4
crbthr1/XC282766.ogg,4
crbthr1/XC282765.ogg,4
crbthr1/XC282764.ogg,4
crbthr1/XC278689.ogg,4
crbthr1/XC708356.ogg,3
crbthr1/XC1770.ogg,0
crbthr1/XC708361.ogg,3
crbthr1/XC708359.ogg,3
crbthr1/XC708358.ogg,3
crbthr1/XC708357.ogg,3
crbthr1/XC638279.ogg,3
crbthr1/XC638277.ogg,3
crbthr1/XC638262.ogg,3
crbthr1/XC638276.ogg,3
crbthr1/XC127038.ogg,0
crbthr1/XC127035.ogg,0
crbthr1/XC471052.ogg,2
crbthr1/XC354488.ogg,4
crbthr1/XC2741.ogg,0
crbthr1/iNat1277382.ogg,1
crbthr1/XC2524.ogg,0
crbthr1/XC2523.ogg,0
crbthr1/XC123679.ogg,3
crbthr1/XC740298.ogg,2
crbthr1/XC604981.ogg,2
crbthr1/XC500040.ogg,2
crbthr1/XC660544.ogg,2
crbthr1/XC746477.ogg,2
crbthr1/XC741065.ogg,2
crbthr1/XC949466.ogg,2
crbthr1/XC668942.ogg,2
crbthr1/XC482674.ogg,2
crbthr1/XC760898.ogg,2
crbthr1/XC734447.ogg,2
crbthr1/XC929991.ogg,2
crbthr1/XC668941.ogg,2
crbthr1/XC518794.ogg,2
crbthr1/XC746489.ogg,2
crbthr1/XC737027.ogg,2
crbthr1/XC725867.ogg,2
crbthr1/XC823553.ogg,2
crbthr1/iNat529182.ogg,1
crbthr1/iNat757918.ogg,1
crbthr1/iNat82612.ogg,1
crbthr1/iNat301227.ogg,0
crbthr1/iNat1668352.ogg,1
crbthr1/XC1053493.ogg,3
crbthr1/XC1053491.ogg,3
crbthr1/XC924192.ogg,3
crbthr1/XC934848.ogg,3
crbthr1/XC934843.ogg,3
crbthr1/XC934842.ogg,3
crbthr1/XC934134.ogg,3
crbthr1/XC82458.ogg,1
crbthr1/XC955361.ogg,2
crbthr1/XC674550.ogg,2
crbthr1/XC674538.ogg,2
crbthr1/XC674524.ogg,2
crbthr1/XC773378.ogg,2
crbthr1/XC825792.ogg,0
crbthr1/XC826821.ogg,0
crbthr1/iNat336179.ogg,4
crbthr1/XC834195.ogg,3
crbthr1/XC1030209.ogg,3
crbthr1/XC974095.ogg,2
crbthr1/XC535984.ogg,0
crbthr1/iNat1298615.ogg,2
crbthr1/XC366778.ogg,3
crbthr1/XC1035086.ogg,2
crebec1/XC70545.ogg,3
crebec1/iNat353435.ogg,1
crebec1/iNat55800.ogg,4
crebec1/XC770812.ogg,1
crebec1/iNat1665803.ogg,4
crebec1/iNat1665806.ogg,4
crebec1/XC699211.ogg,2
crebec1/iNat1665804.ogg,4
crebec1/iNat1665805.ogg,4
crebec1/iNat1665807.ogg,4
crebec1/XC176871.ogg,1
crebec1/iNat1314778.ogg,1
crebec1/XC490709.ogg,0
crebec1/XC195924.ogg,2
crebec1/XC596165.ogg,2
crebec1/iNat339010.ogg,1
crebec1/XC611372.ogg,3
crebec1/XC611358.ogg,3
crebec1/XC457154.ogg,3
crebec1/XC618703.ogg,3
crebec1/XC4265.ogg,1
crebec1/XC4264.ogg,1
crebec1/XC211669.ogg,0
crebec1/XC32337.ogg,3
crebec1/XC32339.ogg,3
crebec1/XC32338.ogg,3
crebec1/XC32336.ogg,3
crebec1/XC32335.ogg,3
crebec1/iNat1539047.ogg,3
crebec1/iNat181970.ogg,0
crebec1/XC82328.ogg,1
crebec1/XC282684.ogg,1
crebec1/XC194930.ogg,1
crebec1/XC199154.ogg,1
crebec1/iNat1324064.ogg,0
crebec1/XC284497.ogg,4
crebec1/XC686422.ogg,3
crebec1/XC686419.ogg,3
crebec1/XC286738.ogg,1
crebec1/XC538935.ogg,1
crebec1/XC590307.ogg,1
crebec1/XC82330.ogg,1
crebec1/XC82329.ogg,1
crebec1/XC448093.ogg,2
crebec1/XC450291.ogg,2
crebec1/XC119358.ogg,3
crebec1/XC548930.ogg,3
crebec1/XC601693.ogg,3
crebec1/XC513638.ogg,0
crebec1/XC513637.ogg,0
crebec1/XC715801.ogg,0
crebec1/XC844032.ogg,3
crebec1/XC115179.ogg,4
crebec1/XC854886.ogg,2
crebec1/XC854885.ogg,2
crebec1/XC189669.ogg,3
crebec1/XC863846.ogg,2
crebec1/XC482554.ogg,2
crebec1/XC482671.ogg,2
crebec1/XC464890.ogg,4
crebec1/XC827011.ogg,2
crebec1/XC657247.ogg,2
crebec1/XC657170.ogg,2
crebec1/XC657168.ogg,2
crebec1/XC657167.ogg,2
crebec1/XC412204.ogg,2
crebec1/XC1016162.ogg,2
crebec1/XC1008490.ogg,2
crebec1/XC692033.ogg,2
crebec1/XC691978.ogg,2
crebec1/XC412203.ogg,2
crebec1/XC602873.ogg,3
crebec1/XC729360.ogg,2
crebec1/XC901454.ogg,2
crebec1/XC995496.ogg,2
crebec1/XC678303.ogg,3
crebec1/XC451802.ogg,2
crebec1/XC562153.ogg,2
crebec1/XC562150.ogg,2
crebec1/XC556469.ogg,2
crebec1/XC427737.ogg,2
dwatin1/XC600436.ogg,4
dwatin1/XC156576.ogg,2
dwatin1/XC1030291.ogg,3
dwatin1/XC1030287.ogg,3
dwatin1/XC1030286.ogg,3
dwatin1/XC862513.ogg,3
dwatin1/XC1045639.ogg,3
dwatin1/XC287862.ogg,1
dwatin1/XC287863.ogg,1
dwatin1/iNat384220.ogg,0
dwatin1/XC350171.ogg,1
dwatin1/XC155721.ogg,1
dwatin1/XC158713.ogg,1
dwatin1/XC144885.ogg,1
dwatin1/XC304919.ogg,1
dwatin1/XC288692.ogg,1
dwatin1/XC304650.ogg,1
dwatin1/XC305244.ogg,1
dwatin1/XC304468.ogg,1
dwatin1/XC304756.ogg,1
dwatin1/XC279068.ogg,1
dwatin1/XC1049271.ogg,4
dwatin1/XC931072.ogg,4
epaori4/XC464387.ogg,3
epaori4/iNat601843.ogg,0
epaori4/iNat400776.ogg,0
epaori4/iNat442127.ogg,0
epaori4/iNat910872.ogg,4
epaori4/iNat910871.ogg,4
epaori4/iNat1124647.ogg,1
epaori4/iNat219883.ogg,1
epaori4/iNat219884.ogg,1
epaori4/iNat1592244.ogg,2
epaori4/iNat1592245.ogg,2
epaori4/iNat54675.ogg,2
epaori4/iNat1134533.ogg,1
epaori4/XC51602.ogg,3
epaori4/XC51601.ogg,3
epaori4/iNat618786.ogg,3
epaori4/iNat618785.ogg,3
epaori4/XC957395.ogg,2
epaori4/XC898062.ogg,2
epaori4/XC640199.ogg,2
epaori4/XC639770.ogg,2
epaori4/XC639499.ogg,2
epaori4/XC609138.ogg,1
epaori4/XC811674.ogg,1
epaori4/XC200402.ogg,4
epaori4/XC898627.ogg,1
epaori4/XC898626.ogg,1
epaori4/iNat738064.ogg,2
epaori4/iNat210498.ogg,3
epaori4/iNat763117.ogg,3
epaori4/iNat529257.ogg,3
epaori4/iNat533527.ogg,3
epaori4/iNat537064.ogg,3
epaori4/iNat768843.ogg,3
epaori4/iNat518758.ogg,3
epaori4/iNat518759.ogg,3
epaori4/iNat529256.ogg,3
epaori4/iNat621151.ogg,3
epaori4/iNat790468.ogg,3
epaori4/iNat587293.ogg,3
epaori4/iNat531491.ogg,3
epaori4/iNat539797.ogg,3
epaori4/iNat777384.ogg,3
epaori4/iNat777385.ogg,3
epaori4/iNat688431.ogg,3
epaori4/iNat688432.ogg,3
epaori4/iNat772455.ogg,3
epaori4/iNat518757.ogg,3
epaori4/iNat1106659.ogg,3
epaori4/iNat383658.ogg,3
epaori4/iNat490079.ogg,3
epaori4/iNat963769.ogg,3
epaori4/iNat765691.ogg,3
epaori4/iNat473254.ogg,3
epaori4/iNat688546.ogg,3
epaori4/iNat688547.ogg,3
epaori4/iNat688548.ogg,3
epaori4/iNat305084.ogg,1
epaori4/XC121512.ogg,3
epaori4/XC121513.ogg,3
epaori4/XC121511.ogg,3
epaori4/XC898533.ogg,1
epaori4/XC361131.ogg,2
epaori4/iNat634817.ogg,4
epaori4/XC506690.ogg,3
epaori4/XC176467.ogg,1
epaori4/XC174721.ogg,2
epaori4/XC175746.ogg,2
epaori4/iNat57680.ogg,4
epaori4/XC462750.ogg,3
epaori4/XC193898.ogg,0
epaori4/XC193896.ogg,0
epaori4/XC154418.ogg,3
epaori4/iNat1624630.ogg,4
epaori4/iNat1624632.ogg,4
epaori4/iNat1624631.ogg,4
epaori4/iNat1677927.ogg,2
epaori4/iNat1677928.ogg,2
epaori4/iNat1711398.ogg,1
epaori4/XC416432.ogg,1
epaori4/XC434353.ogg,1
epaori4/XC601068.ogg,3
epaori4/iNat1533047.ogg,2
epaori4/XC305886.ogg,4
epaori4/XC394332.ogg,4
epaori4/iNat1530394.ogg,2
epaori4/XC596076.ogg,2
epaori4/iNat991884.ogg,2
epaori4/iNat729632.ogg,4
epaori4/XC32207.ogg,3
epaori4/XC196636.ogg,1
epaori4/XC292348.ogg,1
epaori4/XC447460.ogg,1
epaori4/XC437640.ogg,1
epaori4/iNat351876.ogg,4
epaori4/iNat614890.ogg,4
epaori4/iNat614891.ogg,4
epaori4/iNat397313.ogg,0
epaori4/XC119077.ogg,3
epaori4/iNat451628.ogg,4
epaori4/iNat1535727.ogg,0
epaori4/iNat649978.ogg,4
epaori4/iNat1659017.ogg,0
epaori4/XC496120.ogg,0
epaori4/XC444311.ogg,3
epaori4/XC993156.ogg,3
epaori4/XC438659.ogg,1
epaori4/XC738875.ogg,1
epaori4/iNat1715805.ogg,0
epaori4/iNat511492.ogg,1
epaori4/XC468123.ogg,4
epaori4/XC468124.ogg,4
epaori4/XC513138.ogg,0
epaori4/XC51600.ogg,3
epaori4/XC200360.ogg,0
epaori4/XC299135.ogg,0
epaori4/XC299134.ogg,0
epaori4/XC616317.ogg,1
epaori4/XC616316.ogg,1
epaori4/iNat258913.ogg,0
epaori4/XC304375.ogg,0
epaori4/XC304376.ogg,0
epaori4/XC421676.ogg,0
epaori4/XC573738.ogg,3
epaori4/XC833941.ogg,3
epaori4/XC1018084.ogg,3
epaori4/XC989780.ogg,3
epaori4/XC989781.ogg,3
epaori4/XC844054.ogg,3
epaori4/XC150793.ogg,0
epaori4/XC879309.ogg,3
epaori4/XC933496.ogg,3
epaori4/XC255980.ogg,2
epaori4/XC155524.ogg,0
epaori4/XC706296.ogg,3
epaori4/XC84560.ogg,1
epaori4/XC2205.ogg,0
epaori4/XC440763.ogg,1
epaori4/XC811937.ogg,2
epaori4/XC84562.ogg,1
epaori4/XC697956.ogg,1
epaori4/XC709777.ogg,2
epaori4/XC599453.ogg,2
epaori4/XC158109.ogg,1
epaori4/XC738675.ogg,2
epaori4/XC743968.ogg,2
epaori4/XC599237.ogg,2
epaori4/XC859230.ogg,2
epaori4/XC476449.ogg,2
epaori4/XC524602.ogg,2
epaori4/XC541458.ogg,2
epaori4/XC727414.ogg,2
epaori4/XC479868.ogg,2
epaori4/XC414195.ogg,2
epaori4/XC743227.ogg,2
epaori4/XC84561.ogg,1
epaori4/XC1019651.ogg,2
epaori4/XC800249.ogg,2
epaori4/XC800351.ogg,2
epaori4/XC413671.ogg,2
epaori4/XC928606.ogg,2
epaori4/XC565160.ogg,2
epaori4/XC255960.ogg,2
epaori4/XC736999.ogg,2
epaori4/XC933911.ogg,2
epaori4/XC699591.ogg,2
epaori4/XC695916.ogg,2
epaori4/iNat851048.ogg,4
epaori4/iNat244815.ogg,4
epaori4/iNat534518.ogg,4
epaori4/XC387981.ogg,4
epaori4/XC393392.ogg,1
epaori4/iNat356194.ogg,2
epaori4/XC466734.ogg,4
epaori4/XC613929.ogg,2
epaori4/XC443379.ogg,2
epaori4/XC790459.ogg,2
epaori4/XC898434.ogg,2
epaori4/XC482222.ogg,0
epaori4/XC500642.ogg,3
epaori4/XC494705.ogg,3
epaori4/XC974297.ogg,2
epaori4/XC663856.ogg,3
epaori4/XC427508.ogg,2
epaori4/iNat1063619.ogg,3
epaori4/iNat1063620.ogg,3
epaori4/iNat1063621.ogg,3
epaori4/XC491669.ogg,4
eulfly1/iNat40816.ogg,3
eulfly1/iNat845796.ogg,4
eulfly1/iNat1685618.ogg,4
eulfly1/iNat830814.ogg,2
eulfly1/iNat846233.ogg,0
eulfly1/iNat968256.ogg,2
eulfly1/iNat1213156.ogg,2
eulfly1/iNat1652814.ogg,4
eulfly1/iNat1663000.ogg,1
eulfly1/XC752672.ogg,2
eulfly1/iNat1728032.ogg,1
eulfly1/iNat1728031.ogg,1
eulfly1/iNat1728038.ogg,1
eulfly1/XC961263.ogg,3
eulfly1/XC659707.ogg,1
eulfly1/XC777215.ogg,1
eulfly1/XC896028.ogg,1
eulfly1/iNat878879.ogg,3
eulfly1/XC198769.ogg,0
eulfly1/iNat873900.ogg,3
eulfly1/XC147127.ogg,1
eulfly1/XC147126.ogg,1
eulfly1/XC147125.ogg,1
eulfly1/iNat1703108.ogg,4
eulfly1/iNat1628736.ogg,0
eulfly1/iNat54994.ogg,4
eulfly1/iNat815066.ogg,1
eulfly1/iNat815065.ogg,1
eulfly1/iNat1703107.ogg,4
eulfly1/XC506162.ogg,3
eulfly1/iNat1263159.ogg,2
eulfly1/iNat1262770.ogg,2
eulfly1/XC186326.ogg,1
eulfly1/iNat1310866.ogg,1
eulfly1/iNat580346.ogg,3
eulfly1/iNat1481267.ogg,3
eulfly1/XC699220.ogg,2
eulfly1/XC386087.ogg,4
eulfly1/iNat1459451.ogg,3
eulfly1/XC173965.ogg,1
eulfly1/iNat891009.ogg,1
eulfly1/iNat1730569.ogg,2
eulfly1/iNat609331.ogg,3
eulfly1/iNat1207572.ogg,1
eulfly1/iNat890441.ogg,2
eulfly1/XC313630.ogg,0
eulfly1/XC467514.ogg,3
eulfly1/XC551024.ogg,3
eulfly1/XC551020.ogg,3
eulfly1/XC551018.ogg,3
eulfly1/XC551017.ogg,3
eulfly1/XC551016.ogg,3
eulfly1/iNat1738901.ogg,4
eulfly1/XC646464.ogg,2
eulfly1/XC645963.ogg,2
eulfly1/XC353561.ogg,0
eulfly1/iNat802665.ogg,4
eulfly1/XC438536.ogg,1
eulfly1/XC441334.ogg,1
eulfly1/iNat837483.ogg,1
eulfly1/XC838488.ogg,4
eulfly1/iNat1329858.ogg,1
eulfly1/XC684172.ogg,4
eulfly1/XC575132.ogg,2
eulfly1/XC535518.ogg,2
eulfly1/XC533823.ogg,2
eulfly1/XC1012414.ogg,3
eulfly1/iNat148950.ogg,4
eulfly1/iNat566166.ogg,4
eulfly1/XC343201.ogg,1
eulfly1/iNat1467899.ogg,3
eulfly1/XC81607.ogg,1
eulfly1/XC676746.ogg,3
eulfly1/XC205376.ogg,1
eulfly1/XC508613.ogg,3
eulfly1/XC773068.ogg,0
eulfly1/XC773046.ogg,3
eulfly1/XC773039.ogg,3
eulfly1/XC288813.ogg,3
eulfly1/XC295757.ogg,0
eulfly1/XC420972.ogg,0
eulfly1/XC325772.ogg,0
eulfly1/XC161755.ogg,1
eulfly1/XC211042.ogg,1
eulfly1/iNat1285873.ogg,0
eulfly1/XC4329.ogg,1
eulfly1/XC332605.ogg,1
eulfly1/iNat942225.ogg,2
eulfly1/iNat1629108.ogg,2
eulfly1/iNat1629119.ogg,2
eulfly1/iNat397314.ogg,0
eulfly1/XC714014.ogg,0
eulfly1/XC210826.ogg,0
eulfly1/XC32306.ogg,3
eulfly1/XC687866.ogg,3
eulfly1/XC32304.ogg,3
eulfly1/XC32303.ogg,3
eulfly1/XC32305.ogg,3
eulfly1/XC941658.ogg,3
eulfly1/iNat353215.ogg,4
eulfly1/XC1056472.ogg,3
eulfly1/XC81604.ogg,1
eulfly1/XC70850.ogg,1
eulfly1/iNat869747.ogg,0
eulfly1/XC1002598.ogg,3
eulfly1/XC340243.ogg,1
eulfly1/XC319872.ogg,1
eulfly1/XC302742.ogg,1
eulfly1/XC286739.ogg,1
eulfly1/XC81606.ogg,1
eulfly1/XC1003102.ogg,3
eulfly1/XC388555.ogg,2
eulfly1/XC119078.ogg,3
eulfly1/XC535643.ogg,4
eulfly1/XC195683.ogg,4
eulfly1/XC611280.ogg,1
eulfly1/XC590305.ogg,1
eulfly1/XC726906.ogg,3
eulfly1/iNat186542.ogg,1
eulfly1/iNat268053.ogg,1
eulfly1/XC331351.ogg,1
eulfly1/XC823318.ogg,4
eulfly1/XC586950.ogg,0
eulfly1/XC592100.ogg,0
eulfly1/XC586949.ogg,0
eulfly1/XC402269.ogg,4
eulfly1/XC344737.ogg,1
eulfly1/XC285510.ogg,3
eulfly1/XC590156.ogg,1
eulfly1/iNat1114579.ogg,4
eulfly1/XC995689.ogg,3
eulfly1/XC263741.ogg,0
eulfly1/XC243702.ogg,3
eulfly1/XC206677.ogg,3
eulfly1/XC206672.ogg,3
eulfly1/XC287964.ogg,4
eulfly1/iNat1677842.ogg,4
eulfly1/XC207597.ogg,3
eulfly1/XC279537.ogg,4
eulfly1/iNat1654262.ogg,0
eulfly1/XC69956.ogg,1
eulfly1/XC332772.ogg,4
eulfly1/XC388095.ogg,3
eulfly1/XC388912.ogg,3
eulfly1/XC247442.ogg,3
eulfly1/iNat1499764.ogg,0
eulfly1/XC211046.ogg,1
eulfly1/XC810164.ogg,1
eulfly1/XC430833.ogg,1
eulfly1/XC335609.ogg,1
eulfly1/XC285201.ogg,4
eulfly1/XC989378.ogg,4
eulfly1/iNat1379392.ogg,4
eulfly1/iNat1676413.ogg,4
eulfly1/iNat308132.ogg,0
eulfly1/XC835389.ogg,1
eulfly1/XC835387.ogg,1
eulfly1/XC51021.ogg,3
eulfly1/XC51020.ogg,3
eulfly1/XC51018.ogg,3
eulfly1/XC51017.ogg,3
eulfly1/XC51016.ogg,3
eulfly1/XC175763.ogg,2
eulfly1/XC1673.ogg,0
eulfly1/XC1662.ogg,0
eulfly1/XC1669.ogg,0
eulfly1/XC611388.ogg,3
eulfly1/XC115298.ogg,4
eulfly1/XC982833.ogg,4
eulfly1/XC716188.ogg,0
eulfly1/iNat464338.ogg,4
eulfly1/XC1524.ogg,0
eulfly1/XC115297.ogg,4
eulfly1/XC337300.ogg,4
eulfly1/XC336059.ogg,4
eulfly1/XC394271.ogg,1
eulfly1/XC81605.ogg,1
eulfly1/XC292784.ogg,1
eulfly1/XC268565.ogg,1
eulfly1/XC265100.ogg,4
eulfly1/XC247372.ogg,4
eulfly1/XC263325.ogg,4
eulfly1/XC263324.ogg,4
eulfly1/XC932381.ogg,3
eulfly1/XC811932.ogg,2
eulfly1/XC738627.ogg,2
eulfly1/XC738625.ogg,2
eulfly1/XC735495.ogg,2
eulfly1/XC652547.ogg,2
eulfly1/XC414197.ogg,2
eulfly1/XC657173.ogg,2
eulfly1/XC856332.ogg,2
eulfly1/XC1060000.ogg,2
eulfly1/XC1019656.ogg,2
eulfly1/XC1019655.ogg,2
eulfly1/XC1019654.ogg,2
eulfly1/XC803707.ogg,2
eulfly1/XC1008476.ogg,2
eulfly1/XC818329.ogg,2
eulfly1/XC738980.ogg,2
eulfly1/XC725858.ogg,2
eulfly1/XC692028.ogg,2
eulfly1/XC691965.ogg,2
eulfly1/XC421487.ogg,0
eulfly1/XC1006642.ogg,2
eulfly1/XC414196.ogg,2
eulfly1/XC404452.ogg,3
eulfly1/XC377317.ogg,0
eulfly1/XC514669.ogg,3
eulfly1/XC1004116.ogg,2
eulfly1/XC955354.ogg,2
eulfly1/XC775095.ogg,4
eulfly1/XC1915.ogg,0
eulfly1/iNat1648913.ogg,3
eulfly1/XC582994.ogg,3
eulfly1/XC581272.ogg,2
eulfly1/XC395467.ogg,4
eulfly1/XC728429.ogg,2
eulfly1/XC658490.ogg,4
eulfly1/XC859258.ogg,3
eulfly1/XC901440.ogg,2
eulfly1/XC901438.ogg,2
eulfly1/XC658504.ogg,4
eulfly1/XC788967.ogg,2
eulfly1/XC123104.ogg,3
eulfly1/XC573054.ogg,3
eulfly1/XC81603.ogg,1
eulfly1/XC453556.ogg,1
eulfly1/XC728457.ogg,2
eulfly1/XC914914.ogg,3
eulfly1/XC674270.ogg,4
eulfly1/XC133600.ogg,1
eulfly1/XC63583.ogg,1
eulfly1/XC63582.ogg,1
eulfly1/XC754121.ogg,2
eulfly1/XC754142.ogg,2
eulfly1/XC755015.ogg,2
eulfly1/XC120596.ogg,1
eulfly1/XC151830.ogg,1
eulfly1/XC1069007.ogg,1
eulfly1/XC1069006.ogg,1
eulfly1/XC1068975.ogg,1
eulfly1/XC1068942.ogg,1
eulfly1/XC1069125.ogg,1
eulfly1/XC1069109.ogg,1
eulfly1/XC118862.ogg,3
eulfly1/XC387298.ogg,0
eulfly1/XC384513.ogg,0
eulfly1/XC129929.ogg,3
eulfly1/XC128979.ogg,3
eulfly1/XC521576.ogg,3
eulfly1/XC120597.ogg,1
eulfly1/XC671390.ogg,3
eulfly1/XC572297.ogg,3
eulfly1/XC1069172.ogg,1
eulfly1/XC491871.ogg,3
eulfly1/XC504965.ogg,3
eulfly1/XC518696.ogg,3
eulfly1/XC697387.ogg,2
eulfly1/XC307961.ogg,1
eulfly1/XC663864.ogg,3
eulfly1/XC520328.ogg,3
eulfly1/XC844110.ogg,0
eulfly1/XC341334.ogg,4
eulfly1/XC698629.ogg,0
eulfly1/XC542856.ogg,1
eulfly1/XC542808.ogg,1
eulfly1/XC542806.ogg,1
eulfly1/XC542769.ogg,1
eulfly1/XC542809.ogg,1
eulfly1/XC150597.ogg,1
eulfly1/XC427524.ogg,2
eulfly1/XC427525.ogg,2
eulfly1/XC486820.ogg,3
eulfly1/XC427523.ogg,2
eulfly1/XC402912.ogg,0
eulfly1/XC402911.ogg,0
eulfly1/XC428525.ogg,2
eulfly1/XC599027.ogg,3
eulfly1/XC119833.ogg,3
eulfly1/XC469156.ogg,3
eulfly1/XC121223.ogg,3
eulfly1/XC297014.ogg,4
eulfly1/XC211041.ogg,1
eulfly1/XC830533.ogg,2
eulfly1/XC1035005.ogg,2
eulfly1/XC206800.ogg,3
eulfly1/XC180254.ogg,4
eulfly1/XC147418.ogg,3
eulfly1/XC358750.ogg,0
eulfly1/XC251043.ogg,3
eulfly1/XC608933.ogg,1
eulfly1/XC566177.ogg,0
eulfly1/XC566176.ogg,0
eulfly1/XC566175.ogg,0
eulfly1/XC566174.ogg,0
eulfly1/XC437242.ogg,4
eulfly1/XC236397.ogg,4
eulfly1/XC236395.ogg,4
eulfly1/XC427526.ogg,2
eulfly1/XC289610.ogg,1
eulfly1/XC251045.ogg,3
eulfly1/XC747276.ogg,3
eulfly1/XC596621.ogg,4
eulfly1/XC395844.ogg,3
eulfly1/XC288835.ogg,1
eulfly1/XC719.ogg,1
eulfly1/XC120038.ogg,3
eulfly1/XC1011963.ogg,1
eulfly1/XC249518.ogg,3
eulfly1/XC901063.ogg,1
eulfly1/XC901062.ogg,1
eulfly1/XC965509.ogg,3
eulfly1/XC8091.ogg,3
eulfly1/XC276126.ogg,1
eulfly1/XC276125.ogg,1
eulfly1/XC260935.ogg,0
eulfly1/XC258873.ogg,4
eulfly1/XC258872.ogg,4
eulfly1/XC251042.ogg,3
eulfly1/XC251041.ogg,3
eulfly1/XC251044.ogg,3
eulfly1/XC260934.ogg,0
eulfly1/XC258871.ogg,4
eulfly1/XC977299.ogg,1
eulfly1/XC890864.ogg,1
eulfly1/XC890863.ogg,1
eulfly1/XC890859.ogg,1
eulfly1/XC890866.ogg,1
eulfly1/XC676643.ogg,2
eulfly1/XC260933.ogg,0
eulfly1/XC248999.ogg,3
eulfly1/XC248998.ogg,3
eulfly1/XC275080.ogg,0
eulfly1/XC390420.ogg,4
eulfly1/XC700356.ogg,4
eulfly1/XC518014.ogg,3
eulfly1/XC518013.ogg,3
eulfly1/XC518012.ogg,3
eulfly1/XC689044.ogg,3
eulfly1/XC303631.ogg,3
eulfly1/XC122356.ogg,0
eulfly1/XC614931.ogg,3
eulfly1/XC456280.ogg,3
eulfly1/XC634905.ogg,2
eulfly1/XC806283.ogg,1
eulfly1/iNat1724529.ogg,4
eulfly1/XC629907.ogg,4
eulfly1/XC438574.ogg,0
eulfly1/XC538614.ogg,4
eulfly1/XC450598.ogg,4
eulfly1/XC245901.ogg,1
eulfly1/XC364803.ogg,1
eulfly1/XC460424.ogg,0
eulfly1/iNat1571158.ogg,1
fabwre1/XC854900.ogg,2
fabwre1/XC854899.ogg,2
fabwre1/XC461417.ogg,2
fabwre1/XC461416.ogg,2
fabwre1/XC461415.ogg,2
fabwre1/iNat182387.ogg,0
fabwre1/XC556189.ogg,2
fabwre1/XC17642.ogg,3
fabwre1/XC145497.ogg,1
fabwre1/XC2639.ogg,0
fabwre1/XC2627.ogg,0
fabwre1/XC192731.ogg,1
fabwre1/XC82421.ogg,1
fabwre1/XC82422.ogg,1
fabwre1/XC82425.ogg,1
fabwre1/XC82424.ogg,1
fabwre1/XC82423.ogg,1
fabwre1/XC299439.ogg,1
fabwre1/XC148841.ogg,0
fabwre1/XC144952.ogg,0
fabwre1/XC155504.ogg,0
fabwre1/XC296321.ogg,4
fabwre1/XC296320.ogg,4
fabwre1/XC443427.ogg,1
fabwre1/XC709910.ogg,3
fabwre1/iNat990792.ogg,1
fabwre1/XC511779.ogg,0
fabwre1/XC501700.ogg,0
fabwre1/iNat167857.ogg,0
fabwre1/XC2224.ogg,0
fabwre1/XC2199.ogg,0
fabwre1/XC2191.ogg,0
fabwre1/XC2190.ogg,0
fabwre1/XC672023.ogg,1
fabwre1/XC382020.ogg,1
fabwre1/XC495829.ogg,4
fabwre1/XC9619.ogg,3
fabwre1/XC9617.ogg,3
fabwre1/XC9620.ogg,3
fabwre1/XC9618.ogg,3
fabwre1/XC9616.ogg,3
fabwre1/XC9621.ogg,3
fabwre1/XC391490.ogg,4
fabwre1/XC709904.ogg,3
fabwre1/iNat1432052.ogg,2
fabwre1/iNat1432057.ogg,2
fabwre1/XC602757.ogg,3
fabwre1/XC702484.ogg,4
fabwre1/XC709914.ogg,3
fabwre1/XC709913.ogg,3
fabwre1/XC443216.ogg,1
fabwre1/XC443126.ogg,1
fabwre1/XC595343.ogg,3
fabwre1/XC1935.ogg,0
fabwre1/XC1064079.ogg,3
fabwre1/XC149533.ogg,0
fabwre1/XC64278.ogg,1
fabwre1/XC64277.ogg,1
fabwre1/XC64276.ogg,1
fabwre1/XC702031.ogg,4
fabwre1/XC435633.ogg,4
fabwre1/XC426287.ogg,4
fabwre1/XC435634.ogg,4
fabwre1/XC864691.ogg,3
fabwre1/XC864690.ogg,3
fabwre1/XC2662.ogg,0
fabwre1/XC2661.ogg,0
fabwre1/XC2660.ogg,0
fabwre1/XC2453.ogg,0
fabwre1/XC2441.ogg,0
fabwre1/XC429288.ogg,3
fabwre1/XC429287.ogg,3
fabwre1/XC2690.ogg,0
fabwre1/XC2712.ogg,0
fabwre1/XC2711.ogg,0
fabwre1/XC864694.ogg,3
fabwre1/XC864693.ogg,3
fabwre1/XC864692.ogg,3
fabwre1/XC74272.ogg,1
fepowl/iNat399173.ogg,1
fepowl/iNat1615389.ogg,1
fepowl/XC662458.ogg,1
fepowl/XC389603.ogg,0
fepowl/iNat529398.ogg,4
fepowl/iNat741216.ogg,2
fepowl/iNat1276296.ogg,1
fepowl/XC389256.ogg,3
fepowl/iNat769075.ogg,3
fepowl/XC457513.ogg,2
fepowl/iNat296798.ogg,3
fepowl/XC401020.ogg,3
fepowl/XC863159.ogg,2
fepowl/iNat450214.ogg,4
fepowl/iNat437502.ogg,1
fepowl/XC974326.ogg,2
fepowl/XC933715.ogg,1
fepowl/iNat329872.ogg,4
fepowl/iNat1260031.ogg,4
fepowl/iNat474416.ogg,2
fepowl/iNat865584.ogg,4
fepowl/XC789028.ogg,2
fepowl/XC427412.ogg,2
fepowl/iNat1113128.ogg,0
fepowl/XC334741.ogg,3
fepowl/iNat140544.ogg,0
fepowl/iNat918523.ogg,1
fepowl/XC335889.ogg,4
fepowl/XC302597.ogg,1
fepowl/iNat908800.ogg,4
fepowl/iNat364715.ogg,1
fepowl/XC330526.ogg,1
fepowl/iNat514952.ogg,1
fepowl/iNat163638.ogg,1
fepowl/XC738931.ogg,2
fepowl/iNat748757.ogg,2
fepowl/XC368927.ogg,2
fepowl/XC391167.ogg,2
fepowl/iNat302949.ogg,0
fepowl/iNat83955.ogg,4
fepowl/iNat768993.ogg,3
fepowl/iNat412172.ogg,0
fepowl/iNat1344951.ogg,0
fepowl/XC401021.ogg,3
fepowl/XC289243.ogg,0
fepowl/XC364735.ogg,3
fepowl/iNat678079.ogg,2
fepowl/iNat562444.ogg,4
fepowl/iNat1304783.ogg,0
fepowl/iNat474405.ogg,2
fepowl/XC531209.ogg,1
fepowl/iNat630708.ogg,0
fepowl/iNat585826.ogg,0
fepowl/XC499847.ogg,3
fepowl/XC210737.ogg,3
fepowl/iNat1702669.ogg,1
fepowl/XC547130.ogg,1
fepowl/iNat1480680.ogg,2
fepowl/XC583425.ogg,4
fepowl/XC964453.ogg,4
fepowl/iNat557440.ogg,3
fepowl/iNat371028.ogg,1
fepowl/iNat1699656.ogg,1
fepowl/iNat1722228.ogg,0
fepowl/XC742723.ogg,2
fepowl/XC447872.ogg,3
fepowl/XC214246.ogg,2
fepowl/XC294186.ogg,2
fepowl/iNat179203.ogg,4
fepowl/iNat400148.ogg,1
fepowl/iNat476044.ogg,4
fepowl/iNat363911.ogg,1
fepowl/iNat933574.ogg,1
fepowl/iNat167729.ogg,2
fepowl/XC392925.ogg,2
fepowl/XC181065.ogg,4
fepowl/XC410051.ogg,2
fepowl/iNat399490.ogg,1
fepowl/XC513565.ogg,3
fepowl/iNat311853.ogg,4
fepowl/XC540656.ogg,3
fepowl/iNat1034869.ogg,4
fepowl/iNat827933.ogg,4
fepowl/iNat791264.ogg,3
fepowl/iNat1645527.ogg,1
fepowl/iNat1055474.ogg,3
fepowl/iNat541700.ogg,4
fepowl/iNat1526654.ogg,2
fepowl/iNat1358409.ogg,2
fepowl/iNat927976.ogg,3
fepowl/iNat66329.ogg,2
fepowl/iNat582450.ogg,4
fepowl/XC589577.ogg,1
fepowl/iNat1220204.ogg,4
fepowl/XC704508.ogg,4
fepowl/iNat474409.ogg,2
fepowl/XC403225.ogg,3
fepowl/iNat679107.ogg,0
fepowl/XC241792.ogg,3
fepowl/XC800152.ogg,2
fepowl/XC822809.ogg,4
fepowl/XC447868.ogg,3
fepowl/iNat57737.ogg,0
fepowl/XC695940.ogg,2
fepowl/XC154972.ogg,0
fepowl/XC694338.ogg,0
fepowl/XC580680.ogg,0
fepowl/iNat1366940.ogg,1
fepowl/iNat150284.ogg,1
fepowl/iNat293673.ogg,2
fepowl/iNat1711295.ogg,0
fepowl/iNat1193886.ogg,2
fepowl/iNat955448.ogg,0
fepowl/XC206793.ogg,3
fepowl/iNat1347765.ogg,2
fepowl/iNat793941.ogg,0
fepowl/XC772424.ogg,0
fepowl/iNat577372.ogg,3
fepowl/XC707565.ogg,3
fepowl/XC901152.ogg,2
fepowl/iNat661249.ogg,4
fepowl/XC306539.ogg,3
fepowl/iNat1664968.ogg,3
fepowl/iNat342713.ogg,2
fepowl/XC360837.ogg,1
fepowl/iNat1704135.ogg,1
fepowl/XC974356.ogg,2
fepowl/XC496927.ogg,2
fepowl/XC289241.ogg,0
fepowl/iNat133909.ogg,1
fepowl/XC461377.ogg,0
fepowl/XC483048.ogg,3
fepowl/iNat1565427.ogg,4
fepowl/iNat863289.ogg,4
fepowl/XC373636.ogg,2
fepowl/iNat1308138.ogg,0
fepowl/iNat155234.ogg,4
fepowl/XC698604.ogg,0
fepowl/iNat312427.ogg,1
fepowl/iNat255879.ogg,2
fepowl/iNat159020.ogg,0
fepowl/XC474869.ogg,3
fepowl/XC1950.ogg,0
fepowl/iNat768197.ogg,0
fepowl/XC665514.ogg,4
fepowl/iNat1098764.ogg,1
fepowl/iNat1528173.ogg,2
fepowl/XC927195.ogg,3
fepowl/iNat1224414.ogg,0
fepowl/iNat1192018.ogg,0
fepowl/iNat364755.ogg,0
fepowl/iNat810405.ogg,3
fepowl/iNat165773.ogg,2
fepowl/iNat380252.ogg,1
fepowl/iNat129019.ogg,1
fepowl/iNat440194.ogg,1
fepowl/XC257751.ogg,4
fepowl/iNat380251.ogg,1
fepowl/XC699107.ogg,1
fepowl/iNat348395.ogg,4
fepowl/iNat296800.ogg,3
fepowl/iNat18466.ogg,3
fepowl/iNat79396.ogg,4
fepowl/XC987662.ogg,2
fepowl/XC405408.ogg,2
fepowl/iNat1738605.ogg,2
fepowl/XC533594.ogg,1
fepowl/XC168393.ogg,0
fepowl/XC749738.ogg,4
fepowl/iNat1721602.ogg,0
fepowl/XC48747.ogg,3
fepowl/XC893843.ogg,2
fepowl/XC378360.ogg,1
fepowl/iNat60700.ogg,1
fepowl/XC150064.ogg,3
fepowl/iNat1240485.ogg,0
fepowl/iNat1432041.ogg,2
fepowl/iNat598904.ogg,0
fepowl/XC707564.ogg,3
fepowl/iNat1727033.ogg,0
fepowl/iNat547058.ogg,1
fepowl/iNat545403.ogg,2
fepowl/XC154976.ogg,0
fepowl/XC1034537.ogg,2
fepowl/iNat681394.ogg,2
fepowl/XC334737.ogg,3
fepowl/iNat803006.ogg,3
fepowl/XC283193.ogg,3
fepowl/iNat703023.ogg,1
fepowl/iNat19410.ogg,1
fepowl/iNat782799.ogg,4
fepowl/iNat1053840.ogg,0
fepowl/iNat1345354.ogg,4
fepowl/XC727674.ogg,2
fepowl/XC401022.ogg,3
fepowl/iNat65801.ogg,0
fepowl/iNat858433.ogg,4
fepowl/XC185893.ogg,0
fepowl/XC401023.ogg,3
fepowl/iNat723602.ogg,1
fepowl/XC332715.ogg,2
fepowl/iNat296799.ogg,3
fepowl/iNat129435.ogg,1
fepowl/iNat353988.ogg,0
fepowl/iNat77639.ogg,0
fepowl/iNat1540299.ogg,3
fepowl/XC974574.ogg,2
fepowl/iNat315427.ogg,2
fepowl/iNat899733.ogg,4
fepowl/XC28877.ogg,1
fepowl/iNat577373.ogg,3
fepowl/iNat306689.ogg,3
fepowl/iNat786478.ogg,1
fepowl/iNat508794.ogg,4
fepowl/iNat270825.ogg,1
fepowl/iNat308577.ogg,1
fepowl/XC838329.ogg,2
fepowl/XC592994.ogg,3
fepowl/iNat67946.ogg,1
fepowl/iNat133178.ogg,1
fepowl/XC704857.ogg,0
fepowl/XC212008.ogg,1
fepowl/XC461375.ogg,0
fepowl/iNat1254911.ogg,4
fepowl/iNat790466.ogg,3
fepowl/iNat16743.ogg,1
fepowl/XC1017644.ogg,3
fepowl/iNat516281.ogg,4
fepowl/iNat997410.ogg,0
fepowl/XC389410.ogg,2
fepowl/XC539274.ogg,3
fepowl/iNat546551.ogg,4
fepowl/iNat381455.ogg,0
fepowl/iNat582007.ogg,4
fepowl/iNat586780.ogg,3
fepowl/iNat594426.ogg,4
fepowl/iNat57044.ogg,3
fepowl/XC466539.ogg,0
fepowl/XC707560.ogg,3
fepowl/XC328493.ogg,3
fepowl/iNat1182636.ogg,2
fepowl/XC197712.ogg,2
fepowl/iNat577415.ogg,0
fepowl/iNat1266742.ogg,1
fepowl/iNat1163918.ogg,1
fepowl/iNat1099392.ogg,2
fepowl/XC85152.ogg,1
fepowl/XC925404.ogg,1
fepowl/iNat1731856.ogg,4
fepowl/iNat51539.ogg,4
fepowl/iNat397495.ogg,2
fepowl/iNat375890.ogg,4
fepowl/XC389255.ogg,3
fepowl/XC699666.ogg,2
fepowl/iNat1702258.ogg,0
fepowl/iNat1658258.ogg,3
fepowl/iNat212095.ogg,4
fepowl/XC353207.ogg,2
fepowl/XC334745.ogg,3
fepowl/iNat507597.ogg,4
fepowl/XC858721.ogg,0
fepowl/XC933503.ogg,3
fepowl/iNat380288.ogg,0
fepowl/XC11547.ogg,3
fepowl/XC447867.ogg,3
fepowl/XC713209.ogg,1
fepowl/iNat588186.ogg,0
fepowl/XC896915.ogg,3
fepowl/iNat592341.ogg,0
fepowl/XC445682.ogg,4
fepowl/iNat905413.ogg,2
fepowl/iNat1270398.ogg,3
fepowl/XC1068707.ogg,2
fepowl/iNat179616.ogg,4
fepowl/iNat1335628.ogg,1
fepowl/iNat353491.ogg,0
fepowl/XC347736.ogg,1
fepowl/iNat349682.ogg,3
fepowl/XC498503.ogg,4
fepowl/iNat1236626.ogg,2
fepowl/XC877131.ogg,2
fepowl/iNat1221767.ogg,2
fepowl/iNat356964.ogg,0
fepowl/XC697188.ogg,2
fepowl/iNat338214.ogg,3
fepowl/iNat842943.ogg,2
fepowl/iNat55414.ogg,0
fepowl/XC447869.ogg,3
fepowl/iNat182842.ogg,0
fepowl/XC378359.ogg,1
fepowl/XC755618.ogg,0
fepowl/iNat656114.ogg,0
fepowl/XC713208.ogg,1
fepowl/iNat120649.ogg,0
fepowl/iNat165772.ogg,2
fepowl/iNat30456.ogg,3
fepowl/iNat714513.ogg,3
fepowl/XC390938.ogg,4
fepowl/XC265951.ogg,1
fepowl/iNat1221865.ogg,2
fepowl/XC974130.ogg,2
fepowl/XC957357.ogg,4
fepowl/XC566912.ogg,3
fepowl/iNat278481.ogg,4
fepowl/iNat437277.ogg,1
fepowl/XC956450.ogg,4
fepowl/iNat1439780.ogg,1
fepowl/iNat943669.ogg,4
fepowl/iNat1287848.ogg,2
fepowl/iNat333629.ogg,3
fepowl/iNat132901.ogg,0
fepowl/iNat124261.ogg,1
fepowl/XC301243.ogg,0
fepowl/XC499848.ogg,3
fepowl/iNat1374284.ogg,4
fepowl/XC174656.ogg,1
fepowl/XC238329.ogg,3
fepowl/XC381589.ogg,3
fepowl/iNat628805.ogg,4
fepowl/iNat1266790.ogg,3
fepowl/iNat361503.ogg,4
fepowl/XC51744.ogg,3
fepowl/XC901517.ogg,2
fepowl/iNat559429.ogg,0
fepowl/iNat1668995.ogg,1
fepowl/XC453557.ogg,1
fepowl/XC807771.ogg,4
fepowl/XC121269.ogg,3
fepowl/iNat183239.ogg,0
fepowl/XC769543.ogg,2
fepowl/XC592536.ogg,2
fepowl/iNat373154.ogg,1
fepowl/XC549579.ogg,0
fepowl/XC596806.ogg,1
fepowl/XC925406.ogg,1
fepowl/XC522122.ogg,4
fepowl/iNat1145109.ogg,0
fepowl/iNat1282296.ogg,2
fepowl/XC972225.ogg,4
fepowl/XC993149.ogg,3
fepowl/iNat187679.ogg,2
fepowl/iNat364779.ogg,0
fepowl/XC396067.ogg,3
fepowl/iNat353492.ogg,0
fepowl/XC797408.ogg,1
fepowl/iNat321628.ogg,0
fepowl/XC308565.ogg,4
fepowl/XC283612.ogg,1
fepowl/XC377195.ogg,1
fepowl/iNat507595.ogg,4
fepowl/iNat1033555.ogg,2
fepowl/iNat474408.ogg,2
fepowl/XC800248.ogg,2
fepowl/XC2220.ogg,0
fepowl/XC694513.ogg,2
fepowl/iNat1363030.ogg,2
fepowl/XC959010.ogg,0
fepowl/XC447861.ogg,3
fepowl/iNat620100.ogg,0
fepowl/iNat898730.ogg,4
fepowl/iNat365513.ogg,1
fepowl/XC185357.ogg,0
fepowl/iNat163637.ogg,1
fepowl/iNat1661887.ogg,0
fepowl/iNat1154539.ogg,1
fepowl/iNat31839.ogg,3
fepowl/iNat1228967.ogg,0
fepowl/iNat1202978.ogg,4
fepowl/iNat1700111.ogg,4
fepowl/iNat592969.ogg,1
fepowl/XC334747.ogg,3
fepowl/iNat611842.ogg,2
fepowl/iNat1037521.ogg,1
fepowl/XC855089.ogg,0
fepowl/iNat581441.ogg,3
fepowl/iNat1356362.ogg,1
fepowl/iNat20068.ogg,1
fepowl/XC872236.ogg,0
fepowl/XC174033.ogg,2
fepowl/iNat1223549.ogg,3
fepowl/iNat563218.ogg,4
fepowl/iNat1681293.ogg,4
fepowl/XC749740.ogg,4
fepowl/iNat905443.ogg,4
fepowl/iNat1580576.ogg,4
fepowl/iNat987352.ogg,0
fepowl/XC152254.ogg,4
fepowl/XC257753.ogg,4
fepowl/iNat187086.ogg,3
fepowl/XC896459.ogg,3
fepowl/iNat605678.ogg,2
fepowl/XC837948.ogg,2
fepowl/XC789018.ogg,2
fepowl/XC191818.ogg,3
fepowl/XC238330.ogg,3
fepowl/iNat452473.ogg,4
fepowl/XC707563.ogg,3
fepowl/iNat367044.ogg,0
fepowl/XC277791.ogg,4
fepowl/XC827048.ogg,1
fepowl/XC192201.ogg,4
fepowl/iNat1224410.ogg,0
fepowl/iNat1631059.ogg,3
fepowl/iNat179597.ogg,3
fepowl/iNat414235.ogg,4
fepowl/iNat1373382.ogg,4
fepowl/XC460414.ogg,0
fepowl/iNat37368.ogg,2
fepowl/iNat1699747.ogg,1
fepowl/XC246808.ogg,3
fepowl/XC843612.ogg,3
fepowl/XC830262.ogg,4
fepowl/iNat681399.ogg,2
fepowl/XC455473.ogg,1
fepowl/iNat330535.ogg,3
fepowl/XC511388.ogg,1
fepowl/XC715891.ogg,2
fepowl/iNat918734.ogg,1
fepowl/iNat200784.ogg,3
fepowl/iNat1315123.ogg,1
fepowl/XC120541.ogg,1
fepowl/iNat858455.ogg,0
fepowl/iNat191834.ogg,3
fepowl/iNat1136500.ogg,1
fepowl/iNat1598483.ogg,2
fepowl/XC291438.ogg,2
fepowl/XC573805.ogg,4
fepowl/XC621028.ogg,2
fepowl/iNat776638.ogg,1
fepowl/XC329992.ogg,4
fepowl/iNat1232755.ogg,0
fepowl/iNat863290.ogg,4
fepowl/iNat587003.ogg,3
fepowl/XC338179.ogg,1
fepowl/iNat769076.ogg,3
fepowl/iNat1270413.ogg,3
fepowl/XC298942.ogg,4
fepowl/iNat19409.ogg,1
fepowl/iNat636504.ogg,2
fepowl/iNat1306495.ogg,1
fepowl/iNat1102819.ogg,1
fepowl/XC774197.ogg,0
fepowl/iNat401123.ogg,3
fepowl/iNat594427.ogg,4
fepowl/XC336337.ogg,4
fepowl/iNat522311.ogg,1
fepowl/iNat1732769.ogg,0
fepowl/iNat365512.ogg,1
fepowl/iNat135774.ogg,3
fepowl/XC166025.ogg,0
fepowl/iNat474410.ogg,2
fepowl/iNat1734616.ogg,2
fepowl/iNat582452.ogg,4
fepowl/iNat1122269.ogg,1
fepowl/XC325660.ogg,1
fepowl/iNat578496.ogg,2
fepowl/XC288153.ogg,4
fepowl/iNat874919.ogg,3
fepowl/iNat171418.ogg,0
fepowl/XC411257.ogg,1
fepowl/XC28778.ogg,1
fepowl/XC360241.ogg,1
fepowl/XC131328.ogg,3
fepowl/XC987965.ogg,3
fepowl/iNat1006174.ogg,1
fepowl/XC504299.ogg,3
fepowl/XC678380.ogg,0
fepowl/XC579868.ogg,1
fepowl/iNat610890.ogg,4
fepowl/iNat383388.ogg,1
fepowl/iNat1270399.ogg,3
fepowl/iNat1224500.ogg,0
fepowl/iNat134995.ogg,3
fepowl/iNat857318.ogg,3
fepowl/iNat214130.ogg,3
fepowl/iNat284598.ogg,1
fepowl/XC327710.ogg,2
fepowl/iNat58979.ogg,3
fepowl/iNat894982.ogg,2
fepowl/iNat548830.ogg,0
fepowl/XC361343.ogg,4
fepowl/iNat1655040.ogg,3
fepowl/XC278260.ogg,4
fepowl/XC964933.ogg,3
fepowl/XC837826.ogg,1
fepowl/XC427411.ogg,2
fepowl/iNat23313.ogg,4
fepowl/iNat353237.ogg,1
fepowl/iNat1007409.ogg,1
fepowl/iNat1307393.ogg,0
fepowl/XC932054.ogg,1
fepowl/XC2212.ogg,0
fepowl/iNat1411274.ogg,4
fepowl/iNat655375.ogg,0
fepowl/XC447873.ogg,3
fepowl/iNat580825.ogg,1
fepowl/XC743178.ogg,3
ficman1/XC615543.ogg,2
ficman1/XC615538.ogg,2
ficman1/XC493327.ogg,2
ficman1/XC1019635.ogg,2
ficman1/XC1019632.ogg,2
ficman1/XC1019637.ogg,2
ficman1/XC734445.ogg,2
ficman1/XC734444.ogg,2
ficman1/XC734443.ogg,2
ficman1/XC174567.ogg,2
ficman1/XC400210.ogg,4
ficman1/XC777329.ogg,3
ficman1/XC1037347.ogg,3
ficman1/XC777330.ogg,3
ficman1/XC777328.ogg,3
ficman1/XC777327.ogg,3
ficman1/XC953805.ogg,1
ficman1/iNat516298.ogg,4
ficman1/XC1045583.ogg,3
ficman1/XC1045579.ogg,3
ficman1/XC171177.ogg,3
ficman1/XC392046.ogg,4
ficman1/XC963879.ogg,3
ficman1/XC453558.ogg,1
ficman1/iNat143809.ogg,4
ficman1/XC170555.ogg,3
ficman1/iNat179575.ogg,0
ficman1/XC754816.ogg,2
ficman1/XC754556.ogg,2
ficman1/XC755188.ogg,2
ficman1/XC782209.ogg,2
ficman1/XC152495.ogg,1
ficman1/XC73817.ogg,1
ficman1/XC187191.ogg,0
ficman1/XC190847.ogg,1
ficman1/XC536748.ogg,0
ficman1/XC728576.ogg,1
ficman1/XC200172.ogg,1
ficman1/XC438665.ogg,3
ficman1/XC438672.ogg,3
ficman1/XC483127.ogg,3
ficman1/XC200128.ogg,1
ficman1/XC536661.ogg,0
ficman1/XC821541.ogg,2
ficman1/XC342745.ogg,0
ficman1/XC424943.ogg,3
ficman1/XC821816.ogg,2
ficman1/XC1035527.ogg,2
ficman1/XC1035173.ogg,2
ficman1/XC180621.ogg,4
ficman1/XC180620.ogg,4
ficman1/XC5014.ogg,3
ficman1/XC469158.ogg,3
ficman1/iNat144556.ogg,4
ficman1/XC763333.ogg,3
ficman1/XC842441.ogg,4
ficman1/XC842440.ogg,4
ficman1/XC427558.ogg,2
ficman1/XC427557.ogg,2
ficman1/XC303298.ogg,1
ficman1/XC118925.ogg,3
ficman1/XC315027.ogg,1
ficman1/XC1067340.ogg,3
ficman1/XC1067334.ogg,3
ficman1/XC1067332.ogg,3
ficman1/XC456287.ogg,3
flawar1/XC376614.ogg,3
flawar1/iNat745851.ogg,1
flawar1/XC808978.ogg,4
flawar1/iNat1547902.ogg,1
flawar1/iNat1545273.ogg,1
flawar1/XC152619.ogg,1
flawar1/XC568550.ogg,1
flawar1/XC1041399.ogg,3
flawar1/XC1064773.ogg,3
flawar1/XC614647.ogg,1
flawar1/XC614646.ogg,1
flawar1/iNat451707.ogg,4
flawar1/XC737833.ogg,3
flawar1/XC746765.ogg,3
flawar1/XC665676.ogg,3
flawar1/XC535644.ogg,4
flawar1/XC402635.ogg,4
flawar1/XC411849.ogg,2
flawar1/XC423617.ogg,2
flawar1/iNat365444.ogg,3
flawar1/XC856204.ogg,0
flawar1/XC435981.ogg,0
flawar1/XC461333.ogg,0
flawar1/XC435984.ogg,0
flawar1/XC435983.ogg,0
flawar1/XC123187.ogg,3
flawar1/XC1064338.ogg,3
flawar1/XC496460.ogg,0
flawar1/XC488984.ogg,4
flawar1/XC165012.ogg,2
flawar1/XC185822.ogg,0
flawar1/XC389023.ogg,2
flawar1/XC121410.ogg,4
flawar1/iNat396750.ogg,0
flawar1/XC743660.ogg,4
flawar1/XC234954.ogg,4
flawar1/iNat1734631.ogg,0
flawar1/XC299624.ogg,0
flawar1/XC295350.ogg,0
flawar1/XC295506.ogg,0
flawar1/XC470879.ogg,3
flawar1/XC1003076.ogg,3
flawar1/XC833939.ogg,3
flawar1/XC833936.ogg,3
flawar1/XC1008344.ogg,3
flawar1/XC178089.ogg,1
flawar1/XC173329.ogg,2
flawar1/XC295501.ogg,0
flawar1/XC990003.ogg,3
flawar1/XC84435.ogg,1
flawar1/XC256510.ogg,2
flawar1/XC184578.ogg,1
flawar1/XC70099.ogg,1
flawar1/iNat152984.ogg,1
flawar1/iNat763626.ogg,4
flawar1/XC357482.ogg,4
flawar1/XC336368.ogg,4
flawar1/XC336367.ogg,4
flawar1/XC78180.ogg,0
flawar1/XC164884.ogg,4
flawar1/XC863837.ogg,2
flawar1/XC863833.ogg,2
flawar1/XC863831.ogg,2
flawar1/XC623004.ogg,2
flawar1/iNat341291.ogg,1
flawar1/XC708976.ogg,3
flawar1/XC738178.ogg,4
flawar1/XC144949.ogg,0
flawar1/XC2736.ogg,0
flawar1/XC470909.ogg,3
flawar1/XC84432.ogg,1
flawar1/iNat506508.ogg,4
flawar1/XC9553.ogg,3
flawar1/XC9552.ogg,3
flawar1/XC9551.ogg,3
flawar1/XC809930.ogg,2
flawar1/XC556422.ogg,2
flawar1/XC607974.ogg,2
flawar1/XC128816.ogg,3
flawar1/XC128627.ogg,3
flawar1/XC395613.ogg,0
flawar1/XC707198.ogg,3
flawar1/XC412187.ogg,2
flawar1/XC708040.ogg,2
flawar1/XC565151.ogg,2
flawar1/XC963342.ogg,2
flawar1/XC963302.ogg,2
flawar1/XC800276.ogg,2
flawar1/XC1011387.ogg,2
flawar1/XC413470.ogg,2
flawar1/XC602727.ogg,3
flawar1/XC358987.ogg,2
flawar1/XC358341.ogg,2
flawar1/XC344076.ogg,2
flawar1/XC358972.ogg,2
flawar1/XC252393.ogg,2
flawar1/XC933858.ogg,2
flawar1/XC857511.ogg,2
flawar1/XC857481.ogg,2
flawar1/XC857466.ogg,2
flawar1/XC810436.ogg,2
flawar1/XC810429.ogg,2
flawar1/XC695891.ogg,2
flawar1/XC683044.ogg,2
flawar1/XC772513.ogg,2
flawar1/iNat321471.ogg,4
flawar1/XC932733.ogg,2
flawar1/XC157286.ogg,4
flawar1/XC1006629.ogg,2
flawar1/XC401105.ogg,4
flawar1/XC925188.ogg,3
flawar1/XC116396.ogg,2
flawar1/XC1026239.ogg,0
flawar1/XC377285.ogg,0
flawar1/XC817081.ogg,0
flawar1/XC829744.ogg,0
flawar1/XC717559.ogg,2
flawar1/XC423512.ogg,2
flawar1/XC593915.ogg,2
flawar1/XC436002.ogg,1
flawar1/XC752759.ogg,3
flawar1/XC331285.ogg,1
flawar1/XC212358.ogg,1
flawar1/XC665629.ogg,2
flawar1/XC84433.ogg,1
flawar1/XC170998.ogg,3
flawar1/XC212042.ogg,3
flawar1/XC898361.ogg,2
flawar1/XC898320.ogg,2
flawar1/XC898280.ogg,2
flawar1/XC1903.ogg,0
flawar1/XC1902.ogg,0
flawar1/XC761724.ogg,4
flawar1/XC761723.ogg,4
flawar1/XC761722.ogg,4
flawar1/XC789081.ogg,2
flawar1/XC84436.ogg,1
flawar1/XC212357.ogg,1
flawar1/XC427632.ogg,2
flawar1/XC573111.ogg,3
flawar1/XC212359.ogg,1
flawar1/XC898447.ogg,2
flawar1/XC488900.ogg,0
flawar1/XC344056.ogg,0
flawar1/XC84437.ogg,1
flawar1/iNat1043036.ogg,4
flawar1/XC156966.ogg,4
flawar1/XC11586.ogg,3
flawar1/XC427630.ogg,2
flawar1/XC389065.ogg,4
flawar1/XC389062.ogg,4
flawar1/XC427642.ogg,2
flawar1/XC427626.ogg,2
flawar1/XC427625.ogg,2
flawar1/XC427655.ogg,2
flawar1/XC427641.ogg,2
flawar1/XC427647.ogg,2
flawar1/XC427629.ogg,2
flawar1/XC427646.ogg,2
flawar1/XC427645.ogg,2
flawar1/XC427627.ogg,2
flawar1/XC427653.ogg,2
flawar1/XC427652.ogg,2
flawar1/XC427656.ogg,2
flawar1/XC427644.ogg,2
flawar1/XC427643.ogg,2
flawar1/XC427640.ogg,2
flawar1/XC427639.ogg,2
flawar1/XC427638.ogg,2
flawar1/XC427628.ogg,2
flawar1/XC427654.ogg,2
flawar1/XC427658.ogg,2
flawar1/XC427657.ogg,2
flawar1/XC427651.ogg,2
flawar1/XC427650.ogg,2
flawar1/XC427649.ogg,2
flawar1/XC427631.ogg,2
flawar1/iNat1269863.ogg,3
flawar1/iNat1269864.ogg,3
flawar1/XC493432.ogg,2
flawar1/XC428811.ogg,2
flawar1/XC995694.ogg,3
flawar1/XC983839.ogg,3
flawar1/XC983835.ogg,3
flawar1/XC534664.ogg,3
flawar1/XC427637.ogg,2
flawar1/XC427636.ogg,2
flawar1/XC427635.ogg,2
flawar1/XC427634.ogg,2
flawar1/XC427633.ogg,2
flawar1/XC366777.ogg,3
flawar1/iNat53184.ogg,4
flawar1/iNat587891.ogg,1
flawar1/XC84434.ogg,1
flawar1/XC499911.ogg,3
flawar1/iNat608905.ogg,3
flawar1/XC427660.ogg,2
flawar1/XC427659.ogg,2
flawar1/XC122708.ogg,2
flawar1/XC1033845.ogg,3
flawar1/XC298074.ogg,1
flawar1/XC298071.ogg,1
flawar1/XC298630.ogg,1
flawar1/XC858958.ogg,1
fotfly/XC399279.ogg,3
fotfly/XC996563.ogg,3
fotfly/XC996562.ogg,3
fotfly/XC996561.ogg,3
fotfly/XC996559.ogg,3
fotfly/iNat871016.ogg,2
fotfly/XC585032.ogg,3
fotfly/XC464161.ogg,3
fotfly/iNat1294851.ogg,0
fotfly/iNat852135.ogg,2
fotfly/XC864543.ogg,2
fotfly/XC607800.ogg,1
fotfly/XC607799.ogg,1
fotfly/iNat340574.ogg,3
fotfly/iNat828739.ogg,1
fotfly/iNat828744.ogg,1
fotfly/iNat828742.ogg,1
fotfly/iNat587394.ogg,3
fotfly/XC213410.ogg,3
fotfly/iNat398144.ogg,0
fotfly/iNat158441.ogg,1
fotfly/XC467168.ogg,3
fotfly/iNat1664843.ogg,4
fotfly/XC176460.ogg,1
fotfly/XC173379.ogg,1
fotfly/XC551103.ogg,3
fotfly/XC551102.ogg,3
fotfly/iNat1127766.ogg,1
fotfly/iNat1193130.ogg,2
fotfly/XC592934.ogg,2
fotfly/XC212466.ogg,0
fotfly/XC913086.ogg,1
fotfly/XC199146.ogg,1
fotfly/XC119336.ogg,3
fotfly/XC82492.ogg,1
fotfly/XC82491.ogg,1
fotfly/XC82490.ogg,1
fotfly/XC589561.ogg,0
fotfly/XC355721.ogg,0
fotfly/XC513031.ogg,0
fotfly/XC513029.ogg,0
fotfly/XC212467.ogg,0
fotfly/XC115604.ogg,4
fotfly/XC421680.ogg,0
fotfly/XC421679.ogg,0
fotfly/iNat1632832.ogg,2
fotfly/XC1015982.ogg,3
fotfly/XC150510.ogg,0
fotfly/XC668958.ogg,2
fotfly/XC745545.ogg,2
fotfly/XC518799.ogg,2
fotfly/XC518797.ogg,2
fotfly/XC518795.ogg,2
fotfly/XC436510.ogg,2
fotfly/XC422125.ogg,2
fotfly/XC761511.ogg,2
fotfly/iNat152120.ogg,2
fotfly/XC211067.ogg,2
fotfly/XC672996.ogg,2
fotfly/XC1059176.ogg,2
fotfly/XC443542.ogg,2
fotfly/XC556663.ogg,2
fotfly/XC556664.ogg,2
fotfly/XC146796.ogg,2
fotfly/XC146795.ogg,2
fotfly/XC340166.ogg,3
fotfly/XC210973.ogg,1
fotfly/iNat88734.ogg,3
fotfly/XC939962.ogg,2
fotfly/XC939961.ogg,2
fotfly/XC210971.ogg,1
fotfly/XC975760.ogg,3
fotfly/XC974467.ogg,3
fotfly/XC457251.ogg,0
fotfly/XC457250.ogg,0
fotfly/XC244972.ogg,2
fotfly/XC197483.ogg,4
fotfly/XC9045.ogg,3
fotfly/XC456261.ogg,2
fotfly/XC252011.ogg,0
fotfly/XC371179.ogg,2
fotfly/XC673970.ogg,1
fotfly/XC398981.ogg,0
fusfly1/iNat503131.ogg,2
fusfly1/iNat503133.ogg,2
fusfly1/iNat503136.ogg,2
fusfly1/iNat503138.ogg,2
fusfly1/iNat503139.ogg,2
fusfly1/iNat503140.ogg,2
fusfly1/XC679861.ogg,4
fusfly1/XC679860.ogg,4
fusfly1/XC679859.ogg,4
fusfly1/XC679858.ogg,4
fusfly1/XC679856.ogg,4
fusfly1/XC679855.ogg,4
fusfly1/XC679854.ogg,4
fusfly1/XC679853.ogg,4
fusfly1/XC677598.ogg,4
fusfly1/XC295563.ogg,3
fusfly1/XC174014.ogg,2
fusfly1/XC176294.ogg,2
fusfly1/XC610238.ogg,2
fusfly1/iNat832546.ogg,1
fusfly1/XC70511.ogg,3
fusfly1/iNat901079.ogg,1
fusfly1/XC679390.ogg,1
fusfly1/XC836947.ogg,2
fusfly1/iNat1459480.ogg,3
fusfly1/iNat1485352.ogg,3
fusfly1/iNat1485353.ogg,3
fusfly1/iNat890439.ogg,2
fusfly1/XC113719.ogg,4
fusfly1/XC528410.ogg,2
fusfly1/XC376610.ogg,3
fusfly1/XC687744.ogg,3
fusfly1/XC687739.ogg,3
fusfly1/XC457347.ogg,3
fusfly1/XC791732.ogg,2
fusfly1/XC790002.ogg,2
fusfly1/XC922818.ogg,3
fusfly1/iNat1532957.ogg,2
fusfly1/iNat364760.ogg,0
fusfly1/XC75583.ogg,1
fusfly1/iNat1703032.ogg,4
fusfly1/XC561818.ogg,2
fusfly1/iNat1598826.ogg,1
fusfly1/iNat1485377.ogg,3
fusfly1/iNat1481183.ogg,3
fusfly1/iNat1448465.ogg,3
fusfly1/iNat906109.ogg,2
fusfly1/XC592928.ogg,2
fusfly1/XC592021.ogg,2
fusfly1/XC592017.ogg,2
fusfly1/XC987461.ogg,3
fusfly1/XC611359.ogg,3
fusfly1/XC81508.ogg,1
fusfly1/XC185690.ogg,0
fusfly1/XC187998.ogg,4
fusfly1/XC186134.ogg,0
fusfly1/XC213413.ogg,1
fusfly1/XC116151.ogg,2
fusfly1/XC81510.ogg,1
fusfly1/XC295674.ogg,1
fusfly1/XC81507.ogg,1
fusfly1/XC614653.ogg,1
fusfly1/XC614652.ogg,1
fusfly1/XC1004135.ogg,3
fusfly1/XC1004133.ogg,3
fusfly1/XC1003098.ogg,3
fusfly1/XC665675.ogg,3
fusfly1/XC615601.ogg,1
fusfly1/XC615600.ogg,1
fusfly1/XC389452.ogg,4
fusfly1/XC121857.ogg,3
fusfly1/XC208288.ogg,1
fusfly1/XC580634.ogg,1
fusfly1/XC580604.ogg,1
fusfly1/iNat282236.ogg,0
fusfly1/XC664734.ogg,3
fusfly1/XC466882.ogg,2
fusfly1/XC428344.ogg,2
fusfly1/XC423625.ogg,2
fusfly1/XC615545.ogg,1
fusfly1/XC989385.ogg,4
fusfly1/XC993135.ogg,3
fusfly1/iNat483066.ogg,4
fusfly1/XC993136.ogg,3
fusfly1/XC472397.ogg,3
fusfly1/XC1050752.ogg,4
fusfly1/XC433829.ogg,2
fusfly1/XC433828.ogg,2
fusfly1/iNat397531.ogg,0
fusfly1/XC186137.ogg,0
fusfly1/XC186135.ogg,0
fusfly1/XC186136.ogg,0
fusfly1/XC706084.ogg,0
fusfly1/XC389131.ogg,4
fusfly1/XC743821.ogg,4
fusfly1/XC325897.ogg,0
fusfly1/XC295679.ogg,0
fusfly1/XC295478.ogg,0
fusfly1/XC421811.ogg,0
fusfly1/XC295572.ogg,0
fusfly1/XC1007456.ogg,3
fusfly1/iNat1518620.ogg,0
fusfly1/XC303652.ogg,1
fusfly1/XC453669.ogg,2
fusfly1/XC422558.ogg,0
fusfly1/XC443730.ogg,1
fusfly1/XC81509.ogg,1
fusfly1/XC2200.ogg,0
fusfly1/XC811925.ogg,2
fusfly1/XC657813.ogg,3
fusfly1/XC550396.ogg,3
fusfly1/XC556220.ogg,2
fusfly1/XC481882.ogg,2
fusfly1/XC481880.ogg,2
fusfly1/XC708052.ogg,2
fusfly1/XC556685.ogg,2
fusfly1/XC498066.ogg,2
fusfly1/XC480584.ogg,2
fusfly1/XC556683.ogg,2
fusfly1/XC761765.ogg,2
fusfly1/XC743214.ogg,2
fusfly1/XC1017280.ogg,2
fusfly1/XC965405.ogg,2
fusfly1/XC965404.ogg,2
fusfly1/XC800356.ogg,2
fusfly1/XC800273.ogg,2
fusfly1/XC422638.ogg,0
fusfly1/XC567714.ogg,2
fusfly1/XC415345.ogg,2
fusfly1/XC415343.ogg,2
fusfly1/XC705510.ogg,0
fusfly1/XC73437.ogg,1
fusfly1/XC73435.ogg,1
fusfly1/XC73434.ogg,1
fusfly1/XC737037.ogg,2
fusfly1/XC484641.ogg,2
fusfly1/XC933896.ogg,2
fusfly1/XC933895.ogg,2
fusfly1/XC933892.ogg,2
fusfly1/XC1009658.ogg,2
fusfly1/XC800739.ogg,2
fusfly1/XC783215.ogg,2
fusfly1/XC738983.ogg,2
fusfly1/XC725836.ogg,2
fusfly1/XC692031.ogg,2
fusfly1/XC599505.ogg,3
fusfly1/XC1006648.ogg,2
fusfly1/XC1006647.ogg,2
fusfly1/XC400343.ogg,4
fusfly1/iNat515966.ogg,4
fusfly1/iNat515967.ogg,4
fusfly1/XC377288.ogg,0
fusfly1/XC704003.ogg,3
fusfly1/XC955358.ogg,2
fusfly1/XC722090.ogg,2
fusfly1/XC722027.ogg,2
fusfly1/XC619242.ogg,2
fusfly1/XC580447.ogg,2
fusfly1/XC448469.ogg,2
fusfly1/XC448468.ogg,2
fusfly1/XC837920.ogg,2
fusfly1/XC837907.ogg,2
fusfly1/XC837880.ogg,2
fusfly1/XC837877.ogg,2
fusfly1/XC655517.ogg,4
fusfly1/XC704005.ogg,3
fusfly1/XC264092.ogg,3
fusfly1/XC424928.ogg,3
fusfly1/XC789073.ogg,2
fusfly1/XC789060.ogg,2
fusfly1/XC775163.ogg,4
fusfly1/XC674275.ogg,4
fusfly1/XC674273.ogg,4
fusfly1/XC704851.ogg,0
fusfly1/XC754915.ogg,2
fusfly1/XC1015637.ogg,4
fusfly1/XC2676.ogg,0
fusfly1/XC2666.ogg,0
fusfly1/XC73433.ogg,1
fusfly1/XC73436.ogg,1
fusfly1/XC73432.ogg,1
fusfly1/XC73431.ogg,1
fusfly1/XC73430.ogg,1
fusfly1/XC73429.ogg,1
fusfly1/XC424169.ogg,3
fusfly1/XC569194.ogg,3
fusfly1/XC669575.ogg,3
fusfly1/XC799762.ogg,3
fusfly1/XC474966.ogg,3
fusfly1/XC474606.ogg,3
fusfly1/XC474604.ogg,3
fusfly1/XC1035728.ogg,2
fusfly1/XC427225.ogg,2
fusfly1/XC692056.ogg,3
fusfly1/XC427228.ogg,2
fusfly1/XC427227.ogg,2
fusfly1/XC427226.ogg,2
fusfly1/XC493224.ogg,2
fusfly1/XC427224.ogg,2
fusfly1/XC427223.ogg,2
fusfly1/XC817226.ogg,2
fusfly1/XC817223.ogg,2
fusfly1/XC428532.ogg,2
fusfly1/XC1034680.ogg,2
fusfly1/XC1035107.ogg,2
fusfly1/XC974658.ogg,2
fusfly1/XC11577.ogg,3
fusfly1/XC163189.ogg,0
fusfly1/XC163187.ogg,0
fusfly1/XC163188.ogg,0
fusfly1/XC205874.ogg,1
fusfly1/XC372488.ogg,0
fusfly1/XC163248.ogg,0
fusfly1/XC608917.ogg,1
fusfly1/XC357166.ogg,3
fusfly1/XC325843.ogg,3
fusfly1/XC319193.ogg,1
fusfly1/XC258876.ogg,4
fusfly1/XC258875.ogg,4
fusfly1/XC268555.ogg,4
fusfly1/XC181281.ogg,4
fusfly1/XC345363.ogg,0
fusfly1/XC478237.ogg,4
fusfly1/XC258874.ogg,4
fusfly1/XC152835.ogg,1
fusfly1/XC152834.ogg,1
fusfly1/XC525383.ogg,3
fusfly1/XC520967.ogg,3
fusfly1/XC520966.ogg,3
fusfly1/XC202259.ogg,4
fusfly1/XC442180.ogg,3
fusfly1/XC499993.ogg,1
fusfly1/XC532173.ogg,4
fusfly1/XC552755.ogg,4
fusfly1/XC552751.ogg,4
fusfly1/XC552753.ogg,4
fusfly1/XC534028.ogg,4
fusfly1/XC532174.ogg,4
fusfly1/XC543445.ogg,4
fusfly1/XC544957.ogg,4
fusfly1/XC552752.ogg,4
fusfly1/XC540707.ogg,4
fusfly1/XC716755.ogg,2
fusfly1/XC479529.ogg,4
fusfly1/XC403383.ogg,4
fusfly1/XC634907.ogg,2
fusfly1/XC839403.ogg,1
fusfly1/XC462255.ogg,0
gilhum1/iNat816763.ogg,1
gilhum1/iNat1651875.ogg,1
gilhum1/iNat1593205.ogg,4
gilhum1/iNat138772.ogg,0
gilhum1/iNat333589.ogg,3
gilhum1/XC689481.ogg,1
gilhum1/iNat1650062.ogg,2
gilhum1/iNat1125620.ogg,1
gilhum1/iNat536720.ogg,0
gilhum1/iNat1022912.ogg,0
gilhum1/iNat1022913.ogg,0
gilhum1/iNat1022932.ogg,0
gilhum1/iNat582811.ogg,4
gilhum1/iNat591229.ogg,4
gilhum1/iNat1028585.ogg,0
gilhum1/iNat577031.ogg,3
gilhum1/iNat809241.ogg,3
gilhum1/iNat1315146.ogg,0
gilhum1/iNat1641916.ogg,1
gilhum1/iNat1561762.ogg,2
gilhum1/iNat556427.ogg,0
gilhum1/iNat851037.ogg,4
gilhum1/iNat850400.ogg,2
gilhum1/iNat1651994.ogg,4
gilhum1/iNat1703926.ogg,1
gilhum1/XC51363.ogg,3
gilhum1/XC51362.ogg,3
gilhum1/iNat1163848.ogg,4
gilhum1/XC1047878.ogg,2
gilhum1/iNat1208176.ogg,1
gilhum1/iNat1616545.ogg,3
gilhum1/iNat1233043.ogg,3
gilhum1/iNat826489.ogg,3
gilhum1/iNat826488.ogg,3
gilhum1/iNat1533404.ogg,1
gilhum1/iNat74043.ogg,3
gilhum1/iNat240654.ogg,3
gilhum1/iNat291701.ogg,3
gilhum1/iNat293802.ogg,3
gilhum1/iNat524852.ogg,3
gilhum1/iNat714522.ogg,3
gilhum1/iNat417560.ogg,3
gilhum1/iNat1103776.ogg,3
gilhum1/iNat516490.ogg,3
gilhum1/iNat340569.ogg,3
gilhum1/iNat524954.ogg,3
gilhum1/iNat456624.ogg,3
gilhum1/iNat516359.ogg,3
gilhum1/iNat516360.ogg,3
gilhum1/iNat183089.ogg,1
gilhum1/XC266661.ogg,3
gilhum1/XC686709.ogg,2
gilhum1/XC686667.ogg,2
gilhum1/XC686666.ogg,2
gilhum1/XC686665.ogg,2
gilhum1/XC147030.ogg,1
gilhum1/XC428598.ogg,3
gilhum1/XC510876.ogg,3
gilhum1/XC650969.ogg,2
gilhum1/XC216141.ogg,2
gilhum1/iNat1613490.ogg,4
gilhum1/iNat1613492.ogg,4
gilhum1/iNat1613491.ogg,4
gilhum1/iNat327565.ogg,4
gilhum1/XC1048328.ogg,1
gilhum1/iNat1459481.ogg,3
gilhum1/iNat699925.ogg,3
gilhum1/XC313648.ogg,0
gilhum1/XC467515.ogg,3
gilhum1/iNat73634.ogg,4
gilhum1/XC450966.ogg,3
gilhum1/iNat787995.ogg,4
gilhum1/XC149918.ogg,4
gilhum1/XC791241.ogg,2
gilhum1/XC843461.ogg,2
gilhum1/XC843458.ogg,2
gilhum1/XC1039699.ogg,4
gilhum1/iNat991330.ogg,2
gilhum1/XC596080.ogg,2
gilhum1/iNat728244.ogg,4
gilhum1/XC647614.ogg,2
gilhum1/XC201831.ogg,1
gilhum1/XC29140.ogg,3
gilhum1/XC615557.ogg,1
gilhum1/XC615556.ogg,1
gilhum1/XC615555.ogg,1
gilhum1/XC973665.ogg,3
gilhum1/XC858095.ogg,2
gilhum1/XC497538.ogg,0
gilhum1/XC433825.ogg,2
gilhum1/XC51364.ogg,3
gilhum1/XC616318.ogg,1
gilhum1/XC461391.ogg,2
gilhum1/XC304393.ogg,0
gilhum1/XC1062260.ogg,3
gilhum1/XC16007.ogg,3
gilhum1/XC290418.ogg,4
gilhum1/XC563359.ogg,2
gilhum1/XC556768.ogg,2
gilhum1/XC645745.ogg,2
gilhum1/XC823570.ogg,2
gilhum1/XC823566.ogg,2
gilhum1/XC417619.ogg,2
gilhum1/XC920618.ogg,2
gilhum1/XC917554.ogg,2
gilhum1/XC743230.ogg,2
gilhum1/XC1019653.ogg,2
gilhum1/XC803712.ogg,2
gilhum1/XC924674.ogg,2
gilhum1/XC737008.ogg,2
gilhum1/XC736998.ogg,2
gilhum1/XC1008478.ogg,2
gilhum1/XC500026.ogg,2
gilhum1/XC741084.ogg,2
gilhum1/XC741083.ogg,2
gilhum1/XC299630.ogg,1
gilhum1/XC264095.ogg,3
giwrai1/XC161985.ogg,1
giwrai1/XC161984.ogg,1
giwrai1/XC168291.ogg,1
giwrai1/XC209518.ogg,1
giwrai1/iNat1242201.ogg,3
giwrai1/iNat1673888.ogg,1
giwrai1/iNat897898.ogg,3
giwrai1/iNat314956.ogg,4
giwrai1/iNat907312.ogg,0
giwrai1/XC283063.ogg,0
giwrai1/XC195427.ogg,0
giwrai1/iNat575962.ogg,4
giwrai1/iNat1735349.ogg,3
giwrai1/iNat1564310.ogg,4
giwrai1/iNat308374.ogg,4
giwrai1/iNat1277743.ogg,4
giwrai1/iNat582177.ogg,2
giwrai1/iNat498476.ogg,3
giwrai1/XC52615.ogg,3
giwrai1/XC48489.ogg,3
giwrai1/iNat1163849.ogg,4
giwrai1/iNat572522.ogg,2
giwrai1/iNat46730.ogg,0
giwrai1/iNat856773.ogg,3
giwrai1/iNat1690054.ogg,3
giwrai1/iNat1349850.ogg,0
giwrai1/XC352505.ogg,2
giwrai1/iNat1208320.ogg,1
giwrai1/XC902473.ogg,1
giwrai1/iNat40098.ogg,0
giwrai1/XC542054.ogg,1
giwrai1/XC589863.ogg,1
giwrai1/iNat396178.ogg,0
giwrai1/iNat817722.ogg,2
giwrai1/XC824405.ogg,4
giwrai1/iNat273027.ogg,3
giwrai1/iNat791265.ogg,3
giwrai1/iNat791347.ogg,3
giwrai1/iNat210409.ogg,3
giwrai1/iNat541835.ogg,3
giwrai1/iNat1694593.ogg,0
giwrai1/iNat592776.ogg,3
giwrai1/iNat532465.ogg,3
giwrai1/iNat586967.ogg,3
giwrai1/iNat1330676.ogg,1
giwrai1/iNat383676.ogg,3
giwrai1/iNat383677.ogg,3
giwrai1/iNat687919.ogg,3
giwrai1/iNat588499.ogg,3
giwrai1/iNat588501.ogg,3
giwrai1/iNat539953.ogg,3
giwrai1/iNat771660.ogg,3
giwrai1/iNat417452.ogg,3
giwrai1/iNat456596.ogg,3
giwrai1/iNat587431.ogg,3
giwrai1/iNat1559570.ogg,3
giwrai1/XC376777.ogg,3
giwrai1/iNat1678957.ogg,0
giwrai1/XC471295.ogg,3
giwrai1/iNat312411.ogg,1
giwrai1/XC978400.ogg,2
giwrai1/XC115888.ogg,2
giwrai1/iNat693433.ogg,3
giwrai1/iNat584376.ogg,4
giwrai1/XC510897.ogg,3
giwrai1/iNat46366.ogg,1
giwrai1/XC84913.ogg,1
giwrai1/iNat907349.ogg,4
giwrai1/iNat811830.ogg,1
giwrai1/iNat929933.ogg,4
giwrai1/iNat955634.ogg,4
giwrai1/XC200143.ogg,3
giwrai1/iNat1200822.ogg,1
giwrai1/XC452126.ogg,3
giwrai1/iNat1704695.ogg,3
giwrai1/XC578466.ogg,2
giwrai1/XC370888.ogg,2
giwrai1/iNat1200817.ogg,1
giwrai1/XC454649.ogg,3
giwrai1/XC1012422.ogg,3
giwrai1/iNat1469888.ogg,3
giwrai1/iNat421414.ogg,4
giwrai1/iNat557889.ogg,4
giwrai1/XC364129.ogg,3
giwrai1/iNat1205992.ogg,3
giwrai1/XC149919.ogg,4
giwrai1/XC394334.ogg,4
giwrai1/XC423452.ogg,2
giwrai1/XC412952.ogg,2
giwrai1/XC1023371.ogg,3
giwrai1/XC681199.ogg,2
giwrai1/XC670408.ogg,2
giwrai1/XC500062.ogg,2
giwrai1/XC872674.ogg,2
giwrai1/XC872671.ogg,2
giwrai1/XC920622.ogg,2
giwrai1/XC441314.ogg,2
giwrai1/XC421613.ogg,2
giwrai1/XC782223.ogg,2
giwrai1/XC370371.ogg,2
giwrai1/XC205768.ogg,2
giwrai1/XC341485.ogg,2
giwrai1/XC706869.ogg,2
giwrai1/XC706865.ogg,2
giwrai1/XC613933.ogg,2
giwrai1/XC577508.ogg,2
giwrai1/XC421614.ogg,2
giwrai1/XC920709.ogg,2
giwrai1/XC387335.ogg,0
giwrai1/XC118839.ogg,3
giwrai1/XC114217.ogg,4
glteme1/XC186343.ogg,1
glteme1/XC176874.ogg,1
glteme1/XC927092.ogg,2
glteme1/XC927091.ogg,2
glteme1/iNat396677.ogg,0
glteme1/XC714007.ogg,0
glteme1/XC1016006.ogg,3
glteme1/XC357003.ogg,0
glteme1/XC1017181.ogg,3
glteme1/XC632558.ogg,1
glteme1/XC599793.ogg,1
glteme1/XC549166.ogg,3
glteme1/XC672991.ogg,1
glteme1/XC670131.ogg,1
glteme1/XC585820.ogg,1
glteme1/iNat1472469.ogg,4
glteme1/iNat1472470.ogg,4
glteme1/XC278940.ogg,4
glteme1/XC286581.ogg,4
glteme1/XC295372.ogg,0
glteme1/XC573740.ogg,3
glteme1/iNat62443.ogg,1
glteme1/XC705721.ogg,0
glteme1/XC863915.ogg,2
glteme1/XC745502.ogg,2
glteme1/XC737357.ogg,2
glteme1/XC124619.ogg,3
glteme1/XC708089.ogg,2
glteme1/XC708018.ogg,2
glteme1/XC645746.ogg,2
glteme1/XC476508.ogg,2
glteme1/XC668944.ogg,2
glteme1/XC872560.ogg,2
glteme1/XC777745.ogg,2
glteme1/XC920663.ogg,2
glteme1/XC859203.ogg,2
glteme1/XC748048.ogg,2
glteme1/XC407203.ogg,2
glteme1/XC741872.ogg,2
glteme1/XC800089.ogg,2
glteme1/XC924681.ogg,2
glteme1/XC924676.ogg,2
glteme1/XC924670.ogg,2
glteme1/XC857541.ogg,2
glteme1/XC964057.ogg,2
glteme1/XC432361.ogg,2
glteme1/XC732911.ogg,2
glteme1/XC1051817.ogg,2
glteme1/XC741123.ogg,2
glteme1/XC722107.ogg,2
glteme1/XC573059.ogg,2
glteme1/XC722105.ogg,2
glteme1/XC741148.ogg,2
glteme1/XC407204.ogg,2
glteme1/XC722112.ogg,2
glteme1/XC407205.ogg,2
glteme1/XC148968.ogg,0
glteme1/XC838063.ogg,2
glteme1/XC901150.ogg,2
glteme1/XC789021.ogg,2
glteme1/XC788935.ogg,2
glteme1/XC568341.ogg,3
glteme1/XC698606.ogg,0
glteme1/XC73081.ogg,1
glteme1/XC799755.ogg,3
glteme1/XC500644.ogg,3
glteme1/XC427046.ogg,2
glteme1/XC427048.ogg,2
glteme1/XC329840.ogg,2
glteme1/XC329841.ogg,2
glteme1/XC427047.ogg,2
glteme1/XC816976.ogg,2
glteme1/XC769612.ogg,2
glteme1/XC428510.ogg,2
glteme1/XC769540.ogg,2
glteme1/XC284901.ogg,3
glteme1/XC974572.ogg,2
glteme1/XC191343.ogg,0
glteme1/XC364161.ogg,0
glteme1/XC257817.ogg,4
glteme1/XC237939.ogg,3
glteme1/XC974408.ogg,2
glteme1/XC974354.ogg,2
glteme1/XC974323.ogg,2
glteme1/XC465184.ogg,0
glteme1/XC298892.ogg,0
glteme1/XC550055.ogg,0
glteme1/XC550054.ogg,0
glteme1/XC465185.ogg,0
glteme1/XC118623.ogg,3
glteme1/iNat1083241.ogg,3
glteme1/XC260483.ogg,0
glteme1/XC257818.ogg,4
glteme1/XC1067316.ogg,3
glteme1/XC939490.ogg,2
glteme1/XC643864.ogg,1
glteme1/XC570995.ogg,1
glteme1/XC354859.ogg,3
glteme1/XC148048.ogg,3
glteme1/XC975738.ogg,3
glteme1/XC479956.ogg,4
glteme1/XC479959.ogg,4
glteme1/iNat992404.ogg,4
glteme1/XC145943.ogg,4
glteme1/XC939289.ogg,2
glteme1/XC66053.ogg,1
glteme1/XC66052.ogg,1
glteme1/XC192087.ogg,4
glteme1/XC530586.ogg,1
grasal3/iNat872863.ogg,4
grasal3/iNat1632581.ogg,4
grasal3/iNat165347.ogg,4
grasal3/iNat161112.ogg,4
grasal3/iNat317159.ogg,4
grasal3/iNat317158.ogg,4
grasal3/iNat319626.ogg,4
grasal3/iNat155265.ogg,4
grasal3/iNat156882.ogg,4
grasal3/iNat352373.ogg,4
grasal3/iNat823928.ogg,4
grasal3/iNat1650492.ogg,4
grasal3/XC283064.ogg,0
grasal3/iNat583509.ogg,4
grasal3/iNat1644279.ogg,1
grasal3/XC584986.ogg,4
grasal3/iNat1644284.ogg,1
grasal3/iNat1266409.ogg,2
grasal3/iNat1635552.ogg,4
grasal3/iNat850401.ogg,2
grasal3/iNat576118.ogg,4
grasal3/iNat576119.ogg,4
grasal3/iNat576120.ogg,4
grasal3/iNat1684967.ogg,4
grasal3/iNat1685636.ogg,1
grasal3/iNat769897.ogg,0
grasal3/iNat1197553.ogg,4
grasal3/iNat1277700.ogg,4
grasal3/iNat1278190.ogg,4
grasal3/XC51877.ogg,3
grasal3/XC51876.ogg,3
grasal3/XC51875.ogg,3
grasal3/XC51874.ogg,3
grasal3/XC51872.ogg,3
grasal3/iNat152097.ogg,3
grasal3/XC933482.ogg,3
grasal3/iNat154050.ogg,1
grasal3/iNat320865.ogg,4
grasal3/XC1017390.ogg,2
grasal3/XC923540.ogg,2
grasal3/XC910838.ogg,2
grasal3/XC878957.ogg,2
grasal3/XC872464.ogg,2
grasal3/XC758734.ogg,2
grasal3/XC1047707.ogg,2
grasal3/XC390971.ogg,2
grasal3/XC390834.ogg,2
grasal3/XC957010.ogg,2
grasal3/XC996959.ogg,2
grasal3/XC394358.ogg,2
grasal3/XC940545.ogg,2
grasal3/XC584176.ogg,2
grasal3/XC954395.ogg,2
grasal3/iNat1188041.ogg,2
grasal3/XC896044.ogg,1
grasal3/XC754870.ogg,1
grasal3/XC563285.ogg,3
grasal3/XC749039.ogg,1
grasal3/iNat1164468.ogg,3
grasal3/iNat1164467.ogg,3
grasal3/iNat1144749.ogg,3
grasal3/iNat1144751.ogg,3
grasal3/iNat1144752.ogg,3
grasal3/iNat1144753.ogg,3
grasal3/iNat1614411.ogg,3
grasal3/iNat799579.ogg,3
grasal3/iNat791271.ogg,3
grasal3/iNat142117.ogg,3
grasal3/iNat584099.ogg,0
grasal3/iNat769749.ogg,3
grasal3/iNat530294.ogg,3
grasal3/iNat340579.ogg,3
grasal3/iNat313080.ogg,3
grasal3/iNat526143.ogg,3
grasal3/iNat210412.ogg,3
grasal3/iNat257433.ogg,0
grasal3/iNat46712.ogg,0
grasal3/iNat548563.ogg,3
grasal3/iNat769084.ogg,3
grasal3/iNat537743.ogg,3
grasal3/iNat769097.ogg,3
grasal3/iNat845295.ogg,3
grasal3/iNat845483.ogg,1
grasal3/iNat539954.ogg,3
grasal3/iNat763173.ogg,3
grasal3/iNat767216.ogg,3
grasal3/iNat544841.ogg,3
grasal3/iNat766822.ogg,3
grasal3/iNat587275.ogg,3
grasal3/iNat532621.ogg,3
grasal3/iNat591429.ogg,3
grasal3/iNat631321.ogg,3
grasal3/iNat456620.ogg,3
grasal3/iNat588505.ogg,3
grasal3/iNat183088.ogg,1
grasal3/iNat183087.ogg,1
grasal3/XC946814.ogg,3
grasal3/XC704980.ogg,1
grasal3/iNat875512.ogg,2
grasal3/iNat148941.ogg,2
grasal3/XC823078.ogg,4
grasal3/iNat904083.ogg,2
grasal3/XC120220.ogg,2
grasal3/iNat634392.ogg,4
grasal3/iNat634717.ogg,4
grasal3/iNat634860.ogg,4
grasal3/iNat634868.ogg,4
grasal3/iNat584372.ogg,4
grasal3/XC156959.ogg,3
grasal3/XC156956.ogg,3
grasal3/XC510938.ogg,3
grasal3/XC686378.ogg,2
grasal3/XC829651.ogg,4
grasal3/iNat692780.ogg,3
grasal3/iNat693450.ogg,3
grasal3/XC770814.ogg,1
grasal3/iNat863391.ogg,0
grasal3/XC369819.ogg,2
grasal3/XC368992.ogg,2
grasal3/iNat1460156.ogg,4
grasal3/iNat326861.ogg,3
grasal3/iNat215920.ogg,2
grasal3/iNat336543.ogg,4
grasal3/iNat1101217.ogg,2
grasal3/iNat196216.ogg,4
grasal3/iNat207038.ogg,4
grasal3/iNat1199909.ogg,4
grasal3/iNat535218.ogg,4
grasal3/iNat320489.ogg,4
grasal3/XC554686.ogg,3
grasal3/XC379152.ogg,4
grasal3/iNat1589422.ogg,3
grasal3/iNat1484796.ogg,3
grasal3/iNat1467971.ogg,3
grasal3/iNat1467975.ogg,3
grasal3/iNat1467984.ogg,3
grasal3/iNat580359.ogg,3
grasal3/iNat1356172.ogg,0
grasal3/iNat1231754.ogg,3
grasal3/iNat1469910.ogg,3
grasal3/iNat559515.ogg,4
grasal3/iNat1000659.ogg,0
grasal3/iNat924950.ogg,2
grasal3/XC918678.ogg,3
grasal3/iNat1099236.ogg,2
grasal3/iNat1560148.ogg,2
grasal3/XC558884.ogg,2
grasal3/XC592024.ogg,2
grasal3/XC558883.ogg,2
grasal3/XC508615.ogg,1
grasal3/XC935709.ogg,4
grasal3/XC894312.ogg,3
grasal3/XC453875.ogg,3
grasal3/iNat1589419.ogg,3
grasal3/XC415201.ogg,2
grasal3/XC412572.ogg,2
grasal3/XC770060.ogg,3
grasal3/XC770019.ogg,3
grasal3/XC399512.ogg,3
grasal3/XC503470.ogg,3
grasal3/iNat687906.ogg,3
grasal3/XC600266.ogg,1
grasal3/XC32399.ogg,3
grasal3/XC38756.ogg,4
grasal3/iNat807886.ogg,1
grasal3/XC51873.ogg,3
grasal3/XC461426.ogg,2
grasal3/XC214288.ogg,1
grasal3/XC214287.ogg,1
grasal3/XC214240.ogg,1
grasal3/XC214290.ogg,1
grasal3/XC184576.ogg,1
grasal3/XC84660.ogg,1
grasal3/XC2619.ogg,0
grasal3/iNat539394.ogg,4
grasal3/XC195822.ogg,1
grasal3/XC195821.ogg,1
grasal3/XC84661.ogg,1
grasal3/XC626151.ogg,1
grasal3/XC707573.ogg,3
grasal3/XC317587.ogg,0
grasal3/XC84659.ogg,1
grasal3/XC471425.ogg,2
grasal3/XC9612.ogg,3
grasal3/XC657811.ogg,3
grasal3/XC657810.ogg,3
grasal3/XC332247.ogg,1
grasal3/XC599537.ogg,2
grasal3/XC599532.ogg,2
grasal3/XC599531.ogg,2
grasal3/XC428432.ogg,2
grasal3/XC419337.ogg,2
grasal3/XC84664.ogg,1
grasal3/XC84663.ogg,1
grasal3/XC171686.ogg,3
grasal3/XC466736.ogg,4
grasal3/XC896248.ogg,0
grasal3/XC896247.ogg,0
grasal3/iNat181587.ogg,0
grasal3/XC174776.ogg,3
grasal3/XC393273.ogg,1
grasal3/XC393206.ogg,1
grasal3/XC393402.ogg,1
grasal3/XC393557.ogg,1
grasal3/iNat516463.ogg,4
grasal3/XC343966.ogg,1
grasal3/XC393143.ogg,1
grasal3/XC834031.ogg,3
grasal3/iNat1290451.ogg,4
grasal3/iNat1290454.ogg,4
grasal3/XC884411.ogg,2
grasal3/XC884405.ogg,2
grasal3/iNat1021306.ogg,2
grasal3/XC2759.ogg,0
grasal3/XC1064102.ogg,3
grasal3/XC602752.ogg,3
grasal3/XC174063.ogg,2
grasal3/XC174062.ogg,2
grasal3/XC949523.ogg,2
grasal3/XC949488.ogg,2
grasal3/XC949483.ogg,2
grasal3/XC837992.ogg,2
grasal3/XC372162.ogg,0
grasal3/XC707720.ogg,3
grasal3/XC707714.ogg,3
grasal3/XC707722.ogg,3
grasal3/XC707719.ogg,3
grasal3/XC707717.ogg,3
grasal3/XC707715.ogg,3
grasal3/XC74709.ogg,1
grasal3/XC74704.ogg,1
grasal3/XC74703.ogg,1
grasal3/XC74708.ogg,1
grasal3/XC682130.ogg,3
grasal3/XC153060.ogg,1
grasal3/XC440958.ogg,2
grasal3/XC64152.ogg,1
grasal3/XC64151.ogg,1
grasal3/XC407922.ogg,1
grasal3/XC441484.ogg,1
grasal3/iNat141337.ogg,4
grasal3/XC146535.ogg,0
grasal3/XC146534.ogg,0
grasal3/XC2427.ogg,0
grasal3/XC2437.ogg,0
grasal3/XC328907.ogg,0
grasal3/XC355145.ogg,0
grasal3/XC347234.ogg,0
grasal3/XC1068902.ogg,1
grasal3/XC556566.ogg,2
grasal3/XC556565.ogg,2
grasal3/XC151888.ogg,3
grasal3/XC214235.ogg,1
grasal3/XC490277.ogg,3
grasal3/XC708779.ogg,3
grasal3/XC708777.ogg,3
grasal3/XC698676.ogg,0
grasal3/XC782571.ogg,3
grasal3/XC782558.ogg,3
grasal3/XC477092.ogg,3
grasal3/XC345138.ogg,0
grasal3/XC808637.ogg,3
grasal3/XC704835.ogg,3
grasal3/XC305390.ogg,1
grasal3/XC214236.ogg,1
grasal3/XC306414.ogg,1
grasal3/XC47486.ogg,3
grasal3/XC1030225.ogg,3
grasal3/XC1030223.ogg,3
grasal3/XC1030206.ogg,3
grasal3/XC1030202.ogg,3
grasal3/XC794839.ogg,3
grasal3/XC799760.ogg,3
grasal3/XC794822.ogg,3
grasal3/XC720774.ogg,3
grasal3/XC119055.ogg,3
grasal3/XC214291.ogg,1
grasal3/XC198527.ogg,1
grasal3/XC167319.ogg,3
grasal3/XC151901.ogg,3
grasal3/XC648689.ogg,3
grasal3/XC1017666.ogg,3
grasal3/XC1017665.ogg,3
grasal3/iNat612420.ogg,0
grasal3/XC431881.ogg,3
grasal3/XC1034545.ogg,2
grasal3/XC180659.ogg,4
grasal3/XC142009.ogg,0
grasal3/XC10700.ogg,4
grasal3/XC259781.ogg,4
grasal3/XC259785.ogg,4
grasal3/XC259784.ogg,4
grasal3/XC259783.ogg,4
grasal3/XC259780.ogg,4
grasal3/XC259779.ogg,4
grasal3/XC264852.ogg,4
grasal3/XC209814.ogg,4
grasal3/XC259782.ogg,4
grasal3/XC264850.ogg,4
grasal3/XC264851.ogg,4
grasal3/XC493862.ogg,4
grasal3/XC195172.ogg,3
grasal3/XC243058.ogg,3
grasal3/XC188095.ogg,1
grasal3/XC188093.ogg,1
grasal3/XC246083.ogg,1
grasal3/XC705277.ogg,0
grasal3/XC592243.ogg,3
grasal3/XC437342.ogg,4
grasal3/XC251469.ogg,3
grasal3/XC253381.ogg,0
grasal3/XC743189.ogg,3
grasal3/XC120147.ogg,3
grasal3/XC645198.ogg,3
grasal3/XC645196.ogg,3
grasal3/XC259778.ogg,4
grasal3/XC180452.ogg,0
grasal3/XC180451.ogg,0
grasal3/XC214238.ogg,1
grasal3/XC214237.ogg,1
grasal3/iNat162263.ogg,4
grasal3/iNat162265.ogg,4
grasal3/XC119220.ogg,3
grasal3/XC388237.ogg,1
grasal3/XC276462.ogg,1
grasal3/XC325559.ogg,3
grasal3/XC243053.ogg,3
grasal3/XC243051.ogg,3
grasal3/XC243052.ogg,3
grasal3/XC298873.ogg,0
grasal3/XC298872.ogg,0
grasal3/XC243056.ogg,3
grasal3/iNat61511.ogg,4
grasal3/iNat844485.ogg,1
grasal3/iNat1730487.ogg,3
grasal3/XC243054.ogg,3
grasal3/XC156270.ogg,0
grasal3/XC264849.ogg,4
grasal3/XC443129.ogg,4
grasal3/XC6594.ogg,3
grasal3/XC390538.ogg,4
grasal3/XC893906.ogg,1
grasal3/XC892777.ogg,1
grasal3/XC275144.ogg,0
grasal3/XC259776.ogg,4
grasal3/XC259775.ogg,4
grasal3/XC243055.ogg,3
grasal3/XC259774.ogg,4
grasal3/XC259777.ogg,4
grasal3/XC259773.ogg,4
grasal3/XC472480.ogg,4
grasal3/XC120551.ogg,1
grasal3/XC243057.ogg,3
grasal3/XC683905.ogg,1
grasal3/XC582811.ogg,1
grasal3/XC582810.ogg,1
grasal3/XC695130.ogg,1
grasal3/XC605299.ogg,2
grasal3/XC327064.ogg,4
grasal3/XC327455.ogg,4
grasal3/XC44632.ogg,2
grasal3/iNat782311.ogg,2
greani1/iNat370919.ogg,1
greani1/iNat371896.ogg,3
greani1/iNat371897.ogg,3
greani1/XC127353.ogg,1
greani1/XC154378.ogg,3
greani1/XC364649.ogg,3
greani1/iNat363490.ogg,4
greani1/XC1019099.ogg,3
greani1/XC684512.ogg,2
greani1/iNat694066.ogg,3
greani1/XC445491.ogg,3
greani1/XC421187.ogg,0
greani1/XC1023357.ogg,3
greani1/XC663524.ogg,1
greani1/XC637173.ogg,1
greani1/iNat742154.ogg,0
greani1/XC720977.ogg,1
greani1/XC993144.ogg,3
greani1/XC993143.ogg,3
greani1/XC993142.ogg,3
greani1/XC472285.ogg,3
greani1/XC206931.ogg,3
greani1/XC131396.ogg,3
greani1/XC131099.ogg,3
greani1/XC131064.ogg,3
greani1/XC206932.ogg,3
greani1/XC131095.ogg,3
greani1/XC286822.ogg,4
greani1/XC279498.ogg,4
greani1/XC286685.ogg,4
greani1/XC286574.ogg,4
greani1/XC186196.ogg,0
greani1/XC85033.ogg,1
greani1/XC85032.ogg,1
greani1/XC85031.ogg,1
greani1/XC341239.ogg,1
greani1/XC230276.ogg,1
greani1/XC341234.ogg,1
greani1/XC288545.ogg,2
greani1/iNat853659.ogg,2
greani1/XC712367.ogg,1
greani1/XC712005.ogg,1
greani1/XC712368.ogg,1
greani1/XC711976.ogg,1
greani1/XC711975.ogg,1
greani1/XC605337.ogg,2
greani1/XC607793.ogg,2
greani1/XC512043.ogg,2
greani1/XC422703.ogg,0
greani1/XC506365.ogg,2
greani1/iNat1290457.ogg,4
greani1/XC174016.ogg,2
greani1/XC702051.ogg,3
greani1/XC702055.ogg,3
greani1/XC702054.ogg,3
greani1/XC702052.ogg,3
greani1/XC301049.ogg,0
greani1/XC949484.ogg,2
greani1/XC838017.ogg,2
greani1/XC837997.ogg,2
greani1/XC837995.ogg,2
greani1/XC837928.ogg,2
greani1/XC901376.ogg,2
greani1/XC901429.ogg,2
greani1/XC901116.ogg,2
greani1/XC158185.ogg,0
greani1/XC461480.ogg,3
greani1/XC132190.ogg,1
greani1/XC440917.ogg,2
greani1/XC2455.ogg,0
greani1/XC2438.ogg,0
greani1/XC85030.ogg,1
greani1/XC118850.ogg,3
greani1/XC646808.ogg,3
greani1/XC646804.ogg,3
greani1/XC808623.ogg,3
greani1/XC803311.ogg,3
greani1/XC803310.ogg,3
greani1/XC769611.ogg,2
greani1/XC769608.ogg,2
greani1/XC556249.ogg,2
greani1/XC556248.ogg,2
greani1/XC556247.ogg,2
greani1/XC556246.ogg,2
greani1/XC974569.ogg,2
greani1/XC310820.ogg,1
greani1/iNat178385.ogg,0
greani1/XC14741.ogg,3
greani1/XC409543.ogg,3
greani1/XC257720.ogg,4
greani1/XC257719.ogg,4
greani1/XC257718.ogg,4
greani1/XC257717.ogg,4
greani1/XC461444.ogg,0
greani1/XC461443.ogg,0
greani1/XC356487.ogg,0
greani1/XC354537.ogg,0
greani1/XC474851.ogg,4
greani1/XC9314.ogg,3
greani1/XC9316.ogg,3
greani1/XC9315.ogg,3
greani1/XC9313.ogg,3
greani1/XC137815.ogg,1
greani1/XC591114.ogg,1
greani1/XC549908.ogg,4
greani1/XC142307.ogg,3
greani1/XC85029.ogg,1
greani1/XC148234.ogg,3
greani1/XC148232.ogg,3
greani1/XC537828.ogg,4
greani1/XC386464.ogg,2
greani1/XC960265.ogg,0
greani1/XC716613.ogg,2
greani1/XC583592.ogg,4
greani1/XC583591.ogg,4
greani1/XC244941.ogg,2
greani1/XC244940.ogg,2
greani1/XC244939.ogg,2
greani1/iNat52690.ogg,4
greani1/XC378898.ogg,2
greani1/XC373054.ogg,2
greani1/XC370187.ogg,2
greani1/XC955828.ogg,4
greani1/XC647171.ogg,3
greani1/XC590827.ogg,2
greani1/XC389358.ogg,2
greani1/XC190043.ogg,4
greant1/XC579560.ogg,2
greant1/XC572380.ogg,2
greant1/XC985952.ogg,2
greant1/XC584177.ogg,2
greant1/XC831215.ogg,2
greant1/XC879510.ogg,2
greant1/XC939816.ogg,2
greant1/XC709226.ogg,2
greant1/XC831216.ogg,2
greant1/XC603805.ogg,2
greant1/iNat1635481.ogg,4
greant1/iNat1387640.ogg,0
greant1/XC563297.ogg,3
greant1/iNat1281188.ogg,0
greant1/iNat1281189.ogg,0
greant1/iNat1281187.ogg,0
greant1/XC540905.ogg,1
greant1/XC822837.ogg,4
greant1/iNat321959.ogg,3
greant1/iNat321960.ogg,3
greant1/iNat635882.ogg,3
greant1/iNat635881.ogg,3
greant1/iNat139915.ogg,3
greant1/iNat210415.ogg,3
greant1/iNat46710.ogg,0
greant1/iNat520906.ogg,3
greant1/iNat392838.ogg,3
greant1/iNat764751.ogg,3
greant1/iNat383739.ogg,3
greant1/iNat473216.ogg,3
greant1/iNat473217.ogg,3
greant1/iNat699582.ogg,3
greant1/iNat688429.ogg,3
greant1/iNat391682.ogg,3
greant1/iNat401120.ogg,3
greant1/iNat783075.ogg,3
greant1/iNat768634.ogg,3
greant1/iNat763171.ogg,3
greant1/iNat526037.ogg,3
greant1/iNat526036.ogg,3
greant1/iNat762489.ogg,3
greant1/iNat587395.ogg,3
greant1/iNat763119.ogg,3
greant1/iNat680031.ogg,1
greant1/iNat621676.ogg,3
greant1/iNat688408.ogg,3
greant1/iNat587005.ogg,3
greant1/iNat587277.ogg,3
greant1/XC348691.ogg,2
greant1/iNat307986.ogg,1
greant1/iNat924648.ogg,1
greant1/iNat622616.ogg,1
greant1/iNat924961.ogg,1
greant1/XC397818.ogg,2
greant1/iNat347579.ogg,1
greant1/iNat873867.ogg,3
greant1/iNat172551.ogg,1
greant1/iNat867270.ogg,3
greant1/iNat349968.ogg,2
greant1/XC898536.ogg,1
greant1/iNat1208717.ogg,1
greant1/XC823578.ogg,4
greant1/XC829646.ogg,4
greant1/XC540901.ogg,1
greant1/iNat584047.ogg,4
greant1/XC50033.ogg,3
greant1/iNat1459510.ogg,3
greant1/iNat692737.ogg,3
greant1/iNat586505.ogg,4
greant1/iNat1163682.ogg,2
greant1/XC993758.ogg,1
greant1/iNat591408.ogg,3
greant1/iNat345823.ogg,4
greant1/iNat321686.ogg,4
greant1/iNat327561.ogg,4
greant1/iNat206738.ogg,4
greant1/iNat557885.ogg,4
greant1/iNat847884.ogg,4
greant1/XC469651.ogg,3
greant1/XC313641.ogg,0
greant1/XC364643.ogg,3
greant1/XC365407.ogg,3
greant1/XC946329.ogg,1
greant1/XC591408.ogg,2
greant1/iNat732818.ogg,0
greant1/iNat732556.ogg,0
greant1/iNat1193208.ogg,0
greant1/XC388556.ogg,2
greant1/iNat1614761.ogg,4
greant1/XC621925.ogg,1
greant1/XC419910.ogg,2
greant1/XC419761.ogg,2
greant1/XC212393.ogg,0
greant1/XC720975.ogg,1
greant1/XC123928.ogg,3
greant1/iNat544517.ogg,4
greant1/XC504809.ogg,0
greant1/XC454943.ogg,4
greant1/XC513019.ogg,0
greant1/XC433819.ogg,2
greant1/XC212394.ogg,0
greant1/XC212392.ogg,0
greant1/XC50506.ogg,3
greant1/XC50504.ogg,3
greant1/XC452472.ogg,2
greant1/XC616309.ogg,1
greant1/XC325738.ogg,0
greant1/XC1049892.ogg,4
greant1/iNat396816.ogg,0
greant1/XC325594.ogg,0
greant1/XC140004.ogg,4
greant1/XC489684.ogg,4
greant1/XC707637.ogg,0
greant1/iNat1183783.ogg,0
greant1/XC461412.ogg,2
greant1/XC243947.ogg,1
greant1/iNat1539642.ogg,2
greant1/iNat1508328.ogg,2
greant1/iNat164785.ogg,1
greant1/iNat148784.ogg,1
greant1/XC150803.ogg,0
greant1/XC663386.ogg,4
greant1/iNat763712.ogg,4
greant1/XC2621.ogg,0
greant1/XC119761.ogg,2
greant1/XC119760.ogg,2
greant1/XC336370.ogg,4
greant1/XC192735.ogg,1
greant1/XC749117.ogg,1
greant1/XC170031.ogg,4
greant1/XC169835.ogg,4
greant1/XC170033.ogg,4
greant1/XC170032.ogg,4
greant1/XC247305.ogg,4
greant1/iNat1155164.ogg,3
greant1/XC1044406.ogg,1
greant1/XC863855.ogg,2
greant1/XC860760.ogg,0
greant1/XC860757.ogg,0
greant1/XC706096.ogg,0
greant1/XC705738.ogg,0
greant1/XC155508.ogg,0
greant1/XC296323.ogg,4
greant1/XC2642.ogg,0
greant1/XC443428.ogg,1
greant1/XC745518.ogg,2
greant1/XC745500.ogg,2
greant1/XC288556.ogg,2
greant1/XC324950.ogg,1
greant1/XC737389.ogg,2
greant1/XC2233.ogg,0
greant1/XC2201.ogg,0
greant1/XC711254.ogg,2
greant1/XC654340.ogg,3
greant1/XC872646.ogg,2
greant1/XC556782.ogg,2
greant1/XC518785.ogg,2
greant1/XC872678.ogg,2
greant1/XC443337.ogg,2
greant1/XC441310.ogg,2
greant1/XC880846.ogg,2
greant1/XC880845.ogg,2
greant1/XC113464.ogg,1
greant1/XC743213.ogg,2
greant1/XC800277.ogg,2
greant1/XC419604.ogg,0
greant1/XC216996.ogg,2
greant1/XC216995.ogg,2
greant1/XC787995.ogg,2
greant1/XC787993.ogg,2
greant1/XC906405.ogg,2
greant1/XC928605.ogg,2
greant1/XC928601.ogg,2
greant1/XC565165.ogg,2
greant1/XC419070.ogg,2
greant1/XC414059.ogg,2
greant1/XC414058.ogg,2
greant1/XC171687.ogg,3
greant1/XC316887.ogg,2
greant1/XC419265.ogg,0
greant1/XC737042.ogg,2
greant1/XC840153.ogg,2
greant1/XC699660.ogg,2
greant1/XC934069.ogg,3
greant1/XC381705.ogg,1
greant1/iNat516404.ogg,4
greant1/XC692590.ogg,4
greant1/XC80094.ogg,1
greant1/XC178516.ogg,1
greant1/XC174039.ogg,2
greant1/XC702211.ogg,3
greant1/XC702209.ogg,3
greant1/iNat1370219.ogg,1
greant1/XC702203.ogg,3
greant1/XC443368.ogg,2
greant1/XC722068.ogg,2
greant1/XC340982.ogg,1
greant1/XC858770.ogg,3
greant1/XC313944.ogg,0
greant1/iNat1719152.ogg,4
greant1/XC837445.ogg,2
greant1/XC901352.ogg,2
greant1/XC901350.ogg,2
greant1/XC901347.ogg,2
greant1/XC898260.ogg,2
greant1/XC898245.ogg,2
greant1/XC64234.ogg,1
greant1/XC602849.ogg,3
greant1/XC793140.ogg,2
greant1/XC789004.ogg,2
greant1/XC789003.ogg,2
greant1/iNat1289860.ogg,4
greant1/XC961860.ogg,3
greant1/XC202318.ogg,2
greant1/XC682204.ogg,3
greant1/XC78.ogg,1
greant1/XC870865.ogg,1
greant1/XC122581.ogg,3
greant1/XC122579.ogg,3
greant1/XC122578.ogg,3
greant1/XC122577.ogg,3
greant1/XC122576.ogg,3
greant1/XC961858.ogg,3
greant1/XC961857.ogg,3
greant1/XC321901.ogg,1
greant1/XC243946.ogg,1
greant1/XC243945.ogg,1
greant1/XC80095.ogg,1
greant1/XC570962.ogg,3
greant1/XC728448.ogg,2
greant1/XC607374.ogg,1
greant1/XC7123.ogg,3
greant1/XC497521.ogg,4
greant1/XC243943.ogg,1
greant1/XC64233.ogg,1
greant1/XC64232.ogg,1
greant1/XC64231.ogg,1
greant1/XC146541.ogg,0
greant1/XC435483.ogg,4
greant1/XC435484.ogg,4
greant1/XC858769.ogg,3
greant1/XC74207.ogg,1
greant1/XC355163.ogg,0
greant1/XC387379.ogg,0
greant1/XC141641.ogg,4
greant1/XC1069078.ogg,1
greant1/XC437452.ogg,4
greant1/XC118887.ogg,3
greant1/XC484113.ogg,3
greant1/XC479432.ogg,3
greant1/XC243948.ogg,1
greant1/XC491705.ogg,3
greant1/XC572309.ogg,3
greant1/XC682518.ogg,2
greant1/XC536645.ogg,0
greant1/XC536644.ogg,0
greant1/XC342818.ogg,0
greant1/XC1017648.ogg,3
greant1/iNat1335713.ogg,3
greant1/iNat192988.ogg,3
greant1/iNat196114.ogg,3
greant1/iNat196966.ogg,3
greant1/iNat361154.ogg,3
greant1/iNat1269798.ogg,4
greant1/XC698630.ogg,0
greant1/XC742261.ogg,0
greant1/XC207681.ogg,2
greant1/XC816914.ogg,2
greant1/XC402907.ogg,0
greant1/XC1035724.ogg,2
greant1/XC1035721.ogg,2
greant1/iNat1296913.ogg,4
greant1/iNat357281.ogg,3
greant1/XC180655.ogg,4
greant1/iNat1120519.ogg,4
greant1/XC180932.ogg,4
greant1/XC816987.ogg,2
greant1/XC817001.ogg,2
greant1/XC786345.ogg,2
greant1/XC786338.ogg,2
greant1/XC643350.ogg,3
greant1/XC769656.ogg,2
greant1/XC1009354.ogg,3
greant1/XC983838.ogg,3
greant1/XC469222.ogg,3
greant1/XC366780.ogg,3
greant1/iNat53180.ogg,4
greant1/XC562175.ogg,2
greant1/iNat592599.ogg,3
greant1/iNat1316046.ogg,3
greant1/XC430050.ogg,2
greant1/XC764395.ogg,2
greant1/iNat1256886.ogg,4
greant1/XC119200.ogg,3
greant1/XC388590.ogg,3
greant1/XC11383.ogg,4
greant1/XC251600.ogg,3
greant1/XC251599.ogg,3
greant1/XC209777.ogg,4
greant1/XC171113.ogg,0
greant1/XC343525.ogg,3
greant1/XC428048.ogg,2
greant1/XC212993.ogg,3
greant1/XC193651.ogg,0
greant1/XC471979.ogg,3
greant1/XC471975.ogg,3
greant1/iNat1093187.ogg,0
greant1/iNat1354656.ogg,0
greant1/XC250205.ogg,3
greant1/XC8053.ogg,3
greant1/iNat936816.ogg,1
greant1/XC167897.ogg,0
greant1/iNat1212258.ogg,2
greant1/XC642554.ogg,3
greant1/iNat769939.ogg,0
greant1/XC602226.ogg,0
greant1/XC602225.ogg,0
greant1/XC345459.ogg,4
greant1/XC276553.ogg,1
greant1/XC697760.ogg,3
greant1/XC407633.ogg,3
greant1/XC407501.ogg,3
greant1/XC410325.ogg,4
greant1/XC329359.ogg,1
greant1/XC777722.ogg,4
greant1/iNat634721.ogg,0
greant1/iNat346954.ogg,0
greant1/XC236827.ogg,0
greant1/iNat53660.ogg,3
greant1/XC249452.ogg,3
greant1/XC264578.ogg,4
greant1/XC706385.ogg,4
greant1/XC191772.ogg,3
greant1/XC191770.ogg,3
greant1/XC34831.ogg,3
greant1/XC6950.ogg,3
greant1/XC258334.ogg,4
greant1/XC248795.ogg,3
greant1/XC258335.ogg,4
greant1/XC827155.ogg,1
greant1/XC258337.ogg,4
greant1/XC258336.ogg,4
greant1/XC354534.ogg,0
greant1/iNat688915.ogg,2
greant1/XC481416.ogg,4
greant1/XC476022.ogg,4
greant1/XC817540.ogg,4
greant1/XC208722.ogg,0
greant1/XC243949.ogg,1
greant1/XC609564.ogg,1
greant1/XC609563.ogg,1
greant1/XC609562.ogg,1
greant1/XC836862.ogg,1
greant1/iNat1435991.ogg,4
greant1/iNat1449768.ogg,3
greant1/XC1053461.ogg,4
greant1/XC845080.ogg,1
greant1/XC933263.ogg,0
greant1/iNat879245.ogg,2
greant1/XC461744.ogg,0
greant1/XC233971.ogg,4
greant1/XC233968.ogg,4
greant1/XC928875.ogg,0
greant1/XC711058.ogg,3
greant1/XC691666.ogg,3
greant1/XC955346.ogg,1
greant1/XC262001.ogg,1
greant1/XC262000.ogg,1
greant1/XC261999.ogg,1
greant1/XC261998.ogg,1
greant1/XC261997.ogg,1
greant1/XC275375.ogg,0
greant1/XC275374.ogg,0
greant1/XC275373.ogg,0
greant1/XC118746.ogg,1
greant1/XC579985.ogg,4
greant1/XC580198.ogg,1
greant1/XC579987.ogg,1
greant1/XC579986.ogg,1
greant1/XC303453.ogg,3
greant1/XC985299.ogg,4
greant1/XC148305.ogg,3
greant1/XC245094.ogg,3
greant1/XC245091.ogg,3
greant1/XC117754.ogg,4
greant1/XC117753.ogg,4
greant1/XC117755.ogg,4
greant1/XC117748.ogg,4
greant1/XC1031408.ogg,3
greant1/XC464821.ogg,3
greant1/XC605709.ogg,0
greant1/XC855778.ogg,0
greant1/XC365447.ogg,4
greant1/XC519751.ogg,2
greant1/iNat151722.ogg,4
greant1/iNat500034.ogg,3
greant1/iNat124930.ogg,1
greant1/XC434711.ogg,0
greant1/XC772535.ogg,4
greant1/XC128486.ogg,4
greant1/XC883668.ogg,4
greant1/iNat1431287.ogg,2
greant1/XC442573.ogg,4
greant1/XC455130.ogg,0
greant1/XC606796.ogg,0
greant1/iNat145000.ogg,3
greant1/XC344333.ogg,1
greant1/XC203134.ogg,3
greant1/XC203131.ogg,3
greant1/XC203130.ogg,3
greant1/XC203129.ogg,3
greant1/XC854697.ogg,3
greant1/XC589666.ogg,2
greant1/XC387990.ogg,1
greant1/XC387991.ogg,1
greant1/XC387997.ogg,1
greant1/XC127042.ogg,2
greant1/XC516411.ogg,2
greant1/XC197478.ogg,4
greant1/XC247153.ogg,4
greant1/iNat52688.ogg,4
greant1/XC116973.ogg,4
greant1/iNat66087.ogg,1
greant1/XC572064.ogg,0
greant1/XC353294.ogg,4
greant1/XC148069.ogg,3
greant1/XC214742.ogg,4
greant1/XC247052.ogg,4
greant1/XC540893.ogg,2
greant1/XC540894.ogg,2
greant1/XC9243.ogg,3
greant1/XC60980.ogg,4
greant1/XC60979.ogg,4
greant1/XC462764.ogg,4
greant1/XC490059.ogg,3
greant1/iNat1193713.ogg,2
greant1/iNat819334.ogg,0
greant1/iNat932741.ogg,1
greant1/iNat932740.ogg,1
greant1/iNat821367.ogg,0
greant1/iNat848324.ogg,2
greant1/XC60978.ogg,4
greant1/XC374689.ogg,2
greant1/XC354668.ogg,2
greant1/XC354667.ogg,2
greant1/XC412963.ogg,2
greant1/iNat358521.ogg,3
greant1/XC364794.ogg,4
greant1/XC998968.ogg,4
greant1/XC998966.ogg,4
greant1/XC15004.ogg,4
greant1/XC15002.ogg,4
greant1/XC189830.ogg,4
greant1/XC643784.ogg,0
greant1/XC356975.ogg,2
greant1/XC371544.ogg,1
greant1/XC389070.ogg,2
greant1/XC302425.ogg,2
greant1/iNat878615.ogg,4
greant1/iNat878617.ogg,4
greant1/XC170152.ogg,0
greant1/XC172178.ogg,0
greant1/XC964469.ogg,2
greant1/XC964468.ogg,2
greant1/XC277462.ogg,2
greant1/XC28566.ogg,1
greant1/iNat312173.ogg,4
greant1/XC796860.ogg,1
greant1/XC796859.ogg,1
greant1/XC797606.ogg,1
greant1/XC797295.ogg,1
greant1/XC797298.ogg,1
greant1/XC419100.ogg,4
greant1/XC419098.ogg,4
greant1/XC419095.ogg,4
greela/iNat1245783.ogg,1
greela/XC946418.ogg,4
greela/XC174528.ogg,2
greela/XC172845.ogg,2
greela/XC211536.ogg,0
greela/XC562746.ogg,0
greela/XC172837.ogg,2
greela/XC306944.ogg,4
greela/iNat1467991.ogg,3
greela/iNat1469925.ogg,3
greela/iNat1425853.ogg,3
greela/XC380136.ogg,4
greela/XC154398.ogg,3
greela/XC174496.ogg,1
greela/XC550857.ogg,3
greela/XC376612.ogg,3
greela/XC478503.ogg,2
greela/XC332383.ogg,1
greela/XC1050395.ogg,4
greela/iNat897429.ogg,2
greela/XC46427.ogg,3
greela/iNat149413.ogg,4
greela/XC772324.ogg,2
greela/XC1013697.ogg,3
greela/XC843471.ogg,2
greela/XC843414.ogg,2
greela/XC75571.ogg,1
greela/iNat1231355.ogg,2
greela/XC592025.ogg,2
greela/iNat150009.ogg,4
greela/XC770058.ogg,3
greela/XC770055.ogg,3
greela/XC695271.ogg,3
greela/XC773055.ogg,3
greela/XC325883.ogg,0
greela/XC32328.ogg,3
greela/XC32327.ogg,3
greela/XC361113.ogg,3
greela/XC32330.ogg,3
greela/XC32329.ogg,3
greela/XC611402.ogg,3
greela/XC211535.ogg,0
greela/XC211537.ogg,0
greela/XC211534.ogg,0
greela/XC989411.ogg,4
greela/iNat1379393.ogg,4
greela/XC993172.ogg,3
greela/XC993171.ogg,3
greela/XC989802.ogg,3
greela/XC995692.ogg,3
greela/XC995691.ogg,3
greela/XC993174.ogg,3
greela/XC993173.ogg,3
greela/XC253142.ogg,3
greela/XC521875.ogg,4
greela/XC704302.ogg,0
greela/XC704301.ogg,0
greela/XC704300.ogg,0
greela/XC50910.ogg,3
greela/XC1544.ogg,0
greela/XC115308.ogg,4
greela/XC304367.ogg,0
greela/XC304379.ogg,0
greela/XC301363.ogg,0
greela/XC115309.ogg,4
greela/XC299067.ogg,0
greela/XC81642.ogg,1
greela/XC170548.ogg,4
greela/XC170549.ogg,4
greela/XC706099.ogg,0
greela/XC2240.ogg,0
greela/XC2221.ogg,0
greela/XC607983.ogg,2
greela/XC116251.ogg,2
greela/XC116250.ogg,2
greela/XC708084.ogg,2
greela/XC524347.ogg,2
greela/XC504220.ogg,2
greela/XC462841.ogg,2
greela/XC691057.ogg,2
greela/XC403202.ogg,3
greela/XC710945.ogg,2
greela/XC710943.ogg,2
greela/XC760908.ogg,2
greela/XC695900.ogg,2
greela/XC541163.ogg,2
greela/XC827016.ogg,2
greela/XC778628.ogg,2
greela/XC757300.ogg,2
greela/XC757293.ogg,2
greela/XC960454.ogg,2
greela/XC960455.ogg,2
greela/XC957940.ogg,2
greela/XC415335.ogg,2
greela/XC823562.ogg,2
greela/XC695901.ogg,2
greela/XC714625.ogg,2
greela/XC81641.ogg,1
greela/iNat1290102.ogg,4
greela/XC205222.ogg,1
greela/XC1059175.ogg,2
greela/XC787194.ogg,2
greela/XC859158.ogg,3
greela/XC898267.ogg,2
greela/XC898416.ogg,2
greela/XC793131.ogg,2
greela/XC775162.ogg,4
greela/XC578501.ogg,3
greela/XC121264.ogg,3
greela/XC81643.ogg,1
greela/XC453564.ogg,1
greela/XC698580.ogg,0
greela/XC252680.ogg,3
greela/XC878759.ogg,3
greela/XC118313.ogg,2
greela/XC974190.ogg,2
greela/XC120058.ogg,3
greela/XC427620.ogg,2
greela/XC427619.ogg,2
greela/XC944367.ogg,2
greela/XC287935.ogg,1
greela/XC974444.ogg,2
greela/XC974374.ogg,2
greela/XC602477.ogg,0
greela/XC602474.ogg,0
greela/XC249721.ogg,3
greela/XC249720.ogg,3
greela/XC249719.ogg,3
greela/XC364197.ogg,0
greela/XC131671.ogg,4
greela/XC264669.ogg,4
greela/XC777274.ogg,4
greela/XC282550.ogg,3
greela/XC479035.ogg,0
greela/XC428311.ogg,4
greela/XC573983.ogg,4
greela/XC543116.ogg,4
greela/XC540971.ogg,4
greela/XC540368.ogg,4
greela/XC533971.ogg,4
greela/XC428396.ogg,4
greela/XC428313.ogg,4
greela/XC439856.ogg,0
greela/XC771669.ogg,0
greela/iNat560832.ogg,3
greela/XC512704.ogg,1
greela/XC387491.ogg,1
greela/XC433564.ogg,3
greela/XC433516.ogg,3
greela/XC433532.ogg,3
greela/XC433525.ogg,3
greela/XC433518.ogg,3
greela/XC433533.ogg,3
greela/XC433523.ogg,3
greela/XC433520.ogg,3
greela/XC433519.ogg,3
greela/XC433517.ogg,3
greela/XC433534.ogg,3
greela/XC433507.ogg,3
greela/XC415367.ogg,3
greela/XC419230.ogg,3
greela/XC359326.ogg,2
greela/XC454213.ogg,4
greela/XC366534.ogg,2
greela/XC399484.ogg,2
greela/XC375630.ogg,2
greela/XC492397.ogg,1
greela/XC246645.ogg,2
greela/XC979258.ogg,0
greela/XC489548.ogg,3
greela/XC170266.ogg,0
greela/XC415278.ogg,1
greela/XC198412.ogg,2
greela/iNat139984.ogg,0
greela/XC333859.ogg,3
greela/XC335633.ogg,3
greela/XC335632.ogg,3
greela/iNat580598.ogg,4
greela/XC925590.ogg,3
greela/XC212253.ogg,1
greela/XC356057.ogg,1
greela/XC356056.ogg,1
greela/XC391889.ogg,1
greela/XC147116.ogg,2
greela/iNat1228390.ogg,2
greela/XC906834.ogg,3
greela/XC301227.ogg,0
greela/iNat1580744.ogg,4
greela/iNat1700822.ogg,0
greela/XC650381.ogg,3
greela/XC640307.ogg,3
greela/XC910980.ogg,3
greela/XC732251.ogg,3
greela/XC732250.ogg,3
greela/XC726601.ogg,3
greela/iNat1306252.ogg,4
greela/XC651848.ogg,3
greela/XC651847.ogg,3
greela/XC651846.ogg,3
greela/XC647402.ogg,3
greela/XC647400.ogg,3
greela/XC732615.ogg,3
greela/XC758926.ogg,3
greela/XC798742.ogg,3
greela/XC436162.ogg,3
greela/XC925587.ogg,3
greela/XC398966.ogg,0
greela/XC28513.ogg,1
greela/XC584580.ogg,3
greela/XC319502.ogg,3
greela/iNat1445578.ogg,2
greela/XC65738.ogg,1
greela/XC65610.ogg,1
greela/XC191969.ogg,2
greela/XC252827.ogg,4
greela/iNat19310.ogg,2
greela/iNat19311.ogg,2
greela/iNat268733.ogg,0
greela/XC474554.ogg,3
greela/iNat439395.ogg,3
greela/iNat1204469.ogg,2
greela/iNat276371.ogg,0
greela/iNat248431.ogg,0
greela/XC158106.ogg,2
grekis/iNat339880.ogg,3
grekis/iNat1593366.ogg,3
grekis/iNat546709.ogg,0
grekis/iNat811025.ogg,2
grekis/XC47777.ogg,3
grekis/iNat1081911.ogg,3
grekis/iNat985909.ogg,4
grekis/XC1031764.ogg,3
grekis/iNat748806.ogg,4
grekis/XC947507.ogg,4
grekis/iNat1690035.ogg,0
grekis/XC217277.ogg,1
grekis/iNat30463.ogg,3
grekis/XC169840.ogg,4
grekis/XC499046.ogg,3
grekis/iNat852130.ogg,2
grekis/iNat1277074.ogg,0
grekis/iNat1132872.ogg,3
grekis/iNat1691765.ogg,0
grekis/iNat144827.ogg,4
grekis/XC393268.ogg,1
grekis/XC210230.ogg,1
grekis/iNat577376.ogg,3
grekis/iNat59605.ogg,3
grekis/iNat1624362.ogg,3
grekis/iNat574465.ogg,1
grekis/iNat1209311.ogg,2
grekis/XC341384.ogg,0
grekis/XC393272.ogg,1
grekis/iNat766949.ogg,3
grekis/XC1000546.ogg,3
grekis/iNat929981.ogg,2
grekis/XC514681.ogg,3
grekis/iNat546250.ogg,3
grekis/XC144473.ogg,1
grekis/XC834187.ogg,3
grekis/XC789365.ogg,4
grekis/XC720.ogg,1
grekis/XC518544.ogg,3
grekis/iNat396082.ogg,2
grekis/iNat1294926.ogg,0
grekis/XC210231.ogg,1
grekis/XC788779.ogg,1
grekis/XC541411.ogg,3
grekis/iNat1104395.ogg,4
grekis/XC358314.ogg,2
grekis/XC955494.ogg,1
grekis/iNat48089.ogg,4
grekis/iNat155593.ogg,2
grekis/iNat74982.ogg,2
grekis/XC946011.ogg,2
grekis/XC285547.ogg,1
grekis/XC730418.ogg,1
grekis/iNat352815.ogg,4
grekis/iNat887898.ogg,4
grekis/iNat655330.ogg,4
grekis/iNat1163757.ogg,1
grekis/XC248744.ogg,3
grekis/iNat972855.ogg,3
grekis/iNat1137017.ogg,1
grekis/XC270494.ogg,4
grekis/iNat610120.ogg,2
grekis/XC211740.ogg,0
grekis/iNat1417069.ogg,3
grekis/iNat1266693.ogg,4
grekis/iNat1624998.ogg,0
grekis/iNat372584.ogg,0
grekis/XC9603.ogg,3
grekis/XC529806.ogg,0
grekis/XC194633.ogg,0
grekis/XC194631.ogg,0
grekis/XC199144.ogg,1
grekis/iNat586443.ogg,2
grekis/XC461078.ogg,4
grekis/iNat1509090.ogg,4
grekis/XC524047.ogg,3
grekis/iNat158652.ogg,1
grekis/XC452747.ogg,1
grekis/XC1028832.ogg,1
grekis/iNat542282.ogg,2
grekis/iNat164641.ogg,3
grekis/iNat833941.ogg,4
grekis/iNat612764.ogg,4
grekis/XC56997.ogg,3
grekis/XC584175.ogg,2
grekis/iNat1676393.ogg,4
grekis/XC955485.ogg,1
grekis/iNat1117277.ogg,0
grekis/iNat1681397.ogg,3
grekis/XC427820.ogg,2
grekis/XC1045613.ogg,3
grekis/XC240055.ogg,3
grekis/XC771667.ogg,0
grekis/iNat1416580.ogg,2
grekis/iNat1688786.ogg,4
grekis/XC348992.ogg,4
grekis/iNat660268.ogg,4
grekis/iNat1635320.ogg,1
grekis/iNat1721091.ogg,0
grekis/XC178655.ogg,4
grekis/iNat340148.ogg,4
grekis/iNat139202.ogg,2
grekis/XC705482.ogg,3
grekis/iNat1631614.ogg,0
grekis/iNat1285324.ogg,4
grekis/iNat648914.ogg,4
grekis/iNat1722434.ogg,3
grekis/iNat298268.ogg,4
grekis/iNat337730.ogg,3
grekis/iNat1460187.ogg,4
grekis/iNat1572002.ogg,2
grekis/iNat617529.ogg,4
grekis/XC697122.ogg,2
grekis/iNat1353864.ogg,1
grekis/XC576073.ogg,4
grekis/iNat490074.ogg,3
grekis/XC572749.ogg,1
grekis/iNat1035217.ogg,3
grekis/iNat549413.ogg,0
grekis/iNat1209312.ogg,2
grekis/iNat586116.ogg,1
grekis/iNat1480918.ogg,0
grekis/iNat1485673.ogg,4
grekis/iNat176519.ogg,1
grekis/iNat1060909.ogg,3
grekis/iNat842708.ogg,4
grekis/iNat376840.ogg,4
grekis/XC312739.ogg,0
grekis/iNat1295231.ogg,0
grekis/iNat1614281.ogg,3
grekis/iNat1456036.ogg,4
grekis/iNat555056.ogg,4
grekis/XC450808.ogg,4
grekis/iNat1653409.ogg,4
grekis/iNat393539.ogg,0
grekis/iNat735173.ogg,0
grekis/iNat819335.ogg,0
grekis/XC566614.ogg,3
grekis/iNat264012.ogg,4
grekis/iNat829053.ogg,0
grekis/iNat51135.ogg,3
grekis/iNat457436.ogg,2
grekis/XC521097.ogg,2
grekis/XC974457.ogg,3
grekis/iNat730691.ogg,4
grekis/XC934071.ogg,3
grekis/iNat506645.ogg,3
grekis/iNat1739068.ogg,2
grekis/iNat175731.ogg,4
grekis/XC624603.ogg,3
grekis/XC639593.ogg,3
grekis/XC562861.ogg,3
grekis/iNat64806.ogg,1
grekis/iNat1190125.ogg,0
grekis/XC558365.ogg,1
grekis/XC982940.ogg,3
grekis/iNat635160.ogg,2
grekis/iNat59606.ogg,2
grekis/XC123920.ogg,3
grekis/iNat1336498.ogg,2
grekis/iNat1123804.ogg,3
grekis/XC806345.ogg,3
grekis/XC258973.ogg,4
grekis/iNat925010.ogg,3
grekis/iNat656426.ogg,0
grekis/iNat1358920.ogg,4
grekis/XC796862.ogg,1
grekis/iNat64616.ogg,1
grekis/iNat1266462.ogg,2
grekis/iNat1268644.ogg,3
grekis/iNat1409435.ogg,3
grekis/iNat586626.ogg,3
grekis/iNat386655.ogg,0
grekis/XC677016.ogg,3
grekis/iNat1412662.ogg,2
grekis/iNat926084.ogg,1
grekis/iNat1181809.ogg,0
grekis/XC559350.ogg,3
grekis/iNat430917.ogg,2
grekis/XC474863.ogg,4
grekis/XC915965.ogg,0
grekis/iNat316089.ogg,1
grekis/XC913407.ogg,3
grekis/iNat578825.ogg,1
grekis/XC983844.ogg,3
grekis/iNat1671444.ogg,0
grekis/iNat215991.ogg,0
grekis/iNat201628.ogg,3
grekis/iNat889681.ogg,4
grekis/XC998594.ogg,4
grekis/iNat484771.ogg,1
grekis/iNat232939.ogg,4
grekis/iNat1254684.ogg,3
grekis/iNat342870.ogg,1
grekis/XC486153.ogg,4
grekis/XC778564.ogg,1
grekis/iNat1313850.ogg,0
grekis/iNat1361749.ogg,0
grekis/iNat785400.ogg,4
grekis/XC78182.ogg,0
grekis/XC211737.ogg,0
grekis/XC360620.ogg,1
grekis/XC790473.ogg,2
grekis/XC575562.ogg,3
grekis/iNat493019.ogg,3
grekis/XC974206.ogg,3
grekis/XC205964.ogg,0
grekis/iNat140879.ogg,2
grekis/iNat1301496.ogg,4
grekis/iNat1280317.ogg,0
grekis/XC494711.ogg,3
grekis/XC987968.ogg,3
grekis/iNat1625502.ogg,2
grekis/XC446440.ogg,3
grekis/iNat1725726.ogg,4
grekis/XC708671.ogg,0
grekis/iNat954626.ogg,3
grekis/iNat355080.ogg,3
grekis/XC604880.ogg,1
grekis/XC547141.ogg,1
grekis/XC524916.ogg,4
grekis/iNat1000924.ogg,4
grekis/XC154006.ogg,1
grekis/XC1035148.ogg,2
grekis/iNat836039.ogg,2
grekis/iNat986332.ogg,0
grekis/iNat160421.ogg,4
grekis/iNat998322.ogg,0
grekis/iNat1004220.ogg,0
grekis/XC455017.ogg,3
grekis/XC936081.ogg,3
grekis/iNat1620946.ogg,4
grekis/iNat472559.ogg,2
grekis/XC197137.ogg,4
grekis/XC336010.ogg,2
grekis/iNat1313854.ogg,0
grekis/XC147340.ogg,1
grekis/XC258971.ogg,4
grekis/XC543428.ogg,4
grekis/iNat155210.ogg,2
grekis/iNat381839.ogg,4
grekis/iNat1631701.ogg,0
grekis/iNat518651.ogg,2
grekis/iNat1022320.ogg,2
grekis/XC435988.ogg,0
grekis/iNat64602.ogg,1
grekis/iNat115622.ogg,2
grekis/XC387677.ogg,4
grekis/iNat1710453.ogg,2
grekis/iNat972136.ogg,4
grekis/XC332326.ogg,4
grekis/XC551630.ogg,3
grekis/iNat998668.ogg,1
grekis/XC743922.ogg,3
grekis/XC82345.ogg,1
grekis/iNat525110.ogg,1
grekis/iNat1301749.ogg,0
grekis/XC705488.ogg,3
grekis/XC796861.ogg,1
grekis/iNat342228.ogg,4
grekis/XC579640.ogg,3
grekis/XC484778.ogg,2
grekis/iNat582702.ogg,2
grekis/iNat925213.ogg,0
grekis/iNat961381.ogg,4
grekis/iNat887899.ogg,4
grekis/XC152204.ogg,3
grekis/iNat1657347.ogg,1
grekis/iNat37823.ogg,4
grekis/iNat857627.ogg,3
grekis/iNat177277.ogg,1
grekis/iNat1340443.ogg,0
grekis/iNat1663561.ogg,2
grekis/iNat413187.ogg,1
grekis/iNat789711.ogg,3
grekis/iNat584093.ogg,2
grekis/iNat1274076.ogg,4
grekis/XC797399.ogg,1
grekis/XC520722.ogg,2
grekis/iNat1405967.ogg,0
grekis/iNat1708766.ogg,3
grekis/iNat1287344.ogg,0
grekis/iNat1471543.ogg,2
grekis/XC295396.ogg,0
grekis/iNat1733447.ogg,2
grekis/XC814128.ogg,3
grekis/iNat30513.ogg,3
grekis/iNat599167.ogg,0
grekis/iNat1694988.ogg,2
grekis/iNat1347675.ogg,2
grekis/XC391254.ogg,0
grekis/iNat1271327.ogg,4
grekis/iNat609363.ogg,4
grekis/iNat1221785.ogg,2
grekis/iNat424006.ogg,0
grekis/XC152654.ogg,1
grekis/XC170448.ogg,4
grekis/XC975741.ogg,3
grekis/iNat871616.ogg,0
grekis/iNat151527.ogg,4
grekis/iNat865483.ogg,4
grekis/XC390427.ogg,2
grekis/iNat1400476.ogg,1
grekis/XC135770.ogg,1
grekis/iNat512266.ogg,2
grekis/iNat736268.ogg,2
grekis/iNat1315895.ogg,0
grekis/iNat1105307.ogg,0
grekis/XC360610.ogg,1
grekis/iNat888212.ogg,0
grekis/iNat1301578.ogg,1
grekis/iNat769751.ogg,3
grekis/iNat702857.ogg,0
grekis/iNat258519.ogg,4
grekis/XC920150.ogg,0
grekis/XC571323.ogg,3
grekis/iNat1671446.ogg,0
grekis/XC688651.ogg,0
grekis/iNat898963.ogg,2
grekis/iNat1044905.ogg,0
grekis/iNat337439.ogg,0
grekis/iNat48712.ogg,4
grekis/iNat1395884.ogg,0
grekis/XC242054.ogg,3
grekis/iNat1596462.ogg,1
grekis/iNat320785.ogg,2
grekis/XC566615.ogg,3
grekis/iNat1189845.ogg,0
grekis/iNat331910.ogg,1
grekis/XC148971.ogg,0
grekis/XC544278.ogg,4
grekis/iNat1113901.ogg,0
grekis/iNat487226.ogg,3
grekis/XC258974.ogg,4
grekis/iNat1375400.ogg,2
grekis/iNat986934.ogg,4
grekis/XC317696.ogg,1
grekis/XC829986.ogg,2
grekis/iNat92499.ogg,3
grekis/iNat1271520.ogg,1
grekis/iNat18245.ogg,2
grekis/iNat1336487.ogg,0
grekis/XC747002.ogg,3
grekis/iNat1432965.ogg,0
grekis/XC457242.ogg,0
grekis/XC621704.ogg,1
grekis/XC165273.ogg,1
grekis/iNat1137849.ogg,0
grekis/iNat910629.ogg,0
grekis/XC362268.ogg,1
grekis/XC269793.ogg,4
grekis/iNat1106648.ogg,0
grekis/XC149235.ogg,1
grekis/iNat25738.ogg,1
grekis/XC467087.ogg,4
grekis/iNat1440417.ogg,2
grekis/iNat1313817.ogg,2
grekis/XC518540.ogg,3
grekis/iNat1298884.ogg,4
grekis/iNat1429161.ogg,2
grekis/iNat864069.ogg,0
grekis/iNat211500.ogg,3
grekis/XC258967.ogg,4
grekis/iNat1189871.ogg,0
grekis/iNat299353.ogg,2
grekis/iNat868841.ogg,2
grekis/XC863113.ogg,4
grekis/XC611111.ogg,3
grekis/iNat156815.ogg,4
grekis/iNat1623199.ogg,4
grekis/iNat718573.ogg,3
grekis/XC162345.ogg,1
grekis/iNat456498.ogg,2
grekis/iNat1712648.ogg,2
grekis/iNat1656841.ogg,0
grekis/iNat355078.ogg,3
grekis/XC341408.ogg,0
grekis/XC585862.ogg,2
grekis/iNat1391832.ogg,3
grekis/iNat511055.ogg,4
grekis/iNat193228.ogg,3
grekis/XC388760.ogg,2
grekis/iNat182788.ogg,2
grekis/XC203046.ogg,4
grekis/iNat1608154.ogg,4
grekis/XC328504.ogg,3
grekis/iNat682576.ogg,2
grekis/iNat1667823.ogg,1
grekis/XC615052.ogg,3
grekis/XC82343.ogg,1
grekis/XC170757.ogg,1
grekis/iNat1407502.ogg,0
grekis/XC233434.ogg,0
grekis/iNat1307909.ogg,2
grekis/XC494788.ogg,0
grekis/iNat1690810.ogg,0
grekis/iNat1303571.ogg,4
grekis/iNat634818.ogg,4
grekis/iNat746450.ogg,3
grekis/iNat569533.ogg,1
grekis/XC296780.ogg,0
grekis/iNat427257.ogg,4
grekis/iNat139439.ogg,0
grekis/iNat1342595.ogg,2
grekis/iNat1504425.ogg,4
grekis/iNat369742.ogg,3
grekis/XC173973.ogg,1
grekis/XC654354.ogg,3
grekis/XC589984.ogg,0
grekis/iNat627821.ogg,0
grekis/iNat1032755.ogg,2
grekis/XC566616.ogg,3
grekis/XC277798.ogg,4
grekis/XC570793.ogg,1
grekis/iNat1241207.ogg,2
grekis/iNat1288212.ogg,0
grekis/iNat1446925.ogg,1
grekis/iNat1113792.ogg,0
grekis/XC584776.ogg,3
grekis/XC442531.ogg,2
grekis/iNat1421233.ogg,2
grekis/iNat204960.ogg,3
grekis/iNat1279051.ogg,0
grekis/iNat522962.ogg,0
grekis/XC137838.ogg,4
grekis/XC996093.ogg,3
grekis/iNat182573.ogg,1
grekis/iNat617528.ogg,4
grekis/iNat236347.ogg,4
grekis/XC623636.ogg,3
grekis/iNat1722430.ogg,3
grekis/iNat857338.ogg,0
grekis/iNat1404986.ogg,0
grekis/XC286363.ogg,1
grekis/iNat302094.ogg,0
grekis/XC686423.ogg,3
grekis/iNat30514.ogg,3
grekis/iNat1719052.ogg,2
grekis/iNat129847.ogg,1
grekis/XC82344.ogg,1
grekis/XC359179.ogg,1
grekis/iNat152210.ogg,4
grekis/iNat317022.ogg,1
grekis/XC493130.ogg,4
grekis/iNat285399.ogg,4
grekis/XC193555.ogg,1
grekis/XC203032.ogg,4
grekis/XC621866.ogg,1
grekis/iNat132235.ogg,3
grekis/XC911033.ogg,4
grekis/iNat1297715.ogg,1
grekis/XC258968.ogg,4
grekis/XC443233.ogg,3
grekis/XC706107.ogg,0
grekis/iNat1429873.ogg,4
grekis/iNat1482504.ogg,0
grekis/iNat1318884.ogg,0
grekis/iNat558546.ogg,0
grekis/iNat340794.ogg,1
grekis/iNat1312173.ogg,4
grekis/iNat657044.ogg,1
grekis/XC433821.ogg,2
grekis/XC144736.ogg,1
grekis/iNat545332.ogg,2
grekis/iNat510385.ogg,3
grekis/iNat586621.ogg,3
grekis/iNat1403895.ogg,1
grekis/iNat1682972.ogg,3
grekis/iNat816864.ogg,1
grekis/iNat1725644.ogg,2
grekis/XC581493.ogg,1
grekis/iNat1275982.ogg,0
grekis/iNat1733337.ogg,4
grekis/iNat1112999.ogg,0
grekis/iNat1701853.ogg,1
grekis/iNat632665.ogg,1
grekis/iNat930059.ogg,3
grekis/iNat258521.ogg,4
grekis/iNat353175.ogg,1
grekis/XC770431.ogg,3
grekis/XC113044.ogg,0
grekis/iNat473237.ogg,3
grepot1/XC1040540.ogg,4
grepot1/XC128801.ogg,3
grepot1/XC422983.ogg,0
grepot1/XC416484.ogg,2
grepot1/XC416483.ogg,2
grepot1/XC283506.ogg,1
grepot1/XC63802.ogg,1
grepot1/XC876481.ogg,1
grepot1/XC964915.ogg,3
grepot1/XC453562.ogg,1
grepot1/XC575188.ogg,1
grepot1/XC135771.ogg,1
grepot1/XC658697.ogg,4
grepot1/XC329288.ogg,0
grepot1/XC144332.ogg,1
grepot1/XC556452.ogg,2
grepot1/XC429801.ogg,3
grepot1/XC554975.ogg,3
grepot1/XC189719.ogg,3
grepot1/XC85243.ogg,1
grepot1/XC537497.ogg,0
grepot1/XC118336.ogg,4
grepot1/iNat160748.ogg,0
grepot1/XC1034571.ogg,2
grepot1/XC206942.ogg,3
grepot1/XC619798.ogg,4
grepot1/XC619797.ogg,4
grepot1/XC119215.ogg,3
grepot1/iNat1524328.ogg,4
grepot1/iNat1214100.ogg,2
grepot1/iNat1214101.ogg,2
grepot1/iNat1214102.ogg,2
grepot1/iNat1214103.ogg,2
grepot1/iNat1214104.ogg,2
grepot1/iNat1214105.ogg,2
grepot1/iNat1214107.ogg,2
grepot1/iNat1214106.ogg,2
grepot1/iNat1214108.ogg,2
grepot1/XC899287.ogg,1
grepot1/XC251263.ogg,3
grepot1/XC238677.ogg,3
grepot1/XC238676.ogg,3
grepot1/XC257762.ogg,4
grepot1/XC260436.ogg,0
grepot1/XC424013.ogg,0
grepot1/XC475317.ogg,4
grepot1/XC421091.ogg,3
grepot1/XC698100.ogg,2
grepot1/XC627399.ogg,1
grepot1/XC627398.ogg,1
grepot1/XC627397.ogg,4
grepot1/XC627396.ogg,4
grepot1/XC148340.ogg,3
grepot1/XC148328.ogg,3
grepot1/XC148310.ogg,3
grepot1/XC403324.ogg,4
grepot1/XC144211.ogg,4
grepot1/XC817321.ogg,2
grepot1/XC441078.ogg,0
grepot1/XC637226.ogg,0
grepot1/XC694754.ogg,4
grepot1/iNat595905.ogg,3
grepot1/XC306354.ogg,1
grepot1/XC65707.ogg,1
grepot1/iNat123988.ogg,3
grepot1/XC388671.ogg,2
grepot1/XC170536.ogg,0
grepot1/XC170538.ogg,0
grepot1/XC349444.ogg,4
grepot1/XC349451.ogg,4
grepot1/XC820954.ogg,2
grepot1/XC405046.ogg,3
gretho2/iNat1673380.ogg,1
gretho2/iNat818106.ogg,0
gretho2/XC871537.ogg,2
gretho2/XC746289.ogg,2
gretho2/XC683755.ogg,2
gretho2/XC605330.ogg,2
gretho2/XC584173.ogg,2
gretho2/XC583892.ogg,2
gretho2/XC562740.ogg,2
gretho2/XC517607.ogg,2
gretho2/XC355330.ogg,2
gretho2/XC494566.ogg,3
gretho2/iNat1194774.ogg,2
gretho2/XC551969.ogg,1
gretho2/iNat786892.ogg,3
gretho2/iNat1344386.ogg,3
gretho2/iNat1196332.ogg,3
gretho2/iNat1196333.ogg,3
gretho2/iNat738060.ogg,2
gretho2/iNat57803.ogg,0
gretho2/iNat321948.ogg,3
gretho2/iNat321949.ogg,3
gretho2/iNat790585.ogg,3
gretho2/iNat138982.ogg,3
gretho2/iNat770324.ogg,3
gretho2/iNat210499.ogg,3
gretho2/iNat210500.ogg,3
gretho2/iNat772468.ogg,3
gretho2/iNat714866.ogg,3
gretho2/iNat316451.ogg,0
gretho2/iNat1240599.ogg,3
gretho2/iNat518754.ogg,3
gretho2/iNat764734.ogg,3
gretho2/iNat621188.ogg,3
gretho2/iNat516945.ogg,3
gretho2/iNat769081.ogg,3
gretho2/iNat493037.ogg,3
gretho2/iNat783596.ogg,1
gretho2/iNat401218.ogg,3
gretho2/iNat764723.ogg,3
gretho2/iNat510358.ogg,3
gretho2/iNat386694.ogg,3
gretho2/iNat493006.ogg,3
gretho2/iNat532448.ogg,3
gretho2/iNat539955.ogg,3
gretho2/iNat510303.ogg,3
gretho2/iNat510304.ogg,3
gretho2/iNat1187252.ogg,1
gretho2/iNat473252.ogg,3
gretho2/iNat537728.ogg,3
gretho2/iNat769101.ogg,3
gretho2/iNat526062.ogg,3
gretho2/iNat472604.ogg,3
gretho2/iNat371895.ogg,3
gretho2/iNat588506.ogg,3
gretho2/iNat588507.ogg,3
gretho2/XC704933.ogg,1
gretho2/iNat584380.ogg,4
gretho2/XC530283.ogg,3
gretho2/XC355198.ogg,3
gretho2/iNat693449.ogg,3
gretho2/iNat563522.ogg,4
gretho2/iNat1182093.ogg,4
gretho2/XC506861.ogg,2
gretho2/XC368720.ogg,2
gretho2/iNat585900.ogg,4
gretho2/iNat1460185.ogg,4
gretho2/iNat1704099.ogg,3
gretho2/XC277469.ogg,1
gretho2/XC277468.ogg,1
gretho2/iNat591969.ogg,3
gretho2/iNat334915.ogg,4
gretho2/XC454605.ogg,3
gretho2/XC565116.ogg,3
gretho2/iNat1493007.ogg,2
gretho2/XC1001795.ogg,3
gretho2/iNat320488.ogg,4
gretho2/iNat982559.ogg,4
gretho2/iNat730762.ogg,4
gretho2/XC932942.ogg,4
gretho2/XC462435.ogg,3
gretho2/XC581721.ogg,2
gretho2/XC600264.ogg,1
gretho2/XC594651.ogg,1
gretho2/XC589406.ogg,1
gretho2/iNat1348855.ogg,1
gretho2/iNat545663.ogg,4
gretho2/iNat869755.ogg,0
gretho2/iNat869756.ogg,0
gretho2/XC299071.ogg,0
gretho2/XC513667.ogg,0
gretho2/XC708663.ogg,0
gretho2/XC34598.ogg,3
gretho2/XC879297.ogg,3
gretho2/XC196525.ogg,1
gretho2/XC310656.ogg,1
gretho2/XC277467.ogg,1
gretho2/XC80844.ogg,1
gretho2/XC84662.ogg,1
gretho2/XC1015992.ogg,3
gretho2/XC933498.ogg,3
gretho2/XC933490.ogg,3
gretho2/XC315759.ogg,0
gretho2/XC2586.ogg,0
gretho2/XC834083.ogg,3
gretho2/XC834082.ogg,3
gretho2/XC532282.ogg,4
gretho2/XC172600.ogg,2
gretho2/XC172599.ogg,2
gretho2/XC720676.ogg,3
gretho2/XC298312.ogg,1
gretho2/XC291463.ogg,1
gretho2/XC681207.ogg,2
gretho2/XC681200.ogg,2
gretho2/XC167280.ogg,0
gretho2/XC602703.ogg,3
gretho2/XC709803.ogg,2
gretho2/XC709802.ogg,2
gretho2/XC709801.ogg,2
gretho2/XC709800.ogg,2
gretho2/XC668951.ogg,2
gretho2/XC631897.ogg,2
gretho2/XC415321.ogg,2
gretho2/XC246608.ogg,2
gretho2/XC384593.ogg,3
gretho2/XC602731.ogg,3
gretho2/XC896238.ogg,0
gretho2/iNat397511.ogg,0
gretho2/XC154498.ogg,4
gretho2/XC708310.ogg,3
gretho2/XC514667.ogg,3
gretho2/XC2754.ogg,0
gretho2/XC2757.ogg,0
gretho2/XC345392.ogg,0
gretho2/XC602750.ogg,3
gretho2/XC150506.ogg,0
gretho2/XC1050263.ogg,4
gretho2/XC80843.ogg,1
gretho2/XC708308.ogg,3
gretho2/XC708305.ogg,3
gretho2/XC708309.ogg,3
gretho2/XC708306.ogg,3
gretho2/XC1063888.ogg,4
gretho2/XC415989.ogg,4
gretho2/XC387375.ogg,0
gretho2/XC708783.ogg,3
gretho2/XC345202.ogg,0
gretho2/XC1030211.ogg,3
gretho2/XC1030212.ogg,3
gretho2/XC1030210.ogg,3
gretho2/XC794816.ogg,3
gretho2/XC720781.ogg,3
gretho2/XC654319.ogg,3
greyel/XC347900.ogg,2
greyel/XC810357.ogg,2
greyel/iNat205531.ogg,4
greyel/XC452103.ogg,1
greyel/iNat1132637.ogg,0
greyel/iNat1226326.ogg,3
greyel/XC173786.ogg,1
greyel/XC773268.ogg,0
greyel/iNat615745.ogg,0
greyel/iNat1209107.ogg,3
greyel/XC783428.ogg,1
greyel/iNat306612.ogg,2
greyel/XC239493.ogg,1
greyel/iNat1580628.ogg,3
greyel/iNat328724.ogg,2
greyel/iNat316695.ogg,3
greyel/iNat1718732.ogg,0
greyel/iNat312687.ogg,2
greyel/iNat296645.ogg,0
greyel/XC124877.ogg,3
greyel/iNat937844.ogg,2
greyel/iNat813445.ogg,2
greyel/iNat285880.ogg,4
greyel/iNat420660.ogg,3
greyel/XC624695.ogg,1
greyel/XC531192.ogg,3
greyel/XC144957.ogg,1
greyel/iNat1381842.ogg,3
greyel/XC257505.ogg,4
greyel/iNat1243167.ogg,4
greyel/iNat1235272.ogg,1
greyel/iNat686827.ogg,0
greyel/iNat303546.ogg,3
greyel/iNat519782.ogg,2
greyel/XC540444.ogg,3
greyel/iNat1144140.ogg,1
greyel/iNat327777.ogg,0
greyel/iNat1165793.ogg,4
greyel/XC474951.ogg,4
greyel/iNat770778.ogg,2
greyel/XC187428.ogg,3
greyel/XC323487.ogg,1
greyel/iNat1005611.ogg,3
greyel/XC244235.ogg,4
greyel/iNat64760.ogg,0
greyel/iNat1188483.ogg,0
greyel/XC309451.ogg,4
greyel/XC345870.ogg,1
greyel/XC1048820.ogg,2
greyel/iNat1127908.ogg,2
greyel/iNat542424.ogg,0
greyel/XC441311.ogg,2
greyel/iNat1683163.ogg,1
greyel/iNat638744.ogg,3
greyel/iNat32495.ogg,0
greyel/XC357955.ogg,1
greyel/iNat443403.ogg,0
greyel/XC444074.ogg,2
greyel/XC357033.ogg,0
greyel/XC589662.ogg,2
greyel/iNat473911.ogg,1
greyel/XC674497.ogg,2
greyel/iNat1615683.ogg,2
greyel/iNat1133441.ogg,0
greyel/XC517465.ogg,3
greyel/XC155054.ogg,0
greyel/iNat360004.ogg,4
greyel/XC902645.ogg,2
greyel/XC346206.ogg,1
greyel/iNat1279782.ogg,4
greyel/XC914394.ogg,0
greyel/iNat387353.ogg,3
greyel/iNat154320.ogg,2
greyel/iNat1724836.ogg,1
greyel/XC779310.ogg,1
greyel/iNat892427.ogg,1
greyel/XC450987.ogg,1
greyel/XC290345.ogg,4
greyel/iNat824938.ogg,1
greyel/iNat896721.ogg,2
greyel/XC47273.ogg,3
greyel/iNat795977.ogg,4
greyel/iNat864354.ogg,0
greyel/iNat1242435.ogg,1
greyel/XC584815.ogg,0
greyel/iNat287843.ogg,0
greyel/iNat386624.ogg,3
greyel/XC148722.ogg,4
greyel/iNat559578.ogg,3
greyel/XC190136.ogg,3
greyel/XC346184.ogg,1
greyel/iNat392072.ogg,1
greyel/iNat1382949.ogg,2
greyel/XC1053309.ogg,0
greyel/iNat333399.ogg,2
greyel/XC694084.ogg,1
greyel/XC494400.ogg,1
greyel/XC207799.ogg,4
greyel/XC533414.ogg,3
greyel/XC1013228.ogg,2
greyel/XC257507.ogg,4
greyel/iNat1445802.ogg,4
greyel/XC70683.ogg,4
greyel/iNat1439638.ogg,4
greyel/XC201402.ogg,1
greyel/iNat1358889.ogg,4
greyel/iNat976094.ogg,4
greyel/iNat141939.ogg,4
greyel/iNat816661.ogg,4
greyel/iNat552237.ogg,1
greyel/XC606572.ogg,3
greyel/XC308710.ogg,3
greyel/iNat609437.ogg,2
greyel/XC779314.ogg,1
greyel/XC174644.ogg,1
greyel/iNat79739.ogg,3
greyel/XC451528.ogg,1
greyel/iNat1221460.ogg,4
greyel/iNat397044.ogg,2
greyel/XC595937.ogg,4
greyel/iNat211173.ogg,0
greyel/iNat1375792.ogg,2
greyel/iNat1053287.ogg,4
greyel/iNat1601572.ogg,2
greyel/iNat1250223.ogg,1
greyel/iNat320319.ogg,1
greyel/iNat141664.ogg,0
greyel/iNat863900.ogg,0
greyel/XC606570.ogg,3
greyel/iNat1638522.ogg,0
greyel/iNat1375793.ogg,2
greyel/iNat833647.ogg,4
greyel/iNat165243.ogg,3
greyel/iNat303761.ogg,4
greyel/iNat577389.ogg,0
greyel/iNat578125.ogg,3
greyel/iNat551354.ogg,4
greyel/iNat1326108.ogg,4
greyel/iNat590324.ogg,2
greyel/iNat1687216.ogg,4
greyel/XC446670.ogg,2
greyel/iNat1350689.ogg,4
greyel/iNat813019.ogg,4
greyel/iNat1355344.ogg,0
greyel/XC578103.ogg,1
greyel/iNat359837.ogg,1
greyel/XC143738.ogg,1
greyel/iNat593936.ogg,1
greyel/iNat1076127.ogg,0
greyel/XC704688.ogg,1
greyel/iNat78728.ogg,0
greyel/iNat1613160.ogg,3
greyel/XC257506.ogg,4
greyel/iNat564190.ogg,2
greyel/iNat1370909.ogg,3
greyel/iNat150310.ogg,2
greyel/iNat977350.ogg,4
greyel/iNat537865.ogg,0
greyel/iNat806766.ogg,3
greyel/iNat417102.ogg,3
greyel/XC664284.ogg,1
greyel/iNat196662.ogg,4
greyel/iNat293241.ogg,0
greyel/iNat1020672.ogg,2
greyel/XC56910.ogg,4
greyel/iNat397909.ogg,3
greyel/XC459344.ogg,1
greyel/iNat135957.ogg,4
greyel/XC1021068.ogg,2
greyel/iNat88336.ogg,0
greyel/iNat1363769.ogg,0
greyel/iNat1638552.ogg,3
greyel/iNat581537.ogg,1
greyel/iNat931795.ogg,4
greyel/iNat841157.ogg,2
greyel/XC606571.ogg,3
greyel/iNat1425846.ogg,4
greyel/XC783434.ogg,1
greyel/XC433088.ogg,0
greyel/iNat24543.ogg,4
greyel/iNat1262703.ogg,3
greyel/iNat323582.ogg,3
greyel/iNat574165.ogg,1
greyel/XC664280.ogg,1
greyel/iNat213666.ogg,2
greyel/iNat987719.ogg,3
greyel/iNat491325.ogg,3
greyel/iNat973911.ogg,3
greyel/iNat148390.ogg,0
greyel/iNat571608.ogg,0
greyel/XC212788.ogg,1
greyel/iNat1356368.ogg,3
greyel/XC810358.ogg,2
greyel/iNat572767.ogg,0
greyel/XC507226.ogg,4
greyel/iNat676044.ogg,2
greyel/iNat27404.ogg,0
greyel/XC477317.ogg,0
greyel/iNat730467.ogg,4
greyel/iNat38369.ogg,4
greyel/iNat1233470.ogg,0
greyel/XC714532.ogg,1
greyel/iNat952416.ogg,3
greyel/XC1013373.ogg,2
greyel/XC292920.ogg,3
greyel/iNat1122157.ogg,3
greyel/XC453004.ogg,1
greyel/iNat651341.ogg,3
greyel/XC32493.ogg,3
greyel/XC415853.ogg,3
greyel/XC1060813.ogg,4
greyel/XC144948.ogg,1
greyel/iNat414971.ogg,2
greyel/iNat213653.ogg,2
greyel/XC1021053.ogg,2
greyel/iNat1144141.ogg,1
greyel/iNat417429.ogg,3
greyel/XC257504.ogg,4
greyel/XC453231.ogg,1
greyel/iNat681016.ogg,3
greyel/iNat827425.ogg,1
greyel/XC146773.ogg,3
greyel/XC64543.ogg,4
greyel/iNat283091.ogg,4
greyel/iNat146229.ogg,0
greyel/XC826250.ogg,4
greyel/iNat1192225.ogg,0
greyel/iNat1709921.ogg,2
greyel/XC142536.ogg,4
greyel/iNat1007860.ogg,4
greyel/iNat301300.ogg,2
greyel/iNat1571952.ogg,0
greyel/iNat71561.ogg,1
greyel/iNat1696155.ogg,1
greyel/XC155050.ogg,0
greyel/XC16168.ogg,3
greyel/iNat77498.ogg,1
greyel/XC939267.ogg,2
greyel/iNat778099.ogg,0
greyel/XC1036577.ogg,4
greyel/iNat821489.ogg,0
greyel/XC609190.ogg,0
greyel/XC287648.ogg,3
greyel/XC207798.ogg,4
greyel/XC1021069.ogg,2
greyel/iNat189026.ogg,2
greyel/iNat1148964.ogg,4
greyel/XC719922.ogg,4
greyel/iNat1241289.ogg,2
greyel/iNat1193632.ogg,4
greyel/iNat287842.ogg,0
greyel/iNat1419411.ogg,3
greyel/iNat897445.ogg,1
greyel/XC345868.ogg,1
greyel/XC1021052.ogg,2
greyel/iNat323749.ogg,3
greyel/iNat1356367.ogg,3
greyel/iNat561667.ogg,3
greyel/XC268809.ogg,2
greyel/XC754008.ogg,3
greyel/iNat814447.ogg,3
greyel/iNat770732.ogg,2
greyel/XC326524.ogg,1
greyel/XC139836.ogg,3
greyel/iNat855294.ogg,0
greyel/iNat1690748.ogg,3
greyel/XC612347.ogg,0
greyel/iNat397606.ogg,0
greyel/XC779313.ogg,1
greyel/iNat643395.ogg,0
greyel/iNat138378.ogg,0
greyel/iNat1385888.ogg,4
greyel/iNat122616.ogg,4
greyel/iNat692200.ogg,2
greyel/iNat634171.ogg,0
greyel/iNat1287025.ogg,4
greyel/XC345869.ogg,1
greyel/iNat174283.ogg,4
greyel/iNat357474.ogg,0
greyel/iNat578106.ogg,3
greyel/iNat751610.ogg,3
greyel/iNat572942.ogg,0
greyel/iNat617550.ogg,0
greyel/iNat305802.ogg,4
greyel/iNat165244.ogg,3
greyel/iNat939018.ogg,1
greyel/XC754986.ogg,1
greyel/XC1021058.ogg,2
greyel/iNat1018420.ogg,1
greyel/iNat1242457.ogg,0
greyel/iNat249416.ogg,2
greyel/iNat666345.ogg,1
greyel/iNat1666332.ogg,3
greyel/iNat713648.ogg,0
greyel/iNat659958.ogg,3
greyel/iNat778105.ogg,0
greyel/iNat875750.ogg,2
greyel/iNat387352.ogg,3
greyel/iNat1077834.ogg,4
greyel/iNat1684197.ogg,2
greyel/iNat1621292.ogg,4
greyel/iNat561668.ogg,3
greyel/XC52668.ogg,3
greyel/XC957945.ogg,2
greyel/iNat821491.ogg,0
greyel/iNat1688056.ogg,3
greyel/iNat1407066.ogg,2
greyel/XC777508.ogg,1
greyel/XC716126.ogg,1
greyel/XC294552.ogg,4
greyel/XC878433.ogg,2
greyel/iNat1598810.ogg,2
greyel/XC552386.ogg,2
greyel/iNat385968.ogg,1
greyel/iNat858655.ogg,3
greyel/iNat1228187.ogg,3
greyel/XC236716.ogg,3
greyel/iNat1150004.ogg,4
greyel/iNat86085.ogg,2
greyel/iNat324316.ogg,0
greyel/XC47274.ogg,3
greyel/iNat1054587.ogg,3
greyel/XC708679.ogg,0
greyel/iNat600712.ogg,0
greyel/iNat838956.ogg,4
greyel/iNat1482841.ogg,4
greyel/iNat650216.ogg,4
greyel/iNat1541615.ogg,0
greyel/iNat144451.ogg,0
greyel/iNat582730.ogg,1
greyel/iNat939724.ogg,4
greyel/iNat1252348.ogg,1
greyel/XC149443.ogg,3
greyel/iNat397768.ogg,2
greyel/XC287593.ogg,0
greyel/XC189089.ogg,3
greyel/XC237777.ogg,0
greyel/XC642645.ogg,4
greyel/iNat53999.ogg,3
greyel/iNat1236710.ogg,4
greyel/iNat28991.ogg,3
greyel/iNat81752.ogg,2
greyel/XC386749.ogg,3
greyel/iNat572766.ogg,0
greyel/iNat1621290.ogg,4
greyel/XC1021070.ogg,2
greyel/XC308709.ogg,3
greyel/iNat980279.ogg,3
greyel/iNat186602.ogg,2
greyel/XC460959.ogg,0
greyel/iNat1685056.ogg,0
greyel/XC507227.ogg,4
greyel/XC1013230.ogg,2
greyel/iNat454448.ogg,2
greyel/XC902588.ogg,2
greyel/iNat821519.ogg,0
greyel/iNat209422.ogg,2
greyel/XC302408.ogg,2
greyel/XC298166.ogg,3
greyel/iNat1428941.ogg,2
greyel/iNat544403.ogg,1
greyel/XC1021049.ogg,2
greyel/iNat833644.ogg,4
greyel/iNat1202880.ogg,2
greyel/XC1068513.ogg,4
greyel/XC326523.ogg,1
greyel/iNat999806.ogg,4
greyel/iNat393130.ogg,3
greyel/iNat1669510.ogg,2
greyel/iNat1666333.ogg,3
greyel/iNat979301.ogg,4
greyel/XC257508.ogg,4
greyel/XC862340.ogg,0
greyel/iNat442052.ogg,1
greyel/iNat1195902.ogg,1
greyel/XC294863.ogg,0
greyel/iNat616104.ogg,1
greyel/XC613398.ogg,4
greyel/iNat1252975.ogg,4
greyel/iNat1280469.ogg,1
greyel/iNat1186388.ogg,1
greyel/XC146812.ogg,3
greyel/iNat26900.ogg,1
greyel/iNat82927.ogg,4
greyel/XC708678.ogg,0
greyel/XC1021060.ogg,2
greyel/iNat668349.ogg,4
greyel/XC691338.ogg,1
greyel/iNat79817.ogg,2
greyel/iNat528156.ogg,4
greyel/iNat174159.ogg,0
greyel/iNat1571970.ogg,0
greyel/iNat1464693.ogg,4
greyel/iNat1256497.ogg,1
greyel/XC1039127.ogg,4
greyel/XC127266.ogg,2
greyel/iNat1350614.ogg,4
greyel/iNat989648.ogg,1
greyel/XC344653.ogg,1
greyel/iNat1140014.ogg,0
greyel/iNat393566.ogg,0
greyel/iNat1240109.ogg,1
greyel/iNat1028656.ogg,1
greyel/iNat1132638.ogg,0
greyel/iNat794116.ogg,0
greyel/iNat1413481.ogg,0
greyel/XC500925.ogg,4
greyel/iNat939017.ogg,1
greyel/iNat781614.ogg,1
greyel/iNat1286554.ogg,3
greyel/iNat307121.ogg,4
greyel/XC430695.ogg,4
greyel/iNat570978.ogg,1
greyel/iNat860062.ogg,4
greyel/XC549796.ogg,4
greyel/iNat591175.ogg,4
greyel/XC386750.ogg,3
greyel/iNat547171.ogg,0
greyel/iNat1516895.ogg,4
greyel/XC1021054.ogg,2
greyel/iNat819210.ogg,2
greyel/iNat386098.ogg,2
greyel/iNat508348.ogg,2
greyel/XC451730.ogg,1
greyel/iNat1587656.ogg,0
greyel/iNat191067.ogg,1
greyel/iNat837565.ogg,1
greyel/iNat848079.ogg,2
greyel/iNat418644.ogg,3
greyel/XC85447.ogg,1
greyel/iNat607889.ogg,3
greyel/XC408113.ogg,1
greyel/XC1048822.ogg,2
greyel/iNat368808.ogg,3
greyel/iNat137271.ogg,4
greyel/XC779308.ogg,1
greyel/XC1021055.ogg,2
greyel/iNat1691186.ogg,0
greyel/iNat659959.ogg,3
greyel/iNat627262.ogg,3
greyel/XC294551.ogg,4
greyel/iNat1236713.ogg,1
greyel/XC228276.ogg,1
greyel/XC1048180.ogg,4
greyel/iNat50952.ogg,0
greyel/iNat578124.ogg,3
greyel/iNat1304950.ogg,2
greyel/XC213491.ogg,0
greyel/iNat1096769.ogg,4
greyel/iNat310128.ogg,2
greyel/iNat328837.ogg,2
greyel/iNat179889.ogg,0
greyel/iNat838193.ogg,1
greyel/iNat543950.ogg,0
greyel/iNat1280470.ogg,1
greyel/iNat551798.ogg,3
greyel/XC309458.ogg,4
greyel/iNat1630714.ogg,0
greyel/XC1021050.ogg,2
greyel/XC155061.ogg,0
greyel/XC395489.ogg,1
greyel/iNat1221736.ogg,0
greyel/iNat835346.ogg,3
greyel/iNat160450.ogg,3
greyel/iNat1434583.ogg,1
greyel/iNat332763.ogg,0
greyel/iNat547934.ogg,2
greyel/iNat310163.ogg,2
greyel/XC452718.ogg,1
greyel/iNat1303954.ogg,2
greyel/XC1021051.ogg,2
greyel/iNat993263.ogg,3
greyel/iNat195451.ogg,4
greyel/iNat196665.ogg,4
greyel/iNat1208658.ogg,4
grfdov1/XC884478.ogg,1
grfdov1/XC884479.ogg,1
grfdov1/XC391171.ogg,2
grfdov1/XC391170.ogg,2
grfdov1/iNat1670383.ogg,3
grfdov1/iNat247626.ogg,4
grfdov1/XC645509.ogg,1
grfdov1/XC176513.ogg,1
grfdov1/XC549793.ogg,3
grfdov1/XC549788.ogg,3
grfdov1/iNat1237397.ogg,1
grfdov1/XC560853.ogg,3
grfdov1/XC596177.ogg,2
grfdov1/XC416018.ogg,2
grfdov1/XC416017.ogg,2
grfdov1/XC416016.ogg,2
grfdov1/XC758428.ogg,1
grfdov1/XC349413.ogg,1
grfdov1/iNat799090.ogg,0
grfdov1/XC435532.ogg,2
grfdov1/XC187452.ogg,4
grfdov1/iNat1655851.ogg,2
grfdov1/XC210889.ogg,0
grfdov1/iNat347440.ogg,4
grfdov1/XC1049840.ogg,4
grfdov1/XC205702.ogg,1
grfdov1/XC1056473.ogg,3
grfdov1/iNat1291932.ogg,3
grfdov1/XC85192.ogg,1
grfdov1/XC144783.ogg,1
grfdov1/XC70862.ogg,1
grfdov1/XC1049841.ogg,4
grfdov1/XC812892.ogg,3
grfdov1/XC146313.ogg,4
grfdov1/XC555870.ogg,3
grfdov1/XC677636.ogg,2
grfdov1/XC677635.ogg,2
grfdov1/XC568506.ogg,0
grfdov1/XC463282.ogg,2
grfdov1/XC417125.ogg,2
grfdov1/XC720941.ogg,1
grfdov1/XC680233.ogg,1
grfdov1/XC993158.ogg,3
grfdov1/XC85193.ogg,1
grfdov1/XC207283.ogg,3
grfdov1/XC277068.ogg,4
grfdov1/XC455108.ogg,4
grfdov1/XC389181.ogg,4
grfdov1/XC389136.ogg,4
grfdov1/XC113790.ogg,4
grfdov1/XC1008354.ogg,3
grfdov1/XC743828.ogg,4
grfdov1/XC863904.ogg,2
grfdov1/XC863903.ogg,2
grfdov1/XC863902.ogg,2
grfdov1/XC2580.ogg,0
grfdov1/XC748127.ogg,0
grfdov1/XC748126.ogg,0
grfdov1/XC403224.ogg,3
grfdov1/XC415518.ogg,2
grfdov1/XC436077.ogg,0
grfdov1/XC422897.ogg,0
grfdov1/XC174549.ogg,2
grfdov1/XC505875.ogg,4
grfdov1/XC404589.ogg,3
grfdov1/XC549800.ogg,3
grfdov1/XC1030169.ogg,0
grfdov1/XC703633.ogg,3
grfdov1/XC301050.ogg,0
grfdov1/XC1928.ogg,0
grfdov1/XC859152.ogg,3
grfdov1/XC703632.ogg,3
grfdov1/XC264108.ogg,3
grfdov1/XC63610.ogg,1
grfdov1/XC962460.ogg,3
grfdov1/iNat142876.ogg,4
grfdov1/iNat824410.ogg,1
grfdov1/XC104.ogg,1
grfdov1/XC962459.ogg,3
grfdov1/XC122318.ogg,3
grfdov1/XC63606.ogg,1
grfdov1/XC547131.ogg,1
grfdov1/XC453561.ogg,1
grfdov1/XC702021.ogg,4
grfdov1/XC755133.ogg,2
grfdov1/XC755129.ogg,2
grfdov1/XC63609.ogg,1
grfdov1/XC63608.ogg,1
grfdov1/XC63607.ogg,1
grfdov1/XC63605.ogg,1
grfdov1/XC978441.ogg,2
grfdov1/XC685922.ogg,4
grfdov1/XC674956.ogg,4
grfdov1/XC676436.ogg,4
grfdov1/XC859153.ogg,3
grfdov1/XC536744.ogg,0
grfdov1/XC483042.ogg,3
grfdov1/XC479431.ogg,3
grfdov1/iNat514702.ogg,4
grfdov1/XC490288.ogg,3
grfdov1/XC490285.ogg,3
grfdov1/XC834196.ogg,3
grfdov1/XC490305.ogg,3
grfdov1/XC565166.ogg,3
grfdov1/XC808647.ogg,3
grfdov1/XC475431.ogg,3
grfdov1/XC514683.ogg,3
grfdov1/XC308224.ogg,1
grfdov1/XC537636.ogg,0
grfdov1/XC537634.ogg,0
grfdov1/XC536747.ogg,0
grfdov1/XC537838.ogg,0
grfdov1/XC843825.ogg,0
grfdov1/XC821812.ogg,2
grfdov1/XC1035587.ogg,2
grfdov1/XC1035554.ogg,2
grfdov1/XC1035663.ogg,2
grfdov1/XC1035719.ogg,2
grfdov1/XC1035659.ogg,2
grfdov1/XC493254.ogg,2
grfdov1/XC643347.ogg,3
grfdov1/XC769480.ogg,2
grfdov1/XC769475.ogg,2
grfdov1/XC769454.ogg,2
grfdov1/XC769400.ogg,2
grfdov1/XC118971.ogg,3
grfdov1/XC830331.ogg,2
grfdov1/XC672638.ogg,3
grfdov1/iNat1306958.ogg,2
grfdov1/XC85191.ogg,1
grfdov1/XC668404.ogg,3
grfdov1/XC705210.ogg,0
grfdov1/XC565519.ogg,0
grfdov1/XC683735.ogg,3
grfdov1/XC212978.ogg,3
grfdov1/XC409562.ogg,3
grfdov1/iNat352419.ogg,0
grfdov1/XC387118.ogg,1
grfdov1/XC238415.ogg,3
grfdov1/XC636938.ogg,3
grfdov1/XC345365.ogg,0
grfdov1/XC293713.ogg,3
grfdov1/XC274939.ogg,0
grfdov1/XC257628.ogg,4
grfdov1/XC257627.ogg,4
grfdov1/XC257626.ogg,4
grfdov1/XC276143.ogg,1
grfdov1/XC1035255.ogg,3
grfdov1/XC476145.ogg,4
grfdov1/XC475785.ogg,4
grfdov1/XC472317.ogg,4
grfdov1/XC742788.ogg,0
grfdov1/XC9345.ogg,3
grfdov1/XC519315.ogg,3
grfdov1/XC519314.ogg,3
grfdov1/XC711060.ogg,3
grfdov1/XC525582.ogg,3
grfdov1/XC689031.ogg,3
grfdov1/XC420562.ogg,2
grfdov1/XC822541.ogg,4
grfdov1/XC691287.ogg,1
grfdov1/XC624698.ogg,1
grfdov1/XC624697.ogg,1
grfdov1/XC624696.ogg,1
grfdov1/XC614009.ogg,1
grfdov1/XC549931.ogg,4
grfdov1/XC985009.ogg,4
grfdov1/XC939145.ogg,2
grfdov1/XC450827.ogg,0
grfdov1/XC928725.ogg,3
grfdov1/XC456375.ogg,4
grfdov1/XC127959.ogg,4
grfdov1/iNat1422648.ogg,4
grfdov1/XC823533.ogg,3
grfdov1/XC772803.ogg,3
grfdov1/iNat1395710.ogg,2
grfdov1/XC433379.ogg,4
grfdov1/iNat1433245.ogg,0
grfdov1/iNat1433298.ogg,0
grfdov1/iNat1433337.ogg,0
grfdov1/XC327113.ogg,4
grfdov1/XC926589.ogg,3
grfdov1/iNat789043.ogg,2
grfdov1/iNat1400824.ogg,4
grfdov1/XC244834.ogg,2
grfdov1/XC244833.ogg,2
grfdov1/XC244919.ogg,2
grfdov1/XC244944.ogg,2
grfdov1/XC244943.ogg,2
grfdov1/XC244891.ogg,2
grfdov1/XC387858.ogg,1
grfdov1/XC387875.ogg,1
grfdov1/XC439014.ogg,1
grfdov1/XC147264.ogg,4
grfdov1/iNat182780.ogg,1
grhtan1/XC497535.ogg,0
grhtan1/iNat181528.ogg,0
grhtan1/iNat181529.ogg,0
grhtan1/XC844027.ogg,3
grhtan1/XC844026.ogg,3
grhtan1/XC418901.ogg,0
grhtan1/XC461357.ogg,2
grhtan1/XC705457.ogg,0
grhtan1/XC301358.ogg,0
grhtan1/XC418900.ogg,0
grhtan1/XC854884.ogg,2
grhtan1/XC707635.ogg,0
grhtan1/XC1007455.ogg,3
grhtan1/XC863897.ogg,2
grhtan1/XC863891.ogg,2
grhtan1/XC419354.ogg,2
grhtan1/XC2214.ogg,0
grhtan1/XC206240.ogg,4
grhtan1/XC419205.ogg,2
grhtan1/XC699824.ogg,2
grhtan1/XC550400.ogg,3
grhtan1/XC286666.ogg,2
grhtan1/XC599439.ogg,2
grhtan1/XC565156.ogg,2
grhtan1/XC804028.ogg,2
grhtan1/XC446269.ogg,2
grhtan1/XC741881.ogg,2
grhtan1/XC1019668.ogg,2
grhtan1/XC963320.ogg,2
grhtan1/XC800271.ogg,2
grhtan1/XC956627.ogg,2
grhtan1/XC419208.ogg,2
grhtan1/XC602720.ogg,3
grhtan1/XC419207.ogg,2
grhtan1/XC702850.ogg,4
grhtan1/XC857491.ogg,2
grhtan1/XC1051822.ogg,2
grhtan1/XC748042.ogg,2
grhtan1/XC683007.ogg,2
grhtan1/XC780352.ogg,2
grhtan1/XC400222.ogg,4
grhtan1/XC1045586.ogg,3
grhtan1/XC174058.ogg,2
grhtan1/XC722069.ogg,2
grhtan1/XC619989.ogg,2
grhtan1/XC619987.ogg,2
grhtan1/XC573044.ogg,2
grhtan1/XC619310.ogg,2
grhtan1/XC838072.ogg,2
grhtan1/XC838070.ogg,2
grhtan1/XC158343.ogg,0
grhtan1/XC702034.ogg,4
grhtan1/XC556305.ogg,2
grhtan1/XC591991.ogg,3
grhtan1/XC593933.ogg,4
grhtan1/XC593932.ogg,4
grhtan1/XC437332.ogg,4
grhtan1/XC437036.ogg,4
grhtan1/XC119415.ogg,3
grhtan1/XC215277.ogg,1
grhtan1/XC383117.ogg,4
grhtan1/XC259721.ogg,4
grhtan1/XC259720.ogg,4
grhtan1/XC690803.ogg,3
grhtan1/XC138956.ogg,3
grhtan1/XC571081.ogg,4
grhtan1/XC571082.ogg,4
grhtan1/XC568722.ogg,4
grhtan1/XC424603.ogg,2
grhtan1/XC506988.ogg,0
grhtan1/XC506987.ogg,0
grhtan1/XC652370.ogg,3
grhtan1/XC298021.ogg,1
grhtan1/XC298016.ogg,1
grhtan1/iNat1678699.ogg,4
grhtan1/iNat1678700.ogg,4
grhtan1/iNat1678701.ogg,4
grhtan1/XC410270.ogg,1
grhtan1/XC113037.ogg,0
grhtan1/XC433640.ogg,3
grhtan1/XC424278.ogg,2
grhtan1/XC373439.ogg,2
grhtan1/XC358864.ogg,2
grhtan1/XC576452.ogg,2
grhtan1/XC373442.ogg,2
grhtan1/XC368716.ogg,2
grhtan1/XC366550.ogg,2
grhtan1/XC361409.ogg,2
grhtan1/XC358448.ogg,2
grhtan1/XC165998.ogg,4
grhtan1/XC372903.ogg,1
grhtan1/XC235751.ogg,3
grhtan1/XC522516.ogg,1
grhtan1/XC680414.ogg,0
gycwor1/iNat139379.ogg,0
gycwor1/iNat1621445.ogg,3
gycwor1/iNat1317670.ogg,0
gycwor1/iNat1317669.ogg,0
gycwor1/iNat1537446.ogg,0
gycwor1/iNat1537449.ogg,0
gycwor1/iNat818511.ogg,0
gycwor1/iNat1288203.ogg,2
gycwor1/iNat332956.ogg,2
gycwor1/iNat332957.ogg,2
gycwor1/iNat360002.ogg,3
gycwor1/XC399156.ogg,4
gycwor1/iNat1209650.ogg,0
gycwor1/iNat1643902.ogg,2
gycwor1/XC538559.ogg,2
gycwor1/iNat546158.ogg,0
gycwor1/iNat161103.ogg,4
gycwor1/iNat155271.ogg,4
gycwor1/iNat556287.ogg,2
gycwor1/XC192979.ogg,0
gycwor1/XC195322.ogg,0
gycwor1/XC195324.ogg,0
gycwor1/XC195323.ogg,0
gycwor1/iNat336217.ogg,4
gycwor1/iNat583802.ogg,4
gycwor1/iNat914140.ogg,4
gycwor1/iNat1715098.ogg,1
gycwor1/iNat1147963.ogg,4
gycwor1/iNat1685638.ogg,1
gycwor1/iNat1673379.ogg,1
gycwor1/iNat1596768.ogg,3
gycwor1/iNat22610.ogg,2
gycwor1/iNat40920.ogg,3
gycwor1/iNat907326.ogg,0
gycwor1/iNat1277490.ogg,4
gycwor1/iNat1277491.ogg,4
gycwor1/iNat1281553.ogg,4
gycwor1/iNat1284420.ogg,4
gycwor1/iNat1231408.ogg,3
gycwor1/iNat520488.ogg,3
gycwor1/XC289726.ogg,0
gycwor1/iNat180995.ogg,4
gycwor1/iNat577839.ogg,4
gycwor1/iNat915432.ogg,4
gycwor1/XC48491.ogg,3
gycwor1/iNat40818.ogg,3
gycwor1/iNat577748.ogg,4
gycwor1/iNat1642287.ogg,1
gycwor1/iNat577034.ogg,4
gycwor1/XC905684.ogg,1
gycwor1/XC778020.ogg,1
gycwor1/XC825497.ogg,4
gycwor1/iNat589108.ogg,2
gycwor1/XC824901.ogg,4
gycwor1/iNat57809.ogg,2
gycwor1/iNat370834.ogg,3
gycwor1/XC213843.ogg,3
gycwor1/XC252699.ogg,3
gycwor1/XC146828.ogg,1
gycwor1/iNat339809.ogg,2
gycwor1/XC84887.ogg,1
gycwor1/iNat1613565.ogg,4
gycwor1/XC174747.ogg,2
gycwor1/iNat1223452.ogg,2
gycwor1/iNat1035247.ogg,4
gycwor1/XC343067.ogg,1
gycwor1/iNat559557.ogg,4
gycwor1/iNat479659.ogg,4
gycwor1/XC172856.ogg,2
gycwor1/XC193644.ogg,3
gycwor1/iNat557137.ogg,2
gycwor1/iNat563327.ogg,2
gycwor1/iNat842159.ogg,2
gycwor1/iNat785378.ogg,2
gycwor1/iNat896841.ogg,2
gycwor1/iNat78182.ogg,2
gycwor1/XC703161.ogg,1
gycwor1/XC84886.ogg,1
gycwor1/XC943585.ogg,3
gycwor1/XC815370.ogg,4
gycwor1/XC815369.ogg,4
gycwor1/iNat1675869.ogg,4
gycwor1/XC346222.ogg,4
gycwor1/XC291536.ogg,3
gycwor1/XC772289.ogg,0
gycwor1/XC772156.ogg,3
gycwor1/XC812256.ogg,4
gycwor1/XC336670.ogg,1
gycwor1/XC336680.ogg,1
gycwor1/XC472201.ogg,3
gycwor1/iNat937803.ogg,2
gycwor1/XC48498.ogg,4
gycwor1/iNat1706707.ogg,0
gycwor1/XC165374.ogg,1
gycwor1/iNat1505499.ogg,4
gycwor1/XC483682.ogg,4
gycwor1/XC144732.ogg,1
gycwor1/iNat811642.ogg,4
gycwor1/iNat831485.ogg,0
gycwor1/iNat340689.ogg,0
gycwor1/XC356082.ogg,0
gycwor1/XC726707.ogg,2
gycwor1/iNat1708525.ogg,2
gycwor1/iNat1189744.ogg,1
gycwor1/iNat1560717.ogg,4
gycwor1/iNat531495.ogg,4
gycwor1/iNat1683985.ogg,4
gycwor1/XC177586.ogg,1
gycwor1/XC601737.ogg,3
gycwor1/XC590079.ogg,3
gycwor1/iNat816375.ogg,1
gycwor1/XC429193.ogg,1
gycwor1/XC395773.ogg,1
gycwor1/iNat549110.ogg,0
gycwor1/XC659471.ogg,3
gycwor1/XC659463.ogg,3
gycwor1/iNat960580.ogg,3
gycwor1/iNat960583.ogg,3
gycwor1/iNat1255088.ogg,4
gycwor1/iNat331052.ogg,3
gycwor1/iNat953460.ogg,4
gycwor1/iNat953471.ogg,4
gycwor1/iNat437503.ogg,0
gycwor1/XC352281.ogg,1
gycwor1/iNat586101.ogg,4
gycwor1/iNat1480180.ogg,4
gycwor1/XC130853.ogg,3
gycwor1/XC291470.ogg,4
gycwor1/XC113197.ogg,4
gycwor1/XC185714.ogg,0
gycwor1/XC52618.ogg,3
gycwor1/XC52619.ogg,3
gycwor1/XC143400.ogg,3
gycwor1/XC286487.ogg,4
gycwor1/iNat873799.ogg,2
gycwor1/XC704150.ogg,0
gycwor1/XC185717.ogg,0
gycwor1/iNat1594836.ogg,4
gycwor1/XC744103.ogg,4
gycwor1/iNat597295.ogg,0
gycwor1/iNat1378299.ogg,4
gycwor1/iNat1450355.ogg,4
gycwor1/iNat686931.ogg,2
gycwor1/XC1064340.ogg,3
gycwor1/XC1018068.ogg,3
gycwor1/XC216181.ogg,4
gycwor1/XC184566.ogg,1
gycwor1/iNat309562.ogg,0
gycwor1/iNat529775.ogg,0
gycwor1/XC285288.ogg,3
gycwor1/iNat1572820.ogg,1
gycwor1/iNat1468951.ogg,1
gycwor1/iNat478750.ogg,0
gycwor1/iNat573456.ogg,1
gycwor1/XC343338.ogg,1
gycwor1/XC1017627.ogg,3
gycwor1/iNat1431496.ogg,2
gycwor1/iNat1346486.ogg,4
gycwor1/iNat805078.ogg,4
gycwor1/XC1044374.ogg,1
gycwor1/XC1018661.ogg,1
gycwor1/XC296359.ogg,0
gycwor1/iNat49486.ogg,3
gycwor1/XC813085.ogg,2
gycwor1/XC711280.ogg,2
gycwor1/XC720688.ogg,3
gycwor1/XC720686.ogg,3
gycwor1/XC720683.ogg,3
gycwor1/XC654345.ogg,3
gycwor1/XC534110.ogg,2
gycwor1/iNat1692847.ogg,2
gycwor1/XC501765.ogg,2
gycwor1/XC510640.ogg,1
gycwor1/XC454949.ogg,2
gycwor1/XC454948.ogg,2
gycwor1/XC455602.ogg,2
gycwor1/XC599511.ogg,2
gycwor1/XC447231.ogg,2
gycwor1/XC872676.ogg,2
gycwor1/XC1005731.ogg,2
gycwor1/XC713688.ogg,2
gycwor1/XC552793.ogg,2
gycwor1/XC834032.ogg,3
gycwor1/iNat818521.ogg,3
gycwor1/iNat818985.ogg,3
gycwor1/XC814863.ogg,2
gycwor1/XC312553.ogg,2
gycwor1/iNat890360.ogg,0
gycwor1/XC832913.ogg,2
gycwor1/XC706967.ogg,2
gycwor1/iNat698968.ogg,1
gycwor1/iNat689916.ogg,2
gycwor1/XC153971.ogg,1
gycwor1/iNat1620374.ogg,3
gycwor1/iNat686764.ogg,2
gycwor1/iNat333215.ogg,4
gycwor1/iNat783410.ogg,0
gycwor1/iNat191587.ogg,4
gycwor1/XC934130.ogg,3
gycwor1/iNat1525854.ogg,1
gycwor1/iNat1577307.ogg,1
gycwor1/XC908741.ogg,2
gycwor1/XC421612.ogg,2
gycwor1/XC613991.ogg,2
gycwor1/XC864686.ogg,3
gycwor1/XC864684.ogg,3
gycwor1/XC864685.ogg,3
gycwor1/XC709903.ogg,3
gycwor1/XC709900.ogg,3
gycwor1/XC709902.ogg,3
gycwor1/XC709901.ogg,3
gycwor1/XC1012395.ogg,4
gycwor1/XC965992.ogg,3
gycwor1/XC100.ogg,1
gycwor1/XC440959.ogg,2
gycwor1/XC63130.ogg,1
gycwor1/XC2451.ogg,0
gycwor1/XC9535.ogg,3
gycwor1/XC878750.ogg,3
gycwor1/XC151907.ogg,3
gycwor1/XC391195.ogg,1
gycwor1/iNat1648380.ogg,2
gycwor1/iNat1591913.ogg,3
gycwor1/XC417324.ogg,0
gycwor1/iNat1552062.ogg,4
gycwor1/iNat1552070.ogg,4
gycwor1/XC435850.ogg,3
gycwor1/XC834184.ogg,3
gycwor1/XC475416.ogg,3
gycwor1/XC218124.ogg,1
gycwor1/XC119229.ogg,3
gycwor1/XC209358.ogg,1
gycwor1/XC789356.ogg,1
gycwor1/XC1045094.ogg,2
gycwor1/XC843813.ogg,0
gycwor1/iNat193270.ogg,3
gycwor1/iNat196104.ogg,3
gycwor1/iNat196111.ogg,3
gycwor1/iNat1269781.ogg,4
gycwor1/XC361716.ogg,4
gycwor1/iNat948639.ogg,4
gycwor1/iNat971007.ogg,4
gycwor1/iNat971008.ogg,4
gycwor1/iNat971009.ogg,4
gycwor1/iNat971263.ogg,4
gycwor1/XC817098.ogg,2
gycwor1/XC768811.ogg,2
gycwor1/XC769529.ogg,2
gycwor1/XC769464.ogg,2
gycwor1/iNat785620.ogg,0
gycwor1/iNat1250123.ogg,0
gycwor1/iNat1569899.ogg,0
gycwor1/iNat1624903.ogg,0
gycwor1/XC206719.ogg,3
gycwor1/iNat1434935.ogg,3
gycwor1/XC1005824.ogg,3
gycwor1/XC358765.ogg,0
gycwor1/XC209080.ogg,1
gycwor1/XC854719.ogg,0
gycwor1/XC491670.ogg,4
gycwor1/XC783030.ogg,3
gycwor1/XC427083.ogg,2
gycwor1/iNat1577300.ogg,4
gycwor1/iNat162083.ogg,4
gycwor1/XC188520.ogg,1
gycwor1/iNat888968.ogg,0
gycwor1/iNat884539.ogg,3
gycwor1/iNat839314.ogg,2
gycwor1/XC900033.ogg,1
gycwor1/XC238010.ogg,3
gycwor1/iNat286120.ogg,1
gycwor1/XC274929.ogg,0
gycwor1/XC275734.ogg,1
gycwor1/XC346167.ogg,1
gycwor1/XC274932.ogg,0
gycwor1/XC191816.ogg,3
gycwor1/XC257449.ogg,4
gycwor1/XC257448.ogg,4
gycwor1/XC257447.ogg,4
gycwor1/XC827039.ogg,1
gycwor1/XC353721.ogg,0
gycwor1/XC9284.ogg,3
gycwor1/XC519069.ogg,3
gycwor1/XC689036.ogg,3
gycwor1/XC939764.ogg,2
gycwor1/XC148341.ogg,3
gycwor1/XC589600.ogg,1
gycwor1/XC691628.ogg,3
gycwor1/XC355920.ogg,0
gycwor1/XC946029.ogg,4
gycwor1/iNat1724472.ogg,4
gycwor1/iNat607445.ogg,0
gycwor1/iNat771962.ogg,0
gycwor1/iNat929052.ogg,0
gycwor1/iNat831178.ogg,0
gycwor1/XC895302.ogg,3
gycwor1/XC570885.ogg,4
gycwor1/XC552697.ogg,4
gycwor1/XC428323.ogg,4
gycwor1/iNat72300.ogg,4
gycwor1/iNat517740.ogg,3
gycwor1/XC513245.ogg,0
gycwor1/XC573316.ogg,2
gycwor1/iNat227195.ogg,2
gycwor1/XC246437.ogg,3
gycwor1/XC771601.ogg,0
gycwor1/XC529440.ogg,3
gycwor1/XC582911.ogg,4
gycwor1/XC437697.ogg,0
gycwor1/iNat1556536.ogg,1
gycwor1/XC524366.ogg,2
gycwor1/XC374401.ogg,0
gycwor1/XC374402.ogg,0
gycwor1/XC771672.ogg,0
gycwor1/iNat565886.ogg,3
gycwor1/XC320351.ogg,4
gycwor1/XC326985.ogg,4
gycwor1/iNat1561801.ogg,3
gycwor1/XC157662.ogg,3
gycwor1/iNat1550575.ogg,0
gycwor1/XC825884.ogg,3
gycwor1/XC524434.ogg,1
gycwor1/XC245163.ogg,3
gycwor1/iNat867402.ogg,1
gycwor1/XC433472.ogg,0
gycwor1/XC547156.ogg,1
gycwor1/XC197443.ogg,4
gycwor1/XC463620.ogg,2
gycwor1/XC335167.ogg,4
gycwor1/XC618306.ogg,1
gycwor1/XC348169.ogg,2
gycwor1/XC947694.ogg,2
gycwor1/XC649400.ogg,2
gycwor1/iNat1422799.ogg,2
gycwor1/iNat1328756.ogg,4
gycwor1/iNat535115.ogg,3
gycwor1/iNat918095.ogg,3
gycwor1/iNat1256277.ogg,4
gycwor1/iNat822167.ogg,3
gycwor1/iNat822168.ogg,3
gycwor1/XC402549.ogg,3
gycwor1/iNat437751.ogg,3
gycwor1/iNat76198.ogg,4
gycwor1/XC367580.ogg,2
gycwor1/XC490031.ogg,3
gycwor1/iNat149406.ogg,4
gycwor1/iNat155674.ogg,2
gycwor1/iNat155664.ogg,4
gycwor1/iNat936791.ogg,3
gycwor1/XC115280.ogg,2
gycwor1/XC602976.ogg,2
gycwor1/XC602372.ogg,2
gycwor1/XC599269.ogg,2
gycwor1/XC599267.ogg,2
gycwor1/XC561628.ogg,2
gycwor1/iNat620708.ogg,2
gycwor1/XC862021.ogg,4
gycwor1/iNat1341823.ogg,3
gycwor1/iNat1358007.ogg,3
gycwor1/iNat525372.ogg,1
gycwor1/XC193533.ogg,0
gycwor1/iNat1255727.ogg,2
gycwor1/iNat1201584.ogg,2
gycwor1/iNat1306065.ogg,2
gycwor1/iNat343827.ogg,2
gycwor1/iNat292629.ogg,1
gycwor1/XC558016.ogg,2
gycwor1/XC557997.ogg,2
gycwor1/XC557993.ogg,2
gycwor1/XC557986.ogg,2
gycwor1/XC558002.ogg,2
gycwor1/XC557980.ogg,2
gycwor1/XC550368.ogg,2
gycwor1/XC358320.ogg,2
gycwor1/XC540875.ogg,2
gycwor1/iNat1356062.ogg,4
gycwor1/XC410785.ogg,2
gycwor1/XC410784.ogg,2
gycwor1/iNat1167705.ogg,4
gycwor1/iNat870838.ogg,4
gycwor1/iNat251293.ogg,1
gycwor1/iNat1698132.ogg,4
gycwor1/iNat1698145.ogg,4
gycwor1/iNat677696.ogg,4
gycwor1/iNat934702.ogg,3
gycwor1/iNat1719197.ogg,2
gycwor1/XC636401.ogg,2
gycwor1/iNat222868.ogg,2
gycwor1/iNat167471.ogg,2
gycwor1/iNat1612464.ogg,2
gycwor1/iNat172700.ogg,2
gycwor1/XC278669.ogg,3
gycwor1/iNat1563547.ogg,2
gycwor1/XC702440.ogg,1
gycwor1/iNat171427.ogg,0
gycwor1/iNat171529.ogg,0
gycwor1/iNat171530.ogg,0
gycwor1/XC500144.ogg,1
gycwor1/iNat1255255.ogg,4
gycwor1/XC589805.ogg,4
gycwor1/iNat1009772.ogg,2
gycwor1/iNat531662.ogg,3
gycwor1/XC200146.ogg,0
gycwor1/XC200144.ogg,0
gycwor1/XC694756.ogg,4
gycwor1/XC418185.ogg,3
gycwor1/XC125466.ogg,4
gycwor1/XC118412.ogg,4
gycwor1/iNat127666.ogg,0
gycwor1/iNat127869.ogg,0
gycwor1/iNat1071931.ogg,3
gycwor1/iNat1683695.ogg,2
gycwor1/XC353054.ogg,2
gycwor1/iNat228012.ogg,3
gycwor1/iNat228036.ogg,3
gycwor1/XC460313.ogg,2
gycwor1/XC370246.ogg,1
gycwor1/iNat1139849.ogg,2
gycwor1/iNat923855.ogg,2
gycwor1/iNat602673.ogg,3
gycwor1/XC579209.ogg,4
gycwor1/XC531455.ogg,1
gycwor1/iNat107607.ogg,1
gycwor1/iNat361799.ogg,3
gycwor1/XC453806.ogg,1
gycwor1/iNat695961.ogg,0
gycwor1/XC130393.ogg,1
gycwor1/iNat606009.ogg,2
gycwor1/iNat607049.ogg,2
gycwor1/iNat886867.ogg,2
gycwor1/iNat806344.ogg,2
gycwor1/XC8226.ogg,3
gycwor1/iNat570158.ogg,0
gycwor1/XC56954.ogg,3
gycwor1/XC588311.ogg,1
gycwor1/XC582524.ogg,1
horscr1/XC306035.ogg,1
horscr1/XC695435.ogg,4
horscr1/XC414729.ogg,2
horscr1/XC424976.ogg,2
horscr1/iNat177731.ogg,0
horscr1/XC587179.ogg,3
horscr1/XC732941.ogg,1
horscr1/iNat740495.ogg,0
horscr1/iNat869771.ogg,0
horscr1/iNat1689566.ogg,2
horscr1/XC1008340.ogg,3
horscr1/XC705449.ogg,0
horscr1/XC301350.ogg,0
horscr1/iNat1275071.ogg,2
horscr1/iNat773066.ogg,0
horscr1/XC708651.ogg,0
horscr1/XC708649.ogg,0
horscr1/XC724899.ogg,1
horscr1/XC724898.ogg,1
horscr1/XC674931.ogg,2
horscr1/XC626249.ogg,2
horscr1/XC504228.ogg,2
horscr1/XC401621.ogg,2
horscr1/XC743239.ogg,2
horscr1/XC800084.ogg,2
horscr1/XC280238.ogg,2
horscr1/XC216994.ogg,2
horscr1/XC216993.ogg,2
horscr1/XC772529.ogg,2
horscr1/XC772525.ogg,2
horscr1/XC706968.ogg,2
horscr1/XC602738.ogg,3
horscr1/XC862333.ogg,3
horscr1/XC837890.ogg,2
horscr1/XC837873.ogg,2
horscr1/XC837868.ogg,2
horscr1/XC543857.ogg,1
horscr1/XC543855.ogg,1
horscr1/XC682127.ogg,3
horscr1/XC965105.ogg,3
horscr1/XC453568.ogg,1
horscr1/XC128146.ogg,1
horscr1/XC195221.ogg,0
horscr1/XC74693.ogg,1
horscr1/XC63121.ogg,1
horscr1/XC146794.ogg,2
horscr1/XC146793.ogg,2
horscr1/XC782552.ogg,3
horscr1/XC816905.ogg,2
horscr1/XC1034546.ogg,2
horscr1/XC656925.ogg,1
horscr1/XC427069.ogg,2
horscr1/XC427068.ogg,2
horscr1/XC329860.ogg,2
horscr1/XC817043.ogg,2
horscr1/iNat1685360.ogg,3
horscr1/iNat1685357.ogg,3
horscr1/iNat1688517.ogg,3
horscr1/XC296579.ogg,4
horscr1/XC296578.ogg,4
horscr1/iNat146330.ogg,4
horscr1/XC665576.ogg,4
horscr1/XC665573.ogg,4
horscr1/XC929665.ogg,3
horscr1/XC729225.ogg,0
horscr1/XC118661.ogg,3
horscr1/iNat858620.ogg,3
horscr1/XC325541.ogg,3
horscr1/XC257262.ogg,4
horscr1/iNat1590642.ogg,1
horscr1/iNat1618454.ogg,2
horscr1/XC601740.ogg,0
horscr1/XC601739.ogg,0
horscr1/XC257265.ogg,4
horscr1/XC237984.ogg,3
horscr1/XC237983.ogg,3
horscr1/XC357725.ogg,3
horscr1/XC257264.ogg,4
horscr1/XC257261.ogg,4
horscr1/XC257263.ogg,4
horscr1/XC237982.ogg,3
horscr1/XC690834.ogg,3
horscr1/XC690817.ogg,3
horscr1/XC616235.ogg,1
horscr1/XC614561.ogg,1
horscr1/XC614563.ogg,1
horscr1/XC825538.ogg,4
horscr1/XC741799.ogg,3
horscr1/XC120287.ogg,2
horscr1/XC117749.ogg,4
horscr1/XC117743.ogg,4
horscr1/XC1032493.ogg,3
horscr1/XC1059033.ogg,4
horscr1/XC1005734.ogg,3
horscr1/XC1005733.ogg,3
horscr1/XC148075.ogg,3
horscr1/XC245439.ogg,3
horscr1/XC245440.ogg,3
horscr1/XC148072.ogg,3
horscr1/XC439454.ogg,1
horscr1/XC190040.ogg,4
horscr1/XC190042.ogg,4
houspa/iNat709328.ogg,4
houspa/iNat412789.ogg,1
houspa/XC328157.ogg,1
houspa/iNat921893.ogg,0
houspa/XC952608.ogg,3
houspa/iNat1660647.ogg,2
houspa/iNat1379873.ogg,4
houspa/iNat755279.ogg,3
houspa/iNat1181449.ogg,1
houspa/XC475444.ogg,3
houspa/iNat137119.ogg,2
houspa/iNat981017.ogg,3
houspa/iNat1685373.ogg,1
houspa/iNat343416.ogg,4
houspa/XC498493.ogg,0
houspa/iNat1003848.ogg,2
houspa/iNat1729310.ogg,1
houspa/iNat228148.ogg,0
houspa/iNat1542958.ogg,1
houspa/iNat1714563.ogg,1
houspa/iNat1395654.ogg,4
houspa/iNat628297.ogg,1
houspa/XC129573.ogg,2
houspa/iNat75283.ogg,3
houspa/XC821004.ogg,4
houspa/iNat1368338.ogg,0
houspa/iNat405806.ogg,3
houspa/iNat721674.ogg,4
houspa/iNat1033766.ogg,3
houspa/iNat933791.ogg,4
houspa/iNat1439476.ogg,3
houspa/iNat1120741.ogg,0
houspa/iNat623103.ogg,0
houspa/iNat1018099.ogg,4
houspa/iNat679089.ogg,4
houspa/iNat856837.ogg,2
houspa/iNat207260.ogg,4
houspa/iNat702913.ogg,4
houspa/XC260309.ogg,4
houspa/XC357671.ogg,1
houspa/iNat609696.ogg,3
houspa/iNat1542445.ogg,4
houspa/iNat505705.ogg,2
houspa/iNat1021998.ogg,0
houspa/iNat590033.ogg,2
houspa/iNat1202458.ogg,3
houspa/XC469947.ogg,4
houspa/iNat849843.ogg,4
houspa/iNat1250706.ogg,0
houspa/iNat442569.ogg,4
houspa/iNat139919.ogg,3
houspa/iNat644619.ogg,4
houspa/XC696748.ogg,1
houspa/iNat1593817.ogg,3
houspa/iNat182286.ogg,0
houspa/iNat1191117.ogg,1
houspa/iNat946482.ogg,0
houspa/iNat1398713.ogg,4
houspa/XC977863.ogg,1
houspa/XC133262.ogg,2
houspa/iNat1651003.ogg,2
houspa/iNat1394536.ogg,0
houspa/iNat1666148.ogg,4
houspa/iNat653133.ogg,3
houspa/iNat796865.ogg,0
houspa/iNat1335844.ogg,3
houspa/iNat505446.ogg,0
houspa/XC474816.ogg,0
houspa/iNat1081270.ogg,4
houspa/iNat1318273.ogg,4
houspa/XC695471.ogg,3
houspa/XC527399.ogg,1
houspa/iNat215881.ogg,0
houspa/XC392771.ogg,3
houspa/iNat941039.ogg,0
houspa/iNat1005246.ogg,4
houspa/XC641189.ogg,4
houspa/iNat678284.ogg,4
houspa/XC775840.ogg,0
houspa/iNat1409352.ogg,2
houspa/iNat989541.ogg,2
houspa/iNat981700.ogg,4
houspa/iNat1017375.ogg,0
houspa/iNat753039.ogg,3
houspa/iNat1364301.ogg,1
houspa/iNat341883.ogg,4
houspa/XC641472.ogg,2
houspa/iNat1103012.ogg,0
houspa/iNat882158.ogg,3
houspa/XC527801.ogg,0
houspa/iNat1721096.ogg,0
houspa/iNat675035.ogg,1
houspa/iNat256751.ogg,2
houspa/iNat1322154.ogg,4
houspa/XC973993.ogg,4
houspa/iNat501819.ogg,2
houspa/iNat469391.ogg,1
houspa/iNat1441429.ogg,4
houspa/iNat1551547.ogg,4
houspa/XC418161.ogg,2
houspa/iNat1303881.ogg,2
houspa/iNat70396.ogg,4
houspa/iNat1430695.ogg,4
houspa/iNat544318.ogg,1
houspa/iNat732709.ogg,3
houspa/iNat935753.ogg,1
houspa/iNat665592.ogg,1
houspa/XC172822.ogg,3
houspa/iNat411345.ogg,4
houspa/iNat1269736.ogg,4
houspa/iNat287960.ogg,4
houspa/iNat1023463.ogg,2
houspa/iNat1577290.ogg,2
houspa/iNat1317322.ogg,3
houspa/iNat1395843.ogg,0
houspa/XC530698.ogg,0
houspa/iNat1328729.ogg,2
houspa/iNat1301690.ogg,0
houspa/iNat1226715.ogg,2
houspa/iNat995952.ogg,0
houspa/iNat353132.ogg,0
houspa/iNat1732671.ogg,0
houspa/iNat593995.ogg,3
houspa/iNat31408.ogg,3
houspa/iNat1282035.ogg,0
houspa/iNat267244.ogg,0
houspa/iNat1397767.ogg,2
houspa/iNat1512573.ogg,0
houspa/iNat1362595.ogg,3
houspa/iNat81844.ogg,4
houspa/iNat637351.ogg,0
houspa/iNat903559.ogg,4
houspa/iNat386642.ogg,0
houspa/iNat243329.ogg,2
houspa/XC998178.ogg,3
houspa/iNat768970.ogg,1
houspa/XC376730.ogg,4
houspa/iNat1417357.ogg,4
houspa/XC741845.ogg,1
houspa/iNat1676113.ogg,0
houspa/iNat777071.ogg,4
houspa/iNat339012.ogg,0
houspa/iNat1736632.ogg,1
houspa/XC563091.ogg,1
houspa/iNat957832.ogg,4
houspa/iNat376538.ogg,1
houspa/iNat728404.ogg,1
houspa/iNat1265070.ogg,1
houspa/iNat723876.ogg,4
houspa/XC709860.ogg,0
houspa/iNat1630222.ogg,0
houspa/iNat1058900.ogg,3
houspa/iNat1468434.ogg,2
houspa/XC431685.ogg,1
houspa/iNat672437.ogg,1
houspa/iNat593136.ogg,3
houspa/iNat1441584.ogg,4
houspa/iNat552239.ogg,1
houspa/iNat1503016.ogg,3
houspa/iNat199904.ogg,2
houspa/iNat1299614.ogg,3
houspa/XC644556.ogg,4
houspa/iNat901985.ogg,3
houspa/iNat1376988.ogg,0
houspa/iNat209349.ogg,0
houspa/iNat744421.ogg,4
houspa/iNat962378.ogg,4
houspa/iNat1405878.ogg,1
houspa/iNat1321989.ogg,0
houspa/iNat578533.ogg,2
houspa/iNat349281.ogg,4
houspa/iNat1669952.ogg,1
houspa/XC282806.ogg,2
houspa/iNat70272.ogg,4
houspa/iNat1391244.ogg,0
houspa/iNat1195827.ogg,4
houspa/iNat1099914.ogg,2
houspa/iNat17435.ogg,3
houspa/iNat663904.ogg,2
houspa/XC570011.ogg,4
houspa/iNat363405.ogg,3
houspa/XC701363.ogg,0
houspa/iNat415192.ogg,0
houspa/iNat1406027.ogg,0
houspa/iNat1523096.ogg,2
houspa/iNat955128.ogg,3
houspa/XC583066.ogg,4
houspa/XC367473.ogg,3
houspa/iNat498478.ogg,1
houspa/XC288403.ogg,4
houspa/XC788183.ogg,1
houspa/iNat1583013.ogg,0
houspa/iNat951691.ogg,0
houspa/iNat1229839.ogg,0
houspa/iNat1406050.ogg,1
houspa/iNat813622.ogg,0
houspa/iNat1200090.ogg,3
houspa/XC263859.ogg,2
houspa/iNat1532478.ogg,1
houspa/iNat678824.ogg,3
houspa/XC897181.ogg,3
houspa/XC650350.ogg,4
houspa/iNat678300.ogg,0
houspa/iNat389089.ogg,4
houspa/iNat28545.ogg,4
houspa/iNat429337.ogg,1
houspa/iNat509247.ogg,4
houspa/iNat1220902.ogg,0
houspa/iNat1586869.ogg,2
houspa/iNat1722740.ogg,2
houspa/iNat1025601.ogg,2
houspa/XC322518.ogg,1
houspa/iNat1281103.ogg,4
houspa/iNat502634.ogg,0
houspa/iNat1016528.ogg,3
houspa/iNat714060.ogg,4
houspa/iNat1653162.ogg,2
houspa/iNat439390.ogg,4
houspa/XC697261.ogg,0
houspa/XC178337.ogg,2
houspa/iNat648732.ogg,1
houspa/iNat1014644.ogg,4
houspa/iNat1363165.ogg,0
houspa/XC264025.ogg,1
houspa/iNat861769.ogg,4
houspa/XC326991.ogg,2
houspa/iNat915256.ogg,2
houspa/XC643517.ogg,4
houspa/iNat200228.ogg,1
houspa/iNat395248.ogg,3
houspa/iNat409684.ogg,4
houspa/iNat926899.ogg,2
houspa/XC669835.ogg,3
houspa/XC557351.ogg,3
houspa/iNat254716.ogg,1
houspa/iNat34444.ogg,0
houspa/iNat893151.ogg,0
houspa/iNat1136280.ogg,2
houspa/iNat1098320.ogg,1
houspa/iNat328516.ogg,2
houspa/iNat1281858.ogg,2
houspa/iNat1150859.ogg,1
houspa/XC811636.ogg,1
houspa/iNat1550627.ogg,2
houspa/iNat406165.ogg,2
houspa/XC620829.ogg,3
houspa/iNat990606.ogg,4
houspa/XC629852.ogg,3
houspa/iNat294328.ogg,3
houspa/iNat1375555.ogg,0
houspa/XC402128.ogg,2
houspa/iNat1362082.ogg,3
houspa/iNat406756.ogg,0
houspa/iNat978488.ogg,1
houspa/iNat710236.ogg,1
houspa/iNat443980.ogg,1
houspa/iNat1386572.ogg,4
houspa/iNat258237.ogg,4
houspa/iNat300573.ogg,4
houspa/XC951117.ogg,2
houspa/iNat1247524.ogg,0
houspa/iNat360930.ogg,2
houspa/iNat728035.ogg,4
houspa/iNat926159.ogg,1
houspa/XC303329.ogg,3
houspa/XC699741.ogg,2
houspa/XC306629.ogg,2
houspa/iNat943556.ogg,0
houspa/iNat251864.ogg,4
houspa/iNat613464.ogg,0
houspa/iNat991150.ogg,3
houspa/iNat209657.ogg,3
houspa/iNat678425.ogg,1
houspa/iNat790155.ogg,0
houspa/iNat485837.ogg,4
houspa/iNat943590.ogg,2
houspa/iNat822894.ogg,3
houspa/iNat552637.ogg,1
houspa/iNat880892.ogg,2
houspa/iNat211196.ogg,0
houspa/iNat1420975.ogg,3
houspa/XC657599.ogg,0
houspa/XC846054.ogg,0
houspa/XC381851.ogg,2
houspa/iNat57424.ogg,0
houspa/iNat903527.ogg,3
houspa/iNat1286114.ogg,2
houspa/iNat1074542.ogg,0
houspa/XC815532.ogg,1
houspa/iNat968476.ogg,3
houspa/iNat424740.ogg,1
houspa/XC553005.ogg,1
houspa/XC756095.ogg,2
houspa/iNat1135883.ogg,2
houspa/iNat163473.ogg,2
houspa/iNat50845.ogg,4
houspa/iNat754256.ogg,4
houspa/iNat19684.ogg,2
houspa/iNat1399709.ogg,4
houspa/iNat951925.ogg,1
houspa/XC582298.ogg,3
houspa/iNat346027.ogg,3
houspa/iNat467043.ogg,3
houspa/iNat1270979.ogg,4
houspa/XC618348.ogg,2
houspa/iNat1057953.ogg,4
houspa/XC546263.ogg,3
houspa/iNat505594.ogg,2
houspa/iNat577705.ogg,4
houspa/iNat1430160.ogg,0
houspa/iNat1054025.ogg,4
houspa/iNat1287161.ogg,2
houspa/XC436308.ogg,2
houspa/iNat268110.ogg,0
houspa/XC347366.ogg,1
houspa/iNat430500.ogg,4
houspa/iNat1593763.ogg,4
houspa/XC901050.ogg,2
houspa/iNat1558777.ogg,4
houspa/iNat161528.ogg,0
houspa/iNat127431.ogg,4
houspa/iNat1015815.ogg,4
houspa/iNat679030.ogg,3
houspa/iNat1304457.ogg,4
houspa/iNat1684981.ogg,0
houspa/iNat1685367.ogg,4
houspa/iNat1361215.ogg,2
houspa/XC1047601.ogg,4
houspa/iNat625289.ogg,3
houspa/iNat1123600.ogg,2
houspa/iNat1532621.ogg,3
houspa/iNat1271641.ogg,1
houspa/iNat756667.ogg,2
houspa/iNat1284719.ogg,3
houspa/iNat1067784.ogg,2
houspa/iNat1569993.ogg,0
houspa/XC557012.ogg,3
houspa/XC544305.ogg,3
houspa/XC122553.ogg,1
houspa/iNat1415480.ogg,3
houspa/iNat1732450.ogg,0
houspa/iNat394290.ogg,4
houspa/iNat1114279.ogg,3
houspa/iNat75330.ogg,2
houspa/iNat1370447.ogg,1
houspa/iNat364859.ogg,4
houspa/iNat18579.ogg,4
houspa/iNat1080976.ogg,0
houspa/XC837396.ogg,0
houspa/XC913342.ogg,4
houspa/iNat1621812.ogg,2
houspa/XC474814.ogg,0
houspa/iNat348673.ogg,1
houspa/iNat425592.ogg,4
houspa/iNat491416.ogg,1
houspa/iNat217689.ogg,4
houspa/XC575359.ogg,3
houspa/iNat581211.ogg,3
houspa/iNat1073919.ogg,1
houspa/iNat623304.ogg,3
houspa/iNat1718002.ogg,3
houspa/iNat1731791.ogg,2
houspa/iNat558741.ogg,1
houspa/iNat907615.ogg,3
houspa/iNat343304.ogg,3
houspa/XC801548.ogg,4
houspa/iNat886834.ogg,4
houspa/iNat568357.ogg,0
houspa/iNat264265.ogg,4
houspa/iNat973794.ogg,0
houspa/iNat206180.ogg,0
houspa/XC861693.ogg,2
houspa/iNat431402.ogg,0
houspa/iNat1244468.ogg,2
houspa/XC345826.ogg,1
houspa/iNat408728.ogg,3
houspa/iNat946064.ogg,3
houspa/iNat1307600.ogg,0
houspa/iNat1484571.ogg,0
houspa/iNat1680712.ogg,2
houspa/iNat909414.ogg,1
houspa/iNat363549.ogg,2
houspa/iNat1006127.ogg,1
houspa/XC679872.ogg,2
houspa/iNat264243.ogg,4
houspa/iNat1305965.ogg,0
houspa/XC449167.ogg,3
houspa/iNat1316764.ogg,4
houspa/iNat872358.ogg,3
houspa/iNat578700.ogg,4
houspa/iNat590161.ogg,4
houspa/iNat1012622.ogg,4
houspa/iNat1622868.ogg,0
houspa/iNat487118.ogg,3
houspa/iNat1146681.ogg,2
houspa/iNat1674743.ogg,4
houspa/iNat1706189.ogg,4
houspa/XC313075.ogg,0
houspa/iNat712654.ogg,0
houspa/iNat107092.ogg,4
houspa/XC983499.ogg,2
houspa/iNat853052.ogg,0
houspa/XC570608.ogg,0
houspa/iNat876675.ogg,2
houspa/iNat337895.ogg,0
houspa/iNat1542595.ogg,1
houspa/iNat628067.ogg,2
houspa/iNat1109081.ogg,0
houspa/iNat464631.ogg,3
houspa/iNat420680.ogg,4
houspa/XC651792.ogg,1
houspa/iNat1055234.ogg,3
houspa/XC807192.ogg,4
houspa/iNat1642031.ogg,1
houspa/iNat915138.ogg,3
houspa/iNat944927.ogg,3
houspa/iNat366298.ogg,2
houspa/XC310563.ogg,2
houspa/iNat892299.ogg,0
houspa/XC697951.ogg,4
houspa/iNat660889.ogg,0
houspa/XC818671.ogg,2
houspa/XC1070372.ogg,2
houspa/iNat517610.ogg,3
houspa/iNat422148.ogg,0
houspa/iNat1561597.ogg,1
houspa/XC704130.ogg,2
houspa/iNat455225.ogg,1
houspa/iNat947411.ogg,4
houspa/iNat997873.ogg,4
houspa/iNat682765.ogg,4
houspa/iNat1253531.ogg,0
houspa/XC777636.ogg,0
houspa/iNat966924.ogg,4
houspa/XC694098.ogg,0
houspa/iNat930782.ogg,3
houspa/iNat606022.ogg,4
houspa/XC819764.ogg,0
houspa/iNat1390274.ogg,0
houspa/iNat1516919.ogg,1
houspa/iNat925162.ogg,4
houspa/XC138577.ogg,4
houspa/iNat936503.ogg,2
houspa/iNat81609.ogg,4
houspa/iNat894330.ogg,1
houspa/XC915596.ogg,1
houspa/iNat1421926.ogg,4
houspa/XC388296.ogg,3
houspa/iNat414893.ogg,2
houspa/iNat416892.ogg,1
houspa/iNat1508678.ogg,0
houspa/iNat511951.ogg,4
houspa/iNat385527.ogg,4
houspa/iNat582949.ogg,0
houspa/iNat339547.ogg,2
houspa/iNat979631.ogg,3
houspa/iNat912730.ogg,3
houspa/XC823481.ogg,3
houspa/iNat1055728.ogg,1
houspa/iNat629454.ogg,0
houspa/XC645288.ogg,3
houspa/iNat1322829.ogg,2
houspa/XC380900.ogg,2
houspa/iNat1660798.ogg,0
houspa/XC468309.ogg,4
houspa/iNat1359551.ogg,4
houspa/iNat354848.ogg,4
houspa/iNat80479.ogg,4
houspa/XC501187.ogg,3
houspa/XC562066.ogg,1
houspa/iNat633583.ogg,2
houspa/iNat847167.ogg,4
houspa/iNat1727795.ogg,2
houspa/iNat1321375.ogg,4
houspa/iNat1314723.ogg,4
houspa/iNat899920.ogg,2
houspa/iNat358583.ogg,0
houspa/XC872101.ogg,3
houspa/iNat970291.ogg,2
houspa/iNat125164.ogg,4
houspa/iNat908529.ogg,3
houspa/iNat1544454.ogg,4
houspa/XC956837.ogg,1
houspa/iNat1358970.ogg,1
houspa/XC723747.ogg,4
houspa/XC422728.ogg,2
houspa/iNat911870.ogg,1
houspa/iNat851766.ogg,1
houspa/XC806714.ogg,3
houspa/iNat1650257.ogg,2
houspa/iNat444773.ogg,1
houspa/iNat675508.ogg,2
houspa/XC924752.ogg,0
houspa/XC344330.ogg,0
houspa/iNat635648.ogg,4
houspa/iNat649339.ogg,3
hyamac1/XC84864.ogg,1
hyamac1/XC707625.ogg,0
hyamac1/XC707624.ogg,0
hyamac1/XC342852.ogg,1
hyamac1/XC342837.ogg,1
hyamac1/XC84867.ogg,1
hyamac1/XC145805.ogg,1
hyamac1/XC795071.ogg,3
hyamac1/XC795070.ogg,3
hyamac1/XC115384.ogg,2
hyamac1/XC115383.ogg,2
hyamac1/XC115382.ogg,2
hyamac1/XC494928.ogg,0
hyamac1/XC494927.ogg,0
hyamac1/XC9532.ogg,3
hyamac1/XC9531.ogg,3
hyamac1/XC9530.ogg,3
hyamac1/XC9529.ogg,3
hyamac1/XC128634.ogg,3
hyamac1/XC123458.ogg,3
hyamac1/XC123457.ogg,3
hyamac1/XC123456.ogg,3
hyamac1/XC145809.ogg,1
hyamac1/XC709906.ogg,2
hyamac1/XC709836.ogg,2
hyamac1/XC704362.ogg,1
hyamac1/XC134196.ogg,4
hyamac1/iNat396114.ogg,0
hyamac1/iNat514300.ogg,4
hyamac1/XC341062.ogg,1
hyamac1/XC341061.ogg,1
hyamac1/XC84866.ogg,1
hyamac1/XC84865.ogg,1
hyamac1/XC205633.ogg,3
hyamac1/XC51512.ogg,3
hyamac1/XC51511.ogg,3
hyamac1/XC51510.ogg,3
hyamac1/XC51509.ogg,3
hyamac1/XC50164.ogg,3
hyamac1/XC50163.ogg,3
hyamac1/XC50102.ogg,3
hyamac1/XC50368.ogg,3
hyamac1/XC834038.ogg,3
hyamac1/XC381847.ogg,1
hyamac1/XC140763.ogg,2
hyamac1/XC384612.ogg,3
hyamac1/XC497685.ogg,4
hyamac1/XC115387.ogg,2
hyamac1/XC115386.ogg,2
hyamac1/XC115385.ogg,2
hyamac1/XC403887.ogg,2
hyamac1/XC171675.ogg,3
hyamac1/XC901437.ogg,2
hyamac1/XC504453.ogg,3
hyamac1/iNat916503.ogg,4
hyamac1/iNat770517.ogg,2
hyamac1/XC314316.ogg,4
hyamac1/XC345046.ogg,0
hyamac1/iNat1242262.ogg,3
hyamac1/iNat54569.ogg,4
hyamac1/XC122583.ogg,0
hyamac1/XC469115.ogg,3
hyamac1/XC118933.ogg,3
hyamac1/XC672640.ogg,3
hyamac1/XC212936.ogg,3
larela1/iNat1689632.ogg,1
larela1/iNat1709272.ogg,2
larela1/iNat1247498.ogg,2
larela1/XC986880.ogg,2
larela1/XC843046.ogg,2
larela1/XC652047.ogg,2
larela1/iNat1351031.ogg,2
larela1/XC778562.ogg,1
larela1/iNat326820.ogg,3
larela1/iNat1684906.ogg,2
larela1/iNat321953.ogg,3
larela1/iNat768912.ogg,3
larela1/iNat772229.ogg,3
larela1/iNat714901.ogg,3
larela1/iNat772467.ogg,3
larela1/iNat772471.ogg,3
larela1/iNat769099.ogg,3
larela1/iNat621609.ogg,3
larela1/iNat862462.ogg,1
larela1/iNat1698896.ogg,1
larela1/iNat592817.ogg,3
larela1/iNat588509.ogg,3
larela1/XC163532.ogg,3
larela1/iNat321240.ogg,1
larela1/iNat352995.ogg,1
larela1/iNat554454.ogg,1
larela1/XC193803.ogg,0
larela1/XC563232.ogg,0
larela1/XC176957.ogg,0
larela1/XC510914.ogg,3
larela1/XC770640.ogg,1
larela1/iNat860739.ogg,1
larela1/iNat1276279.ogg,2
larela1/iNat897148.ogg,4
larela1/XC611753.ogg,2
larela1/iNat53649.ogg,4
larela1/iNat142397.ogg,4
larela1/XC947278.ogg,1
larela1/iNat1703054.ogg,4
larela1/iNat1703055.ogg,4
larela1/iNat945679.ogg,3
larela1/iNat1261495.ogg,4
larela1/iNat311341.ogg,0
larela1/iNat321322.ogg,4
larela1/iNat320501.ogg,4
larela1/XC448913.ogg,3
larela1/XC394663.ogg,4
larela1/iNat1468000.ogg,3
larela1/iNat847830.ogg,4
larela1/XC959162.ogg,4
larela1/XC900116.ogg,3
larela1/XC501423.ogg,1
larela1/XC1065687.ogg,3
larela1/XC1035239.ogg,2
larela1/iNat1208157.ogg,2
larela1/iNat1696511.ogg,2
larela1/XC590882.ogg,2
larela1/XC590881.ogg,2
larela1/XC590879.ogg,2
larela1/XC589884.ogg,2
larela1/XC695413.ogg,3
larela1/XC692376.ogg,3
larela1/XC344852.ogg,1
larela1/iNat829970.ogg,1
larela1/XC594652.ogg,1
larela1/iNat397529.ogg,0
larela1/iNat541173.ogg,0
larela1/iNat541174.ogg,0
larela1/iNat635953.ogg,0
larela1/iNat811552.ogg,2
larela1/XC119333.ogg,3
larela1/iNat1608511.ogg,4
larela1/iNat1616540.ogg,4
larela1/iNat1645084.ogg,4
larela1/iNat1627544.ogg,0
larela1/XC466943.ogg,2
larela1/XC770308.ogg,0
larela1/XC207894.ogg,1
larela1/XC186277.ogg,0
larela1/XC695253.ogg,3
larela1/XC496232.ogg,0
larela1/XC175766.ogg,2
larela1/XC70516.ogg,3
larela1/XC743951.ogg,4
larela1/XC210017.ogg,4
larela1/XC1003085.ogg,3
larela1/iNat1734486.ogg,0
larela1/XC446474.ogg,4
larela1/XC204745.ogg,1
larela1/XC81553.ogg,1
larela1/iNat1665670.ogg,1
larela1/XC708655.ogg,0
larela1/XC260859.ogg,0
larela1/iNat1612062.ogg,4
larela1/XC446496.ogg,4
larela1/XC81554.ogg,1
larela1/XC301356.ogg,4
larela1/XC301360.ogg,4
larela1/XC387125.ogg,0
larela1/XC81552.ogg,1
larela1/XC504224.ogg,2
larela1/XC504218.ogg,2
larela1/XC504216.ogg,2
larela1/XC599459.ogg,2
larela1/XC1070606.ogg,2
larela1/XC923527.ogg,2
larela1/XC737505.ogg,2
larela1/XC415339.ogg,2
larela1/XC541215.ogg,2
larela1/XC209952.ogg,2
larela1/XC740293.ogg,2
larela1/XC158294.ogg,2
larela1/XC896230.ogg,0
larela1/XC421367.ogg,0
larela1/XC340239.ogg,4
larela1/XC415338.ogg,2
larela1/XC771479.ogg,2
larela1/XC826818.ogg,0
larela1/XC323144.ogg,1
larela1/XC2447.ogg,0
larela1/XC834201.ogg,3
larela1/XC808624.ogg,3
larela1/XC564693.ogg,3
larela1/XC720778.ogg,3
larela1/XC720776.ogg,3
larela1/XC522726.ogg,3
larela1/XC678304.ogg,3
larela1/XC536702.ogg,0
larela1/XC895849.ogg,3
larela1/XC895846.ogg,3
larela1/XC206344.ogg,4
larela1/XC786367.ogg,2
larela1/iNat651395.ogg,4
larela1/XC142239.ogg,0
larela1/XC427341.ogg,2
larela1/XC562088.ogg,2
larela1/XC257096.ogg,2
larela1/XC427342.ogg,2
larela1/XC289627.ogg,1
larela1/XC11548.ogg,3
larela1/XC11549.ogg,3
larela1/XC855093.ogg,0
larela1/XC148699.ogg,1
larela1/XC265349.ogg,1
lesela1/XC903623.ogg,1
lesela1/XC355792.ogg,3
lesela1/XC1049815.ogg,4
lesela1/iNat396783.ogg,0
lesela1/iNat1658061.ogg,1
lesela1/XC447985.ogg,2
lesela1/XC291622.ogg,2
lesela1/XC186274.ogg,0
lesela1/XC205112.ogg,1
lesela1/XC304418.ogg,0
lesela1/XC1049818.ogg,4
lesela1/XC600407.ogg,4
lesela1/XC444257.ogg,3
lesela1/XC444256.ogg,3
lesela1/iNat843976.ogg,4
lesela1/iNat842180.ogg,4
lesela1/iNat309450.ogg,1
lesela1/XC336520.ogg,4
lesela1/XC332298.ogg,1
lesela1/XC81528.ogg,1
lesela1/XC351242.ogg,2
lesela1/XC749252.ogg,1
lesela1/XC936964.ogg,3
lesela1/XC1774.ogg,0
lesela1/XC1015983.ogg,3
lesela1/XC1015981.ogg,3
lesela1/XC413850.ogg,2
lesela1/XC422585.ogg,0
lesela1/XC721944.ogg,2
lesela1/XC1048181.ogg,0
lesela1/XC172595.ogg,2
lesela1/XC438247.ogg,1
lesela1/XC157343.ogg,4
lesela1/XC157333.ogg,4
lesela1/XC157305.ogg,4
lesela1/XC556292.ogg,2
lesela1/XC521431.ogg,2
lesela1/XC439196.ogg,2
lesela1/XC413849.ogg,2
lesela1/XC556770.ogg,2
lesela1/XC735418.ogg,2
lesela1/XC933840.ogg,2
lesela1/XC933836.ogg,2
lesela1/XC929996.ogg,2
lesela1/XC506254.ogg,2
lesela1/XC694153.ogg,2
lesela1/XC694151.ogg,2
lesela1/XC638830.ogg,3
lesela1/XC1017586.ogg,3
lesela1/XC392825.ogg,4
lesela1/XC1037413.ogg,3
lesela1/XC81526.ogg,1
lesela1/XC859165.ogg,3
lesela1/XC395926.ogg,1
lesela1/XC859167.ogg,3
lesela1/XC692783.ogg,4
lesela1/XC448465.ogg,2
lesela1/XC413848.ogg,2
lesela1/XC1051776.ogg,2
lesela1/XC443399.ogg,2
lesela1/XC604257.ogg,2
lesela1/XC735430.ogg,2
lesela1/XC1051775.ogg,2
lesela1/XC674280.ogg,2
lesela1/XC674314.ogg,2
lesela1/XC448467.ogg,2
lesela1/XC441266.ogg,4
lesela1/XC441096.ogg,4
lesela1/XC441020.ogg,4
lesela1/XC556294.ogg,2
lesela1/XC81527.ogg,1
lesela1/XC482393.ogg,0
lesela1/XC435790.ogg,4
lesela1/XC73540.ogg,1
lesela1/XC429279.ogg,3
lesela1/XC859170.ogg,3
lesela1/XC417420.ogg,0
lesela1/XC417345.ogg,0
lesela1/XC1017681.ogg,3
lesela1/XC494713.ogg,3
lesela1/XC613874.ogg,3
lesela1/XC613872.ogg,3
lesela1/XC494712.ogg,3
lesela1/iNat572871.ogg,4
lesela1/XC345323.ogg,1
lesela1/XC345324.ogg,1
lesela1/XC205109.ogg,1
lesela1/XC430033.ogg,2
lesela1/XC690539.ogg,4
lesela1/XC823164.ogg,1
lesela1/XC821032.ogg,1
lesela1/XC823106.ogg,1
lesela1/XC823101.ogg,1
lesela1/XC823099.ogg,1
lesela1/XC493874.ogg,4
lesela1/XC493873.ogg,4
lesela1/XC779487.ogg,4
lesela1/XC246362.ogg,3
lesela1/XC320758.ogg,4
lesela1/XC206421.ogg,1
lesela1/XC1067328.ogg,3
lesela1/XC1067326.ogg,3
lesela1/XC548877.ogg,0
lesela1/XC1031470.ogg,3
lesela1/XC539941.ogg,1
lesela1/XC128654.ogg,2
lesela1/XC681764.ogg,2
lesela1/iNat1433196.ogg,0
lesela1/iNat1433197.ogg,0
lesela1/iNat1433204.ogg,0
lesela1/iNat1431246.ogg,2
lesela1/iNat441050.ogg,4
lesela1/iNat1341889.ogg,3
lesela1/iNat1341892.ogg,3
lesela1/iNat166478.ogg,4
lesela1/iNat166486.ogg,4
lesela1/XC409729.ogg,2
lesela1/XC356783.ogg,2
lesela1/iNat470799.ogg,0
lesela1/XC314759.ogg,2
lesela1/XC1037388.ogg,0
lesgrf1/XC589828.ogg,1
lesgrf1/XC992390.ogg,1
lesgrf1/XC607787.ogg,1
lesgrf1/XC897455.ogg,1
lesgrf1/XC897451.ogg,1
lesgrf1/iNat878189.ogg,3
lesgrf1/iNat875553.ogg,3
lesgrf1/XC510915.ogg,3
lesgrf1/iNat815567.ogg,1
lesgrf1/XC174655.ogg,1
lesgrf1/XC890959.ogg,3
lesgrf1/XC890957.ogg,3
lesgrf1/XC412185.ogg,2
lesgrf1/XC174706.ogg,2
lesgrf1/XC308346.ogg,1
lesgrf1/iNat862873.ogg,0
lesgrf1/XC477184.ogg,4
lesgrf1/XC441071.ogg,1
lesgrf1/XC332753.ogg,1
lesgrf1/XC84504.ogg,1
lesgrf1/XC84503.ogg,1
lesgrf1/XC358961.ogg,0
lesgrf1/XC563049.ogg,3
lesgrf1/XC84506.ogg,1
lesgrf1/XC84505.ogg,1
lesgrf1/XC513869.ogg,0
lesgrf1/iNat181517.ogg,0
lesgrf1/XC427348.ogg,2
lesgrf1/XC507865.ogg,2
lesgrf1/XC507864.ogg,2
limpki/iNat383840.ogg,3
limpki/iNat1161208.ogg,2
limpki/XC168292.ogg,1
limpki/iNat312779.ogg,3
limpki/iNat312780.ogg,3
limpki/iNat872073.ogg,0
limpki/iNat886193.ogg,3
limpki/iNat1285318.ogg,2
limpki/iNat1285319.ogg,2
limpki/iNat828538.ogg,1
limpki/iNat313575.ogg,4
limpki/iNat206415.ogg,2
limpki/XC854316.ogg,0
limpki/iNat582782.ogg,4
limpki/iNat582784.ogg,4
limpki/iNat588098.ogg,4
limpki/iNat910892.ogg,4
limpki/iNat1190132.ogg,0
limpki/iNat1247530.ogg,2
limpki/iNat937063.ogg,4
limpki/iNat915438.ogg,4
limpki/iNat1100523.ogg,4
limpki/iNat1227652.ogg,0
limpki/XC588340.ogg,2
limpki/XC373787.ogg,2
limpki/XC373785.ogg,2
limpki/XC806779.ogg,4
limpki/XC897447.ogg,1
limpki/XC824985.ogg,4
limpki/XC835537.ogg,4
limpki/XC835424.ogg,4
limpki/XC754995.ogg,1
limpki/iNat791270.ogg,3
limpki/iNat587411.ogg,3
limpki/iNat211562.ogg,3
limpki/iNat321968.ogg,3
limpki/iNat699589.ogg,3
limpki/iNat587427.ogg,3
limpki/iNat537118.ogg,3
limpki/iNat493007.ogg,3
limpki/iNat537725.ogg,3
limpki/iNat769088.ogg,3
limpki/iNat588511.ogg,3
limpki/XC200376.ogg,3
limpki/XC471297.ogg,3
limpki/XC686847.ogg,2
limpki/XC552903.ogg,1
limpki/iNat634794.ogg,4
limpki/XC686635.ogg,2
limpki/iNat1392447.ogg,3
limpki/iNat1237912.ogg,4
limpki/XC175720.ogg,2
limpki/iNat847818.ogg,4
limpki/iNat847882.ogg,4
limpki/XC454510.ogg,3
limpki/XC453982.ogg,3
limpki/XC679483.ogg,1
limpki/XC332782.ogg,1
limpki/XC1012157.ogg,3
limpki/XC1001813.ogg,3
limpki/XC1001807.ogg,3
limpki/iNat51297.ogg,1
limpki/XC955585.ogg,4
limpki/XC955586.ogg,4
limpki/XC294675.ogg,1
limpki/XC596078.ogg,2
limpki/iNat1192503.ogg,2
limpki/XC292346.ogg,1
limpki/XC155480.ogg,1
limpki/XC587183.ogg,3
limpki/XC337376.ogg,4
limpki/XC286367.ogg,4
limpki/iNat569630.ogg,2
limpki/iNat569631.ogg,2
limpki/XC704159.ogg,0
limpki/XC51505.ogg,3
limpki/XC704160.ogg,0
limpki/XC991406.ogg,3
limpki/XC351264.ogg,1
limpki/XC218109.ogg,1
limpki/XC351266.ogg,1
limpki/XC84893.ogg,1
limpki/XC84892.ogg,1
limpki/XC84891.ogg,1
limpki/XC84890.ogg,1
limpki/XC9536.ogg,3
limpki/XC124540.ogg,3
limpki/XC123627.ogg,3
limpki/iNat1148450.ogg,3
limpki/XC657831.ogg,3
limpki/XC572918.ogg,2
limpki/XC599529.ogg,2
limpki/XC599527.ogg,2
limpki/XC84889.ogg,1
limpki/iNat1540289.ogg,3
limpki/XC381809.ogg,1
limpki/XC412355.ogg,2
limpki/XC171676.ogg,3
limpki/XC2791.ogg,0
limpki/XC2784.ogg,0
limpki/XC2783.ogg,0
limpki/XC2781.ogg,0
limpki/XC2780.ogg,0
limpki/XC2779.ogg,0
limpki/iNat474191.ogg,3
limpki/XC443118.ogg,1
limpki/XC1061034.ogg,4
limpki/XC761748.ogg,4
limpki/iNat585877.ogg,1
limpki/XC119206.ogg,3
limpki/XC351407.ogg,1
limpki/XC358767.ogg,0
limpki/XC433608.ogg,1
limpki/XC257486.ogg,4
limpki/XC357717.ogg,3
limpki/XC257488.ogg,4
limpki/XC257487.ogg,4
limpki/XC250488.ogg,3
limpki/XC257485.ogg,4
limpki/XC257484.ogg,4
limpki/XC257481.ogg,4
limpki/XC257483.ogg,4
limpki/XC238011.ogg,3
limpki/XC257482.ogg,4
limpki/XC257480.ogg,4
limpki/XC257479.ogg,4
limpki/iNat396138.ogg,0
limpki/iNat1044818.ogg,2
limpki/iNat1044877.ogg,2
limpki/XC589636.ogg,1
limpki/XC589635.ogg,1
limpki/XC589634.ogg,1
limpki/XC974207.ogg,3
limpki/XC1005799.ogg,3
limpki/XC959534.ogg,2
limpki/XC443153.ogg,0
limpki/XC245239.ogg,3
limpki/XC245238.ogg,3
limpki/iNat1265388.ogg,4
limpki/XC143362.ogg,0
limpki/XC454563.ogg,4
limpki/XC494587.ogg,1
limpki/XC346201.ogg,1
limpki/XC56982.ogg,3
limpki/XC368093.ogg,1
limpki/XC196778.ogg,1
limpki/XC195696.ogg,1
limpki/iNat132236.ogg,3
limpki/iNat132237.ogg,3
limpki/iNat132240.ogg,3
limpki/iNat132241.ogg,3
limpki/XC188226.ogg,0
limpki/XC188225.ogg,0
limpki/XC185236.ogg,0
limpki/XC201973.ogg,0
limpki/XC350990.ogg,2
limpki/XC301190.ogg,2
limpki/XC301199.ogg,2
limpki/XC486447.ogg,4
limpki/XC178924.ogg,0
limpki/XC741656.ogg,1
limpki/XC445869.ogg,3
limpki/iNat541799.ogg,2
limpki/XC315090.ogg,3
limpki/XC293313.ogg,3
limpki/XC293311.ogg,3
limpki/XC842294.ogg,3
limpki/iNat880464.ogg,2
limpki/iNat880461.ogg,2
limpki/iNat880460.ogg,2
limpki/iNat767872.ogg,3
limpki/iNat768300.ogg,3
limpki/iNat768303.ogg,3
limpki/iNat768304.ogg,3
limpki/iNat389376.ogg,3
limpki/iNat1692224.ogg,4
limpki/iNat154692.ogg,3
limpki/iNat154693.ogg,3
limpki/XC411260.ogg,1
limpki/iNat672131.ogg,3
limpki/iNat379535.ogg,3
limpki/iNat19349.ogg,2
limpki/XC410258.ogg,2
limpki/iNat637939.ogg,3
limpki/iNat38217.ogg,0
limpki/iNat38218.ogg,0
limpki/XC9146.ogg,3
limpki/XC9145.ogg,3
limpki/XC406762.ogg,2
limpki/XC558347.ogg,3
limpki/iNat734851.ogg,1
limpki/iNat734852.ogg,1
limpki/XC700098.ogg,2
limpki/iNat27515.ogg,0
limpki/iNat214262.ogg,0
limpki/iNat17113.ogg,0
limpki/XC705545.ogg,1
limpki/XC705544.ogg,1
limpki/iNat603058.ogg,3
limpki/iNat593626.ogg,3
limpki/iNat573299.ogg,3
limpki/iNat63968.ogg,3
limpki/iNat1144884.ogg,4
limpki/iNat343570.ogg,3
limpki/XC655593.ogg,4
limpki/XC130767.ogg,4
limpki/XC316765.ogg,4
limpki/iNat442257.ogg,0
limpki/iNat442258.ogg,0
limpki/iNat740205.ogg,3
limpki/iNat592901.ogg,3
limpki/iNat592902.ogg,3
limpki/iNat592903.ogg,3
limpki/iNat198906.ogg,3
limpki/iNat200817.ogg,3
limpki/iNat1081319.ogg,0
limpki/iNat983439.ogg,3
limpki/XC426300.ogg,0
limpki/XC426299.ogg,0
limpki/iNat1278198.ogg,2
limpki/XC307639.ogg,4
limpki/iNat1023888.ogg,0
limpki/iNat1310752.ogg,4
limpki/iNat1293456.ogg,0
limpki/iNat884638.ogg,0
limpki/iNat1321452.ogg,3
limpki/iNat890832.ogg,4
limpki/XC861968.ogg,1
limpki/XC130766.ogg,4
limpki/XC130765.ogg,4
limpki/iNat1283245.ogg,0
limpki/XC169585.ogg,4
limpki/iNat1253458.ogg,1
limpki/XC460963.ogg,0
limpki/XC331321.ogg,0
limpki/XC331319.ogg,0
limpki/iNat1319758.ogg,0
limpki/iNat1319757.ogg,0
limpki/iNat598350.ogg,2
limpki/XC487423.ogg,4
limpki/iNat172896.ogg,3
limpki/iNat381009.ogg,1
limpki/iNat1702935.ogg,0
limpki/XC902582.ogg,2
limpki/iNat935826.ogg,0
limpki/iNat548981.ogg,2
limpki/iNat610397.ogg,2
limpki/iNat64313.ogg,4
limpki/XC712983.ogg,4
limpki/XC527912.ogg,4
limpki/iNat330890.ogg,3
limpki/iNat322193.ogg,3
limpki/iNat349420.ogg,3
limpki/iNat323780.ogg,3
limpki/iNat344697.ogg,3
limpki/iNat930634.ogg,4
limpki/XC468583.ogg,4
limpki/XC457448.ogg,4
limpki/iNat387394.ogg,4
limpki/iNat613682.ogg,3
limpki/XC145824.ogg,1
limpki/XC350023.ogg,3
limpki/iNat1709545.ogg,4
limpki/iNat1250541.ogg,0
limpki/iNat1250542.ogg,0
limpki/iNat1250543.ogg,0
limpki/iNat351723.ogg,0
limpki/iNat604289.ogg,4
limpki/iNat635827.ogg,3
limpki/iNat593727.ogg,4
limpki/iNat900409.ogg,1
limpki/iNat365607.ogg,4
limpki/iNat866423.ogg,3
limpki/iNat581955.ogg,1
limpki/iNat581956.ogg,1
limpki/XC357629.ogg,1
limpki/XC219956.ogg,1
limpki/XC173672.ogg,1
limpki/XC140516.ogg,1
limpki/XC219957.ogg,1
limpki/XC219955.ogg,1
limpki/XC163375.ogg,1
limpki/XC163374.ogg,1
limpki/XC163372.ogg,1
limpki/XC140517.ogg,1
limpki/XC357409.ogg,1
limpki/iNat592375.ogg,1
limpki/iNat628975.ogg,0
limpki/iNat628993.ogg,0
limpki/iNat1409578.ogg,1
limpki/iNat613287.ogg,2
limpki/iNat653343.ogg,4
limpki/iNat603310.ogg,0
limpki/iNat1358130.ogg,2
limpki/iNat899080.ogg,1
limpki/iNat581547.ogg,1
limpki/XC777435.ogg,4
limpki/iNat1237224.ogg,1
limpki/XC153525.ogg,1
limpki/XC143686.ogg,1
limpki/XC453048.ogg,1
limpki/XC143683.ogg,1
limpki/iNat586994.ogg,1
limpki/iNat586995.ogg,1
limpki/iNat181016.ogg,3
limpki/iNat980614.ogg,1
limpki/iNat980615.ogg,1
limpki/iNat364689.ogg,3
limpki/iNat810085.ogg,2
limpki/iNat1159861.ogg,1
limpki/iNat581540.ogg,1
limpki/iNat1237242.ogg,1
limpki/iNat1190187.ogg,1
limpki/iNat1269063.ogg,1
limpki/iNat1365568.ogg,1
limpki/iNat361347.ogg,2
limpki/iNat403859.ogg,4
limpki/iNat911654.ogg,1
limpki/iNat218086.ogg,1
limpki/iNat1289569.ogg,0
limpki/iNat709743.ogg,2
limpki/iNat223438.ogg,2
limpki/iNat308503.ogg,4
limpki/iNat370036.ogg,0
limpki/iNat339942.ogg,0
limpki/iNat338329.ogg,0
limpki/iNat1305246.ogg,2
limpki/iNat1118466.ogg,2
limpki/iNat1305250.ogg,2
limpki/iNat1118463.ogg,2
limpki/iNat1279738.ogg,4
limpki/iNat1292646.ogg,4
limpki/iNat618515.ogg,3
limpki/iNat564084.ogg,3
limpki/iNat931008.ogg,1
limpki/iNat1032999.ogg,0
limpki/iNat612988.ogg,4
limpki/iNat711709.ogg,0
limpki/iNat604911.ogg,0
limpki/iNat385324.ogg,0
limpki/iNat996040.ogg,1
limpki/XC742091.ogg,4
limpki/XC624711.ogg,3
limpki/iNat27686.ogg,4
limpki/iNat398247.ogg,3
limpki/iNat998371.ogg,4
limpki/iNat1285872.ogg,0
limpki/iNat1030208.ogg,0
limpki/iNat1344476.ogg,4
limpki/iNat1321122.ogg,1
limpki/iNat1224439.ogg,3
limpki/iNat1203048.ogg,2
limpki/iNat685258.ogg,2
limpki/iNat914702.ogg,2
limpki/iNat341786.ogg,0
limpki/iNat341787.ogg,0
limpki/iNat351490.ogg,2
limpki/iNat1570123.ogg,4
limpki/iNat1433476.ogg,4
limpki/iNat617451.ogg,0
limpki/iNat1487957.ogg,0
limpki/iNat1433506.ogg,4
limpki/iNat1460237.ogg,2
limpki/iNat1320812.ogg,1
limpki/iNat1320813.ogg,1
limpki/iNat1320818.ogg,1
limpki/XC976489.ogg,1
limpki/XC976487.ogg,1
limpki/XC976485.ogg,1
limpki/XC727798.ogg,0
limpki/iNat587732.ogg,2
limpki/XC882211.ogg,4
limpki/XC882210.ogg,4
limpki/iNat1063247.ogg,2
limpki/iNat1063249.ogg,2
limpki/iNat1305285.ogg,4
limpki/iNat354733.ogg,3
limpki/iNat1688531.ogg,1
limpki/iNat439874.ogg,1
limpki/iNat220342.ogg,2
limpki/iNat220343.ogg,2
limpki/iNat1043170.ogg,1
limpki/iNat984540.ogg,4
limpki/iNat1136190.ogg,3
limpki/iNat1072786.ogg,3
limpki/iNat1072793.ogg,3
limpki/iNat1158004.ogg,3
limpki/iNat1575749.ogg,1
limpki/iNat1222903.ogg,0
limpki/iNat676003.ogg,4
limpki/iNat519930.ogg,1
limpki/iNat519915.ogg,1
limpki/iNat1411327.ogg,3
limpki/iNat693913.ogg,4
limpki/XC374613.ogg,0
limpki/iNat165028.ogg,4
limpki/iNat677143.ogg,0
limpki/iNat801110.ogg,1
limpki/iNat242133.ogg,1
limpki/iNat338809.ogg,4
limpki/iNat338811.ogg,4
limpki/iNat338810.ogg,4
limpki/iNat241432.ogg,2
limpki/iNat242179.ogg,4
limpki/iNat251416.ogg,1
linwoo1/XC724915.ogg,2
linwoo1/XC724914.ogg,2
linwoo1/XC174648.ogg,1
linwoo1/iNat1302630.ogg,0
linwoo1/XC361622.ogg,0
linwoo1/iNat278101.ogg,4
linwoo1/XC455127.ogg,3
linwoo1/XC288382.ogg,2
linwoo1/XC599026.ogg,1
linwoo1/XC176365.ogg,4
linwoo1/iNat173217.ogg,4
linwoo1/XC550450.ogg,3
linwoo1/XC550448.ogg,3
linwoo1/XC475559.ogg,2
linwoo1/XC646672.ogg,2
linwoo1/XC1041178.ogg,4
linwoo1/iNat1581542.ogg,2
linwoo1/XC509391.ogg,1
linwoo1/XC440193.ogg,1
linwoo1/iNat893732.ogg,1
linwoo1/iNat893730.ogg,1
linwoo1/iNat288761.ogg,4
linwoo1/XC620630.ogg,2
linwoo1/XC242671.ogg,2
linwoo1/iNat293197.ogg,1
linwoo1/iNat345326.ogg,1
linwoo1/XC420966.ogg,0
linwoo1/XC812907.ogg,3
linwoo1/XC379497.ogg,2
linwoo1/XC379496.ogg,2
linwoo1/iNat1549200.ogg,4
linwoo1/iNat1539071.ogg,0
linwoo1/iNat1091719.ogg,1
linwoo1/iNat338223.ogg,4
linwoo1/iNat1472930.ogg,1
linwoo1/XC85090.ogg,1
linwoo1/XC85088.ogg,1
linwoo1/iNat1112539.ogg,1
linwoo1/iNat1181924.ogg,1
linwoo1/iNat831476.ogg,0
linwoo1/XC85087.ogg,1
linwoo1/iNat738715.ogg,3
linwoo1/iNat397963.ogg,0
linwoo1/XC186265.ogg,0
linwoo1/XC686421.ogg,3
linwoo1/XC686420.ogg,3
linwoo1/XC199145.ogg,1
linwoo1/XC585445.ogg,3
linwoo1/iNat532272.ogg,4
linwoo1/iNat452661.ogg,1
linwoo1/iNat1725196.ogg,3
linwoo1/XC344481.ogg,1
linwoo1/XC428353.ogg,2
linwoo1/XC421180.ogg,2
linwoo1/XC423606.ogg,2
linwoo1/iNat1535721.ogg,0
linwoo1/iNat1535722.ogg,0
linwoo1/XC499703.ogg,0
linwoo1/XC989398.ogg,4
linwoo1/iNat1379385.ogg,4
linwoo1/iNat424554.ogg,4
linwoo1/XC388143.ogg,3
linwoo1/XC388141.ogg,3
linwoo1/XC253145.ogg,3
linwoo1/iNat1704492.ogg,2
linwoo1/XC667821.ogg,1
linwoo1/iNat734018.ogg,4
linwoo1/iNat1070210.ogg,4
linwoo1/iNat1138140.ogg,4
linwoo1/iNat1112590.ogg,4
linwoo1/XC513622.ogg,0
linwoo1/XC234588.ogg,1
linwoo1/XC291186.ogg,1
linwoo1/XC418643.ogg,1
linwoo1/iNat571020.ogg,0
linwoo1/XC52600.ogg,3
linwoo1/XC52599.ogg,3
linwoo1/XC1049812.ogg,4
linwoo1/XC186266.ogg,0
linwoo1/XC115671.ogg,4
linwoo1/iNat1734707.ogg,0
linwoo1/XC1008341.ogg,3
linwoo1/XC114529.ogg,4
linwoo1/XC299175.ogg,0
linwoo1/XC342878.ogg,1
linwoo1/XC85089.ogg,1
linwoo1/iNat1106849.ogg,1
linwoo1/XC732161.ogg,4
linwoo1/XC209614.ogg,4
linwoo1/XC1017640.ogg,3
linwoo1/XC78185.ogg,0
linwoo1/XC78184.ogg,0
linwoo1/XC78183.ogg,0
linwoo1/XC1018872.ogg,1
linwoo1/XC709879.ogg,3
linwoo1/XC328919.ogg,0
linwoo1/XC2197.ogg,0
linwoo1/XC811886.ogg,2
linwoo1/XC811884.ogg,2
linwoo1/XC707210.ogg,3
linwoo1/XC286667.ogg,2
linwoo1/XC487246.ogg,2
linwoo1/XC708077.ogg,2
linwoo1/iNat1631936.ogg,3
linwoo1/XC709797.ogg,2
linwoo1/XC660523.ogg,2
linwoo1/XC898232.ogg,2
linwoo1/XC880837.ogg,2
linwoo1/XC704342.ogg,2
linwoo1/XC591264.ogg,2
linwoo1/XC418614.ogg,2
linwoo1/XC1027573.ogg,2
linwoo1/XC800388.ogg,2
linwoo1/XC565171.ogg,2
linwoo1/XC705637.ogg,0
linwoo1/XC737009.ogg,2
linwoo1/iNat585139.ogg,3
linwoo1/XC1009662.ogg,2
linwoo1/XC727452.ogg,2
linwoo1/XC421478.ogg,0
linwoo1/XC338124.ogg,4
linwoo1/iNat1143916.ogg,4
linwoo1/iNat1143917.ogg,4
linwoo1/XC754859.ogg,2
linwoo1/XC754860.ogg,2
linwoo1/XC340286.ogg,4
linwoo1/XC310760.ogg,1
linwoo1/XC200175.ogg,3
linwoo1/XC144467.ogg,1
linwoo1/XC418612.ogg,2
linwoo1/XC418611.ogg,2
linwoo1/XC1917.ogg,0
linwoo1/XC838044.ogg,2
linwoo1/XC655045.ogg,4
linwoo1/XC297408.ogg,3
linwoo1/XC112.ogg,1
linwoo1/XC73539.ogg,1
linwoo1/XC698607.ogg,0
linwoo1/XC461341.ogg,3
linwoo1/XC461340.ogg,3
linwoo1/XC63209.ogg,1
linwoo1/XC152686.ogg,1
linwoo1/XC1068987.ogg,1
linwoo1/XC1068963.ogg,1
linwoo1/XC73538.ogg,1
linwoo1/XC379410.ogg,1
linwoo1/XC569282.ogg,4
linwoo1/iNat1266239.ogg,4
linwoo1/iNat1266241.ogg,4
linwoo1/XC129038.ogg,3
linwoo1/XC430032.ogg,3
linwoo1/XC430028.ogg,3
linwoo1/XC479419.ogg,3
linwoo1/XC711043.ogg,3
linwoo1/XC697457.ogg,2
linwoo1/XC697455.ogg,2
linwoo1/XC1045133.ogg,2
linwoo1/iNat221578.ogg,4
linwoo1/XC542823.ogg,1
linwoo1/XC816911.ogg,2
linwoo1/XC180670.ogg,4
linwoo1/XC817274.ogg,2
linwoo1/XC769652.ogg,2
linwoo1/XC769644.ogg,2
linwoo1/XC838857.ogg,4
linwoo1/XC830858.ogg,2
linwoo1/XC1034732.ogg,2
linwoo1/XC1034727.ogg,2
linwoo1/XC358762.ogg,0
linwoo1/XC1019051.ogg,4
linwoo1/iNat544668.ogg,0
linwoo1/XC598697.ogg,4
linwoo1/XC596616.ogg,4
linwoo1/XC596614.ogg,4
linwoo1/XC198484.ogg,0
linwoo1/XC213015.ogg,3
linwoo1/XC120137.ogg,3
linwoo1/XC446765.ogg,0
linwoo1/XC764.ogg,1
linwoo1/XC238243.ogg,3
linwoo1/XC961611.ogg,4
linwoo1/XC119140.ogg,3
linwoo1/XC394445.ogg,0
linwoo1/XC394444.ogg,0
linwoo1/XC132922.ogg,4
linwoo1/XC260614.ogg,0
linwoo1/XC250796.ogg,3
linwoo1/XC390318.ogg,4
linwoo1/XC258055.ogg,4
linwoo1/XC258053.ogg,4
linwoo1/XC238247.ogg,3
linwoo1/XC238244.ogg,3
linwoo1/XC238245.ogg,3
linwoo1/XC238070.ogg,3
linwoo1/XC258054.ogg,4
linwoo1/XC779347.ogg,3
linwoo1/XC258057.ogg,4
linwoo1/XC258056.ogg,4
linwoo1/XC238246.ogg,3
linwoo1/XC208719.ogg,0
linwoo1/XC912033.ogg,1
linwoo1/XC820981.ogg,1
linwoo1/XC841814.ogg,3
linwoo1/XC933262.ogg,0
linwoo1/XC692842.ogg,3
linwoo1/XC691665.ogg,3
linwoo1/XC71122.ogg,1
linwoo1/XC961351.ogg,1
linwoo1/XC275322.ogg,0
linwoo1/XC275321.ogg,0
linwoo1/XC261880.ogg,1
linwoo1/XC275323.ogg,0
linwoo1/XC234589.ogg,1
linwoo1/XC471130.ogg,0
linwoo1/XC238248.ogg,3
linwoo1/XC582793.ogg,1
linwoo1/XC939972.ogg,2
linwoo1/XC148292.ogg,3
linwoo1/XC304276.ogg,3
linwoo1/XC946081.ogg,4
linwoo1/XC946079.ogg,4
linwoo1/XC854705.ogg,0
linwoo1/XC928743.ogg,3
linwoo1/XC1008501.ogg,4
linwoo1/XC358169.ogg,4
linwoo1/XC1033909.ogg,3
linwoo1/XC565143.ogg,4
linwoo1/XC540373.ogg,4
linwoo1/XC540372.ogg,4
linwoo1/XC424647.ogg,2
linwoo1/XC128030.ogg,4
linwoo1/XC688346.ogg,3
linwoo1/XC434953.ogg,0
linwoo1/XC906793.ogg,3
linwoo1/XC1033910.ogg,3
linwoo1/iNat1414667.ogg,2
linwoo1/XC508229.ogg,4
linwoo1/XC508193.ogg,4
linwoo1/XC508180.ogg,4
linwoo1/XC451350.ogg,4
linwoo1/XC403400.ogg,4
linwoo1/iNat1371736.ogg,2
linwoo1/XC640128.ogg,4
linwoo1/XC405087.ogg,3
linwoo1/XC405086.ogg,3
linwoo1/XC405085.ogg,3
linwoo1/XC405084.ogg,3
linwoo1/XC405083.ogg,3
linwoo1/XC405082.ogg,3
linwoo1/XC379657.ogg,3
linwoo1/XC532537.ogg,3
linwoo1/XC438406.ogg,0
linwoo1/iNat62429.ogg,0
linwoo1/iNat830090.ogg,1
linwoo1/iNat830091.ogg,1
linwoo1/iNat830092.ogg,1
linwoo1/XC116950.ogg,4
linwoo1/XC440213.ogg,0
linwoo1/XC390530.ogg,2
linwoo1/XC437295.ogg,3
linwoo1/XC494330.ogg,0
linwoo1/XC494329.ogg,0
linwoo1/iNat1009029.ogg,4
linwoo1/iNat842395.ogg,2
linwoo1/XC353289.ogg,4
linwoo1/iNat205552.ogg,1
linwoo1/XC404519.ogg,3
linwoo1/XC367815.ogg,2
linwoo1/iNat74647.ogg,1
linwoo1/iNat1705368.ogg,2
linwoo1/XC605368.ogg,2
linwoo1/iNat926083.ogg,1
linwoo1/XC197473.ogg,4
linwoo1/XC410686.ogg,2
linwoo1/XC410685.ogg,2
linwoo1/XC407150.ogg,2
linwoo1/iNat457616.ogg,4
linwoo1/XC402747.ogg,2
linwoo1/XC408943.ogg,1
linwoo1/XC256711.ogg,3
linwoo1/XC645538.ogg,3
linwoo1/XC112919.ogg,0
linwoo1/iNat501310.ogg,1
linwoo1/iNat1563557.ogg,2
linwoo1/XC282442.ogg,4
linwoo1/XC465819.ogg,3
linwoo1/XC443232.ogg,3
linwoo1/XC465441.ogg,4
linwoo1/XC465440.ogg,4
linwoo1/iNat580116.ogg,2
linwoo1/XC164936.ogg,4
linwoo1/XC538044.ogg,1
linwoo1/XC494591.ogg,1
linwoo1/XC166820.ogg,4
linwoo1/XC690667.ogg,0
linwoo1/iNat1667186.ogg,4
linwoo1/iNat150326.ogg,1
linwoo1/XC235737.ogg,3
linwoo1/XC235738.ogg,3
linwoo1/XC235736.ogg,3
linwoo1/XC525030.ogg,2
linwoo1/XC525029.ogg,2
linwoo1/XC284437.ogg,4
linwoo1/XC183268.ogg,0
linwoo1/XC183267.ogg,0
linwoo1/XC303078.ogg,0
linwoo1/XC198401.ogg,2
linwoo1/iNat586421.ogg,2
linwoo1/XC181623.ogg,0
linwoo1/XC214145.ogg,2
linwoo1/XC288270.ogg,2
linwoo1/iNat149384.ogg,4
linwoo1/XC411024.ogg,0
linwoo1/XC239471.ogg,0
linwoo1/iNat139987.ogg,0
linwoo1/XC252999.ogg,2
linwoo1/XC215281.ogg,4
linwoo1/iNat64631.ogg,1
linwoo1/XC150282.ogg,0
linwoo1/XC928167.ogg,3
linwoo1/XC694335.ogg,0
linwoo1/XC772433.ogg,0
linwoo1/iNat1737293.ogg,1
linwoo1/XC797389.ogg,1
linwoo1/XC797387.ogg,1
linwoo1/XC349752.ogg,1
linwoo1/iNat1221931.ogg,2
linwoo1/XC792848.ogg,1
linwoo1/XC28455.ogg,1
linwoo1/iNat355154.ogg,4
linwoo1/iNat511041.ogg,4
linwoo1/iNat1156719.ogg,1
linwoo1/XC124959.ogg,3
linwoo1/XC317598.ogg,3
linwoo1/iNat1186055.ogg,0
linwoo1/iNat1186057.ogg,0
linwoo1/iNat163170.ogg,0
linwoo1/iNat1632033.ogg,0
linwoo1/iNat1632040.ogg,0
linwoo1/iNat817340.ogg,0
linwoo1/iNat817344.ogg,0
linwoo1/iNat1133459.ogg,4
linwoo1/XC474557.ogg,3
linwoo1/XC169814.ogg,1
linwoo1/XC501978.ogg,3
linwoo1/XC501979.ogg,3
linwoo1/iNat1352644.ogg,0
linwoo1/XC501977.ogg,3
linwoo1/XC451313.ogg,3
linwoo1/XC401124.ogg,3
linwoo1/XC451312.ogg,3
linwoo1/XC401123.ogg,3
linwoo1/XC451311.ogg,3
linwoo1/XC451310.ogg,3
linwoo1/XC401125.ogg,3
linwoo1/XC353624.ogg,3
litcuc2/iNat396786.ogg,0
litcuc2/XC513669.ogg,0
litcuc2/XC530823.ogg,2
litcuc2/XC458434.ogg,2
litcuc2/XC454254.ogg,2
litcuc2/XC524344.ogg,2
litcuc2/XC458432.ogg,2
litcuc2/XC567711.ogg,2
litcuc2/XC413855.ogg,2
litcuc2/XC855877.ogg,2
litcuc2/XC777945.ogg,2
litcuc2/XC738975.ogg,2
litcuc2/XC738974.ogg,2
litcuc2/XC738973.ogg,2
litcuc2/XC85319.ogg,1
litcuc2/XC85318.ogg,1
litcuc2/XC703298.ogg,3
litcuc2/XC949492.ogg,2
litcuc2/XC949490.ogg,2
litcuc2/XC514787.ogg,4
litcuc2/XC2273.ogg,0
litcuc2/XC602778.ogg,3
litcuc2/XC901120.ogg,2
litcuc2/XC440925.ogg,2
litcuc2/XC1013637.ogg,4
litcuc2/XC329069.ogg,0
litcuc2/XC329068.ogg,0
litcuc2/XC758971.ogg,4
litcuc2/XC118879.ogg,3
litcuc2/XC624703.ogg,1
litcuc2/XC1032417.ogg,3
litcuc2/XC705472.ogg,0
litcuc2/XC1044612.ogg,2
litcuc2/XC880890.ogg,0
litcuc2/XC643360.ogg,3
litcuc2/XC769622.ogg,2
litcuc2/XC769621.ogg,2
litcuc2/XC213248.ogg,3
litcuc2/XC257032.ogg,2
litcuc2/XC188098.ogg,1
litcuc2/XC188100.ogg,1
litcuc2/XC427229.ogg,2
litcuc2/iNat1232490.ogg,0
litcuc2/XC328501.ogg,3
litcuc2/XC266610.ogg,4
litcuc2/iNat827489.ogg,0
litcuc2/iNat225292.ogg,0
litcuc2/XC276385.ogg,1
litcuc2/XC262872.ogg,1
litcuc2/XC7015.ogg,3
litcuc2/XC257716.ogg,4
litcuc2/XC264426.ogg,4
litcuc2/XC264425.ogg,4
litcuc2/XC257713.ogg,4
litcuc2/XC257714.ogg,4
litcuc2/XC480090.ogg,4
litcuc2/XC480089.ogg,4
litcuc2/XC257715.ogg,4
litcuc2/XC365588.ogg,3
litcuc2/XC832684.ogg,1
litcuc2/XC212364.ogg,4
litcuc2/XC364156.ogg,0
litcuc2/XC364157.ogg,0
litcuc2/XC1006267.ogg,2
litcuc2/XC681868.ogg,2
litcuc2/XC1007605.ogg,2
litcuc2/XC801383.ogg,2
litcuc2/XC1002796.ogg,2
litcuc2/XC1006263.ogg,2
litcuc2/XC1007351.ogg,2
litcuc2/XC1006266.ogg,2
litcuc2/XC1006261.ogg,2
litcuc2/XC1002762.ogg,2
litcuc2/XC137821.ogg,1
litcuc2/XC137819.ogg,1
litcuc2/XC549902.ogg,1
litcuc2/XC245084.ogg,3
litcuc2/XC245083.ogg,3
litcuc2/XC836545.ogg,3
litcuc2/XC539939.ogg,1
litcuc2/iNat100176.ogg,1
litcuc2/XC127231.ogg,4
litcuc2/XC568004.ogg,4
litcuc2/XC566086.ogg,4
litcuc2/XC566085.ogg,4
litcuc2/XC566084.ogg,4
litcuc2/XC960260.ogg,0
litcuc2/XC975691.ogg,3
litcuc2/XC975690.ogg,3
litcuc2/XC975680.ogg,3
litcuc2/XC975679.ogg,3
litcuc2/XC975678.ogg,3
litcuc2/XC1046918.ogg,2
litcuc2/XC506056.ogg,4
litcuc2/iNat1433193.ogg,0
litcuc2/XC639825.ogg,0
litcuc2/XC538031.ogg,4
litcuc2/XC538030.ogg,4
litcuc2/XC407337.ogg,4
litcuc2/XC244899.ogg,2
litcuc2/XC245257.ogg,3
litcuc2/XC245332.ogg,1
litcuc2/XC823759.ogg,3
litcuc2/XC871182.ogg,2
litnig1/iNat1268723.ogg,4
litnig1/iNat1275235.ogg,1
litnig1/iNat856554.ogg,3
litnig1/iNat848054.ogg,2
litnig1/XC51580.ogg,3
litnig1/iNat559222.ogg,0
litnig1/XC1069965.ogg,1
litnig1/iNat1697460.ogg,0
litnig1/iNat855421.ogg,4
litnig1/XC845050.ogg,2
litnig1/iNat1258920.ogg,3
litnig1/iNat852018.ogg,1
litnig1/XC610616.ogg,1
litnig1/XC543021.ogg,1
litnig1/iNat1665089.ogg,1
litnig1/iNat846547.ogg,3
litnig1/iNat854291.ogg,0
litnig1/iNat331398.ogg,1
litnig1/iNat331399.ogg,1
litnig1/iNat331566.ogg,2
litnig1/iNat1244283.ogg,1
litnig1/XC957110.ogg,2
litnig1/XC781950.ogg,4
litnig1/iNat1231828.ogg,1
litnig1/iNat1561552.ogg,3
litnig1/XC70497.ogg,3
litnig1/XC121383.ogg,2
litnig1/XC342573.ogg,4
litnig1/XC645529.ogg,1
litnig1/XC645526.ogg,1
litnig1/iNat889755.ogg,2
litnig1/iNat320502.ogg,4
litnig1/XC441969.ogg,1
litnig1/XC364280.ogg,3
litnig1/iNat820484.ogg,2
litnig1/iNat149515.ogg,4
litnig1/XC113592.ogg,4
litnig1/XC687737.ogg,3
litnig1/XC174623.ogg,2
litnig1/iNat364763.ogg,0
litnig1/XC504464.ogg,0
litnig1/XC287692.ogg,0
litnig1/XC288811.ogg,3
litnig1/XC151469.ogg,1
litnig1/iNat1244073.ogg,1
litnig1/iNat1652246.ogg,1
litnig1/XC1064784.ogg,3
litnig1/XC118113.ogg,2
litnig1/XC586093.ogg,3
litnig1/XC119875.ogg,3
litnig1/iNat1661868.ogg,4
litnig1/iNat1661869.ogg,4
litnig1/XC118101.ogg,2
litnig1/iNat27803.ogg,3
litnig1/iNat1243903.ogg,4
litnig1/iNat822615.ogg,0
litnig1/iNat543758.ogg,4
litnig1/iNat1658818.ogg,1
litnig1/XC51579.ogg,3
litnig1/iNat1679146.ogg,1
litnig1/iNat1678939.ogg,1
litnig1/iNat743317.ogg,0
litnig1/XC472520.ogg,3
litnig1/XC1006072.ogg,3
litnig1/XC299046.ogg,0
litnig1/XC150831.ogg,0
litnig1/XC150836.ogg,0
litnig1/XC749116.ogg,1
litnig1/XC437673.ogg,4
litnig1/XC540517.ogg,1
litnig1/XC471209.ogg,3
litnig1/XC603814.ogg,3
litnig1/XC128796.ogg,3
litnig1/XC506891.ogg,0
litnig1/XC496332.ogg,1
litnig1/XC504212.ogg,2
litnig1/XC940067.ogg,2
litnig1/XC403917.ogg,2
litnig1/XC827019.ogg,2
litnig1/XC1027561.ogg,2
litnig1/XC1027560.ogg,2
litnig1/XC434439.ogg,4
litnig1/XC832901.ogg,2
litnig1/iNat308682.ogg,1
litnig1/XC402783.ogg,4
litnig1/XC1047951.ogg,3
litnig1/iNat1670573.ogg,2
litnig1/XC403918.ogg,2
litnig1/XC674321.ogg,2
litnig1/XC674319.ogg,2
litnig1/XC697036.ogg,3
litnig1/XC761929.ogg,4
litnig1/XC761928.ogg,4
litnig1/XC673896.ogg,4
litnig1/XC675230.ogg,4
litnig1/XC431922.ogg,3
litnig1/XC127157.ogg,1
litnig1/XC697005.ogg,2
litnig1/iNat25607.ogg,0
litnig1/iNat353730.ogg,4
litnig1/XC306381.ogg,1
litnig1/iNat882031.ogg,2
litnig1/XC11333.ogg,3
litnig1/iNat863307.ogg,4
litnig1/iNat1289813.ogg,3
litnig1/XC204956.ogg,1
litnig1/XC1034701.ogg,2
litnig1/XC196385.ogg,2
litnig1/XC196384.ogg,2
mabpar/iNat591256.ogg,3
mabpar/iNat1159251.ogg,4
mabpar/iNat1022920.ogg,0
mabpar/iNat1028590.ogg,0
mabpar/iNat911076.ogg,0
mabpar/iNat922274.ogg,0
mabpar/iNat1105308.ogg,0
mabpar/iNat1698748.ogg,4
mabpar/XC283524.ogg,3
mabpar/iNat581916.ogg,0
mabpar/XC70823.ogg,1
mabpar/XC1053014.ogg,2
mabpar/XC422199.ogg,2
mabpar/XC118587.ogg,1
mabpar/XC190685.ogg,3
mabpar/XC189147.ogg,3
mabpar/XC187806.ogg,3
mabpar/XC174400.ogg,1
mabpar/XC154393.ogg,3
mabpar/iNat1125574.ogg,1
mabpar/iNat1135988.ogg,1
mabpar/iNat995848.ogg,1
mabpar/iNat1206199.ogg,1
mabpar/XC192868.ogg,0
mabpar/iNat1655112.ogg,3
mabpar/iNat1044901.ogg,1
mabpar/iNat1044902.ogg,1
mabpar/XC549808.ogg,3
mabpar/XC549809.ogg,3
mabpar/iNat850845.ogg,4
mabpar/iNat850793.ogg,4
mabpar/XC114470.ogg,2
mabpar/XC548410.ogg,2
mabpar/XC85375.ogg,1
mabpar/XC725216.ogg,2
mabpar/XC140060.ogg,1
mabpar/XC585910.ogg,2
mabpar/XC585754.ogg,2
mabpar/XC48708.ogg,3
mabpar/XC620676.ogg,2
mabpar/XC178149.ogg,1
mabpar/iNat694064.ogg,3
mabpar/iNat1624194.ogg,3
mabpar/iNat1608302.ogg,3
mabpar/XC650345.ogg,2
mabpar/XC427879.ogg,2
mabpar/iNat398153.ogg,0
mabpar/XC177622.ogg,1
mabpar/XC85376.ogg,1
mabpar/XC299014.ogg,0
mabpar/XC299648.ogg,0
mabpar/XC427881.ogg,2
mabpar/XC325744.ogg,0
mabpar/XC4636.ogg,1
mabpar/XC532109.ogg,3
mabpar/XC187598.ogg,4
mabpar/XC156952.ogg,4
mabpar/iNat470720.ogg,4
mabpar/XC285535.ogg,3
mabpar/XC235058.ogg,1
mabpar/iNat1297348.ogg,1
mabpar/XC85370.ogg,1
mabpar/iNat504387.ogg,0
mabpar/iNat531649.ogg,4
mabpar/iNat302695.ogg,1
mabpar/iNat308992.ogg,1
mabpar/iNat308995.ogg,1
mabpar/iNat292556.ogg,1
mabpar/iNat294780.ogg,1
mabpar/XC321326.ogg,1
mabpar/iNat608146.ogg,3
mabpar/XC823309.ogg,4
mabpar/iNat1727586.ogg,1
mabpar/XC146358.ogg,1
mabpar/XC144930.ogg,1
mabpar/XC563600.ogg,3
mabpar/XC144477.ogg,1
mabpar/iNat1575881.ogg,0
mabpar/XC119363.ogg,3
mabpar/XC285514.ogg,3
mabpar/XC85373.ogg,1
mabpar/XC615554.ogg,1
mabpar/XC85374.ogg,1
mabpar/iNat1626097.ogg,3
mabpar/XC299300.ogg,1
mabpar/iNat1647767.ogg,4
mabpar/XC127180.ogg,4
mabpar/XC987490.ogg,3
mabpar/XC140008.ogg,4
mabpar/XC138558.ogg,4
mabpar/XC427880.ogg,2
mabpar/XC70767.ogg,1
mabpar/XC236550.ogg,1
mabpar/XC85371.ogg,1
mabpar/iNat1418849.ogg,4
mabpar/iNat1418929.ogg,4
mabpar/XC318904.ogg,1
mabpar/XC1059982.ogg,1
mabpar/XC415978.ogg,4
mabpar/XC1050305.ogg,0
mabpar/XC844663.ogg,0
mabpar/XC304351.ogg,1
mabpar/XC235053.ogg,1
mabpar/XC235052.ogg,1
mabpar/XC85372.ogg,1
magant1/XC854890.ogg,2
magant1/XC844038.ogg,3
magant1/XC707631.ogg,0
magant1/XC707630.ogg,0
magant1/XC707629.ogg,0
magant1/XC854906.ogg,2
magant1/XC461413.ogg,2
magant1/iNat396818.ogg,0
magant1/XC351255.ogg,1
magant1/XC351254.ogg,1
magant1/XC247458.ogg,1
magant1/XC351100.ogg,1
magant1/XC556204.ogg,2
magant1/XC556205.ogg,2
magant1/XC844053.ogg,3
magant1/XC741477.ogg,2
magant1/XC119762.ogg,2
magant1/XC119763.ogg,2
magant1/XC738434.ogg,4
magant1/XC192738.ogg,1
magant1/XC247456.ogg,1
magant1/XC247455.ogg,1
magant1/XC80136.ogg,1
magant1/XC310653.ogg,1
magant1/XC738481.ogg,4
magant1/XC2650.ogg,0
magant1/XC2643.ogg,0
magant1/XC2239.ogg,0
magant1/XC9558.ogg,3
magant1/XC9557.ogg,3
magant1/XC80137.ogg,1
magant1/XC497683.ogg,4
magant1/XC128561.ogg,3
magant1/XC124603.ogg,3
magant1/XC124602.ogg,3
magant1/XC381935.ogg,1
magant1/XC720684.ogg,3
magant1/XC657802.ogg,3
magant1/XC550393.ogg,3
magant1/XC116257.ogg,2
magant1/XC167630.ogg,0
magant1/XC602682.ogg,3
magant1/XC437915.ogg,1
magant1/XC247457.ogg,1
magant1/XC340953.ogg,1
magant1/XC50366.ogg,3
magant1/XC50365.ogg,3
magant1/XC834034.ogg,3
magant1/XC414060.ogg,2
magant1/XC116273.ogg,2
magant1/XC116272.ogg,2
magant1/XC116258.ogg,2
magant1/XC171666.ogg,3
magant1/XC414061.ogg,2
magant1/XC896227.ogg,0
magant1/iNat1614980.ogg,3
magant1/XC148932.ogg,0
magant1/XC178512.ogg,1
magant1/XC174040.ogg,2
magant1/XC345393.ogg,0
magant1/XC296920.ogg,3
magant1/XC358433.ogg,3
magant1/XC358432.ogg,3
magtan2/iNat1503818.ogg,2
magtan2/XC599040.ogg,1
magtan2/iNat69689.ogg,4
magtan2/iNat69690.ogg,4
magtan2/XC551855.ogg,3
magtan2/XC551854.ogg,3
magtan2/XC366561.ogg,3
magtan2/iNat1579540.ogg,2
magtan2/XC47047.ogg,3
magtan2/XC806612.ogg,2
magtan2/XC457349.ogg,3
magtan2/XC215501.ogg,1
magtan2/iNat561404.ogg,4
magtan2/iNat1190916.ogg,2
magtan2/XC422169.ogg,2
magtan2/XC84471.ogg,1
magtan2/XC299606.ogg,0
magtan2/XC299025.ogg,0
magtan2/XC419159.ogg,0
magtan2/XC333411.ogg,1
magtan2/XC188283.ogg,4
magtan2/XC199217.ogg,1
magtan2/XC121865.ogg,3
magtan2/XC118545.ogg,2
magtan2/XC1017207.ogg,3
magtan2/iNat1464651.ogg,4
magtan2/XC556217.ogg,2
magtan2/XC332800.ogg,4
magtan2/XC69953.ogg,1
magtan2/XC1003119.ogg,3
magtan2/XC215500.ogg,1
magtan2/XC84470.ogg,1
magtan2/XC551629.ogg,3
magtan2/XC1048815.ogg,3
magtan2/XC600142.ogg,2
magtan2/XC838521.ogg,2
magtan2/XC255988.ogg,2
magtan2/XC290325.ogg,4
magtan2/XC741866.ogg,2
magtan2/XC288332.ogg,2
magtan2/XC652679.ogg,2
magtan2/XC652662.ogg,2
magtan2/XC400336.ogg,4
magtan2/XC546032.ogg,3
magtan2/XC694930.ogg,4
magtan2/XC174070.ogg,2
magtan2/XC329067.ogg,0
magtan2/XC215497.ogg,1
magtan2/XC1034551.ogg,2
magtan2/XC486880.ogg,3
magtan2/XC944371.ogg,2
magtan2/XC769661.ogg,2
magtan2/XC118960.ogg,3
magtan2/XC215499.ogg,1
magtan2/XC215498.ogg,1
magtan2/iNat587901.ogg,1
magtan2/XC250666.ogg,3
magtan2/XC20719.ogg,3
magtan2/XC20720.ogg,3
magtan2/XC212940.ogg,3
magtan2/XC174360.ogg,0
magtan2/XC242422.ogg,3
magtan2/XC242423.ogg,3
magtan2/XC259762.ogg,4
magtan2/XC259760.ogg,4
magtan2/XC518297.ogg,2
magtan2/XC977281.ogg,1
magtan2/XC891154.ogg,1
magtan2/XC275142.ogg,0
magtan2/XC259761.ogg,4
magtan2/XC1035256.ogg,3
magtan2/XC617917.ogg,1
magtan2/XC571678.ogg,1
magtan2/XC567463.ogg,1
masgna1/iNat610619.ogg,3
masgna1/iNat610620.ogg,3
masgna1/iNat610621.ogg,3
masgna1/iNat610618.ogg,3
masgna1/iNat817987.ogg,3
masgna1/iNat321821.ogg,3
masgna1/iNat817980.ogg,3
masgna1/iNat817981.ogg,3
masgna1/iNat335478.ogg,3
masgna1/XC464384.ogg,3
masgna1/iNat156006.ogg,3
masgna1/iNat319287.ogg,3
masgna1/iNat304056.ogg,1
masgna1/iNat155618.ogg,4
masgna1/iNat417678.ogg,4
masgna1/iNat510053.ogg,4
masgna1/XC895813.ogg,3
masgna1/XC895809.ogg,3
masgna1/iNat520648.ogg,1
masgna1/XC510733.ogg,4
masgna1/XC194842.ogg,0
masgna1/XC194843.ogg,0
masgna1/iNat582794.ogg,4
masgna1/iNat700411.ogg,4
masgna1/XC396867.ogg,4
masgna1/iNat786930.ogg,2
masgna1/iNat41105.ogg,3
masgna1/XC282310.ogg,3
masgna1/XC51108.ogg,3
masgna1/XC703775.ogg,2
masgna1/XC953885.ogg,2
masgna1/XC842251.ogg,2
masgna1/XC841088.ogg,2
masgna1/XC749827.ogg,2
masgna1/XC673284.ogg,2
masgna1/XC700524.ogg,2
masgna1/iNat1709255.ogg,2
masgna1/iNat1635487.ogg,4
masgna1/XC552268.ogg,1
masgna1/XC552267.ogg,1
masgna1/XC540420.ogg,1
masgna1/XC540416.ogg,1
masgna1/XC778561.ogg,1
masgna1/iNat281943.ogg,2
masgna1/XC552266.ogg,1
masgna1/iNat791093.ogg,3
masgna1/XC825500.ogg,4
masgna1/iNat566252.ogg,4
masgna1/XC993747.ogg,1
masgna1/XC992351.ogg,1
masgna1/iNat1185428.ogg,3
masgna1/iNat1016942.ogg,3
masgna1/XC827707.ogg,4
masgna1/iNat791275.ogg,3
masgna1/iNat185071.ogg,3
masgna1/iNat488605.ogg,3
masgna1/iNat321932.ogg,3
masgna1/iNat321933.ogg,3
masgna1/iNat772480.ogg,3
masgna1/iNat79377.ogg,3
masgna1/iNat770321.ogg,3
masgna1/iNat210419.ogg,3
masgna1/iNat532474.ogg,3
masgna1/iNat516952.ogg,3
masgna1/iNat592777.ogg,3
masgna1/iNat537121.ogg,3
masgna1/iNat529275.ogg,3
masgna1/iNat401215.ogg,3
masgna1/iNat768635.ogg,3
masgna1/iNat533526.ogg,3
masgna1/iNat587390.ogg,3
masgna1/XC423989.ogg,2
masgna1/XC120291.ogg,2
masgna1/XC452386.ogg,3
masgna1/iNat530085.ogg,3
masgna1/XC147043.ogg,1
masgna1/XC147042.ogg,1
masgna1/iNat776652.ogg,1
masgna1/XC898522.ogg,1
masgna1/iNat1450462.ogg,3
masgna1/XC510885.ogg,3
masgna1/XC823487.ogg,4
masgna1/XC829120.ogg,4
masgna1/XC826773.ogg,4
masgna1/iNat584383.ogg,4
masgna1/iNat634820.ogg,4
masgna1/XC823944.ogg,4
masgna1/XC823927.ogg,4
masgna1/XC540423.ogg,1
masgna1/XC686644.ogg,2
masgna1/XC686553.ogg,2
masgna1/XC686542.ogg,2
masgna1/XC82362.ogg,1
masgna1/XC82361.ogg,1
masgna1/XC344478.ogg,1
masgna1/XC82189.ogg,1
masgna1/iNat905833.ogg,4
masgna1/iNat40919.ogg,3
masgna1/iNat40917.ogg,3
masgna1/XC506228.ogg,3
masgna1/XC506230.ogg,3
masgna1/XC200151.ogg,3
masgna1/XC405824.ogg,1
masgna1/XC576264.ogg,1
masgna1/iNat345826.ogg,4
masgna1/XC957921.ogg,4
masgna1/XC957905.ogg,4
masgna1/XC1042947.ogg,3
masgna1/XC1042946.ogg,3
masgna1/XC758434.ogg,1
masgna1/XC758433.ogg,1
masgna1/XC758432.ogg,1
masgna1/XC364123.ogg,3
masgna1/XC194847.ogg,0
masgna1/XC194846.ogg,0
masgna1/XC194844.ogg,0
masgna1/XC194845.ogg,0
masgna1/XC687748.ogg,3
masgna1/XC687747.ogg,3
masgna1/XC687725.ogg,3
masgna1/iNat364759.ogg,0
masgna1/XC394804.ogg,0
masgna1/XC687841.ogg,3
masgna1/iNat316029.ogg,1
masgna1/iNat316032.ogg,1
masgna1/XC580348.ogg,2
masgna1/iNat1627217.ogg,4
masgna1/XC391393.ogg,4
masgna1/XC391612.ogg,4
masgna1/XC600262.ogg,1
masgna1/XC444474.ogg,3
masgna1/XC444382.ogg,3
masgna1/XC51111.ogg,3
masgna1/XC51110.ogg,3
masgna1/XC51109.ogg,3
masgna1/XC1049878.ogg,4
masgna1/XC211753.ogg,0
masgna1/XC452486.ogg,2
masgna1/XC844021.ogg,3
masgna1/iNat396669.ogg,0
masgna1/XC974079.ogg,4
masgna1/XC114068.ogg,2
masgna1/XC114067.ogg,2
masgna1/XC114066.ogg,2
masgna1/XC114064.ogg,2
masgna1/XC234969.ogg,4
masgna1/XC854877.ogg,2
masgna1/XC421677.ogg,0
masgna1/XC295680.ogg,0
masgna1/XC420881.ogg,0
masgna1/XC299186.ogg,0
masgna1/XC573747.ogg,3
masgna1/XC573745.ogg,3
masgna1/XC573744.ogg,3
masgna1/XC446492.ogg,4
masgna1/XC418906.ogg,0
masgna1/XC418907.ogg,0
masgna1/XC326069.ogg,0
masgna1/XC325726.ogg,0
masgna1/XC394275.ogg,1
masgna1/XC990771.ogg,3
masgna1/XC82357.ogg,1
masgna1/XC145293.ogg,0
masgna1/XC145053.ogg,0
masgna1/XC145452.ogg,0
masgna1/XC708674.ogg,0
masgna1/XC319423.ogg,1
masgna1/XC34597.ogg,3
masgna1/XC151254.ogg,0
masgna1/XC663273.ogg,4
masgna1/XC82358.ogg,1
masgna1/XC863908.ogg,2
masgna1/XC838433.ogg,2
masgna1/XC973713.ogg,3
masgna1/XC704177.ogg,3
masgna1/XC704180.ogg,3
masgna1/XC189904.ogg,2
masgna1/XC189903.ogg,2
masgna1/XC189902.ogg,2
masgna1/XC189901.ogg,2
masgna1/XC433930.ogg,4
masgna1/XC470915.ogg,3
masgna1/XC832939.ogg,2
masgna1/XC737445.ogg,2
masgna1/XC737419.ogg,2
masgna1/XC809986.ogg,2
masgna1/XC82360.ogg,1
masgna1/XC82359.ogg,1
masgna1/XC123629.ogg,3
masgna1/XC123680.ogg,3
masgna1/XC602707.ogg,3
masgna1/XC483485.ogg,2
masgna1/XC498075.ogg,2
masgna1/XC476478.ogg,2
masgna1/XC476476.ogg,2
masgna1/XC445238.ogg,2
masgna1/XC763700.ogg,2
masgna1/XC763699.ogg,2
masgna1/XC920617.ogg,2
masgna1/XC645774.ogg,2
masgna1/XC599217.ogg,2
masgna1/XC407124.ogg,2
masgna1/XC407123.ogg,2
masgna1/XC665092.ogg,2
masgna1/XC743224.ogg,2
masgna1/XC1019643.ogg,2
masgna1/XC1019625.ogg,2
masgna1/XC971828.ogg,2
masgna1/XC800370.ogg,2
masgna1/XC800323.ogg,2
masgna1/XC253567.ogg,2
masgna1/XC931756.ogg,2
masgna1/XC924822.ogg,2
masgna1/XC903828.ogg,2
masgna1/XC734298.ogg,2
masgna1/XC448575.ogg,2
masgna1/XC147688.ogg,2
masgna1/XC961369.ogg,2
masgna1/XC9604.ogg,3
masgna1/XC116259.ogg,2
masgna1/XC367661.ogg,2
masgna1/XC818326.ogg,2
masgna1/XC699658.ogg,2
masgna1/XC157289.ogg,4
masgna1/iNat589519.ogg,4
masgna1/iNat626729.ogg,4
masgna1/XC393156.ogg,1
masgna1/iNat1385159.ogg,1
masgna1/iNat1114205.ogg,1
masgna1/XC385767.ogg,0
masgna1/XC385739.ogg,0
masgna1/XC884419.ogg,2
masgna1/XC1064101.ogg,3
masgna1/XC178504.ogg,1
masgna1/XC790468.ogg,2
masgna1/XC717534.ogg,2
masgna1/XC443363.ogg,2
masgna1/XC151192.ogg,2
masgna1/XC838058.ogg,2
masgna1/XC838050.ogg,2
masgna1/XC837905.ogg,2
masgna1/XC837924.ogg,2
masgna1/XC704181.ogg,3
masgna1/XC898365.ogg,2
masgna1/XC793148.ogg,2
masgna1/XC789067.ogg,2
masgna1/XC788943.ogg,2
masgna1/XC722504.ogg,4
masgna1/XC722502.ogg,4
masgna1/XC781127.ogg,2
masgna1/XC346507.ogg,0
masgna1/XC119040.ogg,3
masgna1/XC427830.ogg,2
masgna1/XC427829.ogg,2
masgna1/XC1049880.ogg,4
masgna1/XC708781.ogg,3
masgna1/XC720793.ogg,3
masgna1/XC720787.ogg,3
masgna1/XC211917.ogg,1
masgna1/XC522721.ogg,3
masgna1/iNat356085.ogg,0
masgna1/XC156967.ogg,4
masgna1/XC121247.ogg,3
nacnig1/iNat333764.ogg,4
nacnig1/XC608308.ogg,3
nacnig1/XC1039705.ogg,2
nacnig1/iNat1627666.ogg,3
nacnig1/iNat1240188.ogg,3
nacnig1/iNat1240189.ogg,3
nacnig1/iNat1261688.ogg,2
nacnig1/XC389490.ogg,3
nacnig1/XC311831.ogg,1
nacnig1/iNat1244065.ogg,1
nacnig1/XC51573.ogg,3
nacnig1/XC844048.ogg,3
nacnig1/XC422598.ogg,0
nacnig1/XC436512.ogg,2
nacnig1/XC577514.ogg,2
nacnig1/XC443373.ogg,2
nacnig1/XC413523.ogg,2
nacnig1/XC577516.ogg,2
ocecra1/iNat886978.ogg,1
ocecra1/iNat886977.ogg,1
ocecra1/iNat886979.ogg,1
ocecra1/iNat217632.ogg,4
ocecra1/iNat292150.ogg,0
ocecra1/iNat1252779.ogg,0
ocecra1/iNat403471.ogg,2
ocecra1/iNat374266.ogg,0
ocecra1/iNat613086.ogg,0
ocecra1/iNat1005718.ogg,2
ocecra1/iNat986872.ogg,4
ocecra1/iNat986912.ogg,4
ocecra1/iNat986863.ogg,4
ocecra1/iNat1163875.ogg,2
ocecra1/iNat1163877.ogg,2
oliwoo1/XC175716.ogg,2
oliwoo1/iNat787222.ogg,1
oliwoo1/XC1053054.ogg,2
oliwoo1/XC1053038.ogg,2
oliwoo1/iNat1613677.ogg,4
oliwoo1/iNat1613662.ogg,4
oliwoo1/iNat1613661.ogg,4
oliwoo1/iNat1346713.ogg,3
oliwoo1/iNat881180.ogg,1
oliwoo1/XC176523.ogg,1
oliwoo1/XC176600.ogg,0
oliwoo1/iNat1502267.ogg,2
oliwoo1/XC455559.ogg,3
oliwoo1/XC333059.ogg,1
oliwoo1/XC294732.ogg,1
oliwoo1/iNat83899.ogg,4
oliwoo1/XC587328.ogg,2
oliwoo1/XC587327.ogg,2
oliwoo1/XC474738.ogg,2
oliwoo1/XC550534.ogg,3
oliwoo1/XC550533.ogg,3
oliwoo1/XC550532.ogg,3
oliwoo1/XC550531.ogg,3
oliwoo1/XC365746.ogg,3
oliwoo1/XC114493.ogg,2
oliwoo1/XC114492.ogg,2
oliwoo1/XC586513.ogg,2
oliwoo1/XC586509.ogg,2
oliwoo1/XC479887.ogg,2
oliwoo1/XC157401.ogg,0
oliwoo1/XC166272.ogg,0
oliwoo1/XC897600.ogg,1
oliwoo1/XC897599.ogg,1
oliwoo1/XC725232.ogg,2
oliwoo1/XC939085.ogg,4
oliwoo1/iNat1225648.ogg,1
oliwoo1/iNat533632.ogg,1
oliwoo1/iNat514950.ogg,1
oliwoo1/iNat1425131.ogg,1
oliwoo1/XC476260.ogg,2
oliwoo1/XC254601.ogg,1
oliwoo1/iNat1485403.ogg,3
oliwoo1/iNat148955.ogg,4
oliwoo1/iNat864103.ogg,0
oliwoo1/XC179296.ogg,1
oliwoo1/XC403832.ogg,2
oliwoo1/XC774700.ogg,3
oliwoo1/XC929748.ogg,2
oliwoo1/XC929747.ogg,2
oliwoo1/XC819189.ogg,2
oliwoo1/XC843405.ogg,2
oliwoo1/iNat1387021.ogg,4
oliwoo1/XC592804.ogg,2
oliwoo1/XC329794.ogg,1
oliwoo1/XC770043.ogg,3
oliwoo1/XC770039.ogg,3
oliwoo1/XC419133.ogg,0
oliwoo1/XC419182.ogg,0
oliwoo1/XC325760.ogg,0
oliwoo1/XC419181.ogg,0
oliwoo1/XC435444.ogg,2
oliwoo1/XC614631.ogg,1
oliwoo1/XC325750.ogg,0
oliwoo1/XC422954.ogg,0
oliwoo1/XC421810.ogg,0
oliwoo1/XC212238.ogg,0
oliwoo1/XC705207.ogg,0
oliwoo1/iNat1055494.ogg,3
oliwoo1/iNat1285893.ogg,0
oliwoo1/XC5513.ogg,1
oliwoo1/XC254529.ogg,1
oliwoo1/XC435443.ogg,2
oliwoo1/XC500340.ogg,1
oliwoo1/iNat999021.ogg,2
oliwoo1/iNat1032764.ogg,2
oliwoo1/iNat1043508.ogg,2
oliwoo1/iNat1625491.ogg,2
oliwoo1/iNat1643738.ogg,2
oliwoo1/XC435648.ogg,2
oliwoo1/XC361124.ogg,3
oliwoo1/XC361122.ogg,3
oliwoo1/XC29154.ogg,3
oliwoo1/XC29152.ogg,3
oliwoo1/XC48544.ogg,4
oliwoo1/XC48543.ogg,4
oliwoo1/XC48542.ogg,4
oliwoo1/XC29153.ogg,3
oliwoo1/iNat425467.ogg,4
oliwoo1/iNat792688.ogg,4
oliwoo1/XC254521.ogg,1
oliwoo1/XC940199.ogg,3
oliwoo1/XC913223.ogg,1
oliwoo1/XC285543.ogg,3
oliwoo1/XC29155.ogg,3
oliwoo1/XC669036.ogg,0
oliwoo1/XC182797.ogg,1
oliwoo1/XC144769.ogg,1
oliwoo1/XC70844.ogg,1
oliwoo1/iNat532187.ogg,0
oliwoo1/iNat396535.ogg,0
oliwoo1/XC286741.ogg,1
oliwoo1/XC192333.ogg,4
oliwoo1/XC389463.ogg,4
oliwoo1/XC119072.ogg,3
oliwoo1/XC593181.ogg,1
oliwoo1/XC733363.ogg,3
oliwoo1/iNat1047997.ogg,4
oliwoo1/XC586982.ogg,4
oliwoo1/XC212239.ogg,0
oliwoo1/XC402631.ogg,4
oliwoo1/XC464745.ogg,2
oliwoo1/XC428636.ogg,2
oliwoo1/XC993190.ogg,3
oliwoo1/XC678053.ogg,2
oliwoo1/XC678050.ogg,2
oliwoo1/XC1045618.ogg,3
oliwoo1/iNat340664.ogg,4
oliwoo1/XC133634.ogg,1
oliwoo1/XC166047.ogg,0
oliwoo1/XC989809.ogg,3
oliwoo1/XC348736.ogg,1
oliwoo1/XC254590.ogg,1
oliwoo1/XC246803.ogg,3
oliwoo1/XC131337.ogg,3
oliwoo1/XC391931.ogg,3
oliwoo1/XC318804.ogg,1
oliwoo1/XC70830.ogg,1
oliwoo1/XC340960.ogg,1
oliwoo1/XC247505.ogg,3
oliwoo1/XC297862.ogg,4
oliwoo1/XC254595.ogg,1
oliwoo1/XC254597.ogg,1
oliwoo1/XC668986.ogg,3
oliwoo1/XC207580.ogg,3
oliwoo1/XC284581.ogg,4
oliwoo1/iNat365386.ogg,0
oliwoo1/XC297863.ogg,4
oliwoo1/iNat1677391.ogg,4
oliwoo1/XC52571.ogg,3
oliwoo1/XC52570.ogg,3
oliwoo1/XC1677.ogg,0
oliwoo1/XC1676.ogg,0
oliwoo1/XC1661.ogg,0
oliwoo1/iNat431070.ogg,2
oliwoo1/XC1535.ogg,0
oliwoo1/XC422976.ogg,0
oliwoo1/XC138543.ogg,4
oliwoo1/XC156586.ogg,2
oliwoo1/XC606744.ogg,3
oliwoo1/XC299048.ogg,0
oliwoo1/XC516216.ogg,3
oliwoo1/XC337375.ogg,4
oliwoo1/XC427954.ogg,2
oliwoo1/XC254520.ogg,1
oliwoo1/iNat787462.ogg,4
oliwoo1/XC292225.ogg,1
oliwoo1/XC732235.ogg,4
oliwoo1/XC1031800.ogg,4
oliwoo1/XC863805.ogg,2
oliwoo1/XC863740.ogg,2
oliwoo1/XC838379.ogg,2
oliwoo1/XC838358.ogg,2
oliwoo1/XC838431.ogg,2
oliwoo1/XC474855.ogg,4
oliwoo1/XC635079.ogg,3
oliwoo1/XC740190.ogg,3
oliwoo1/XC631884.ogg,3
oliwoo1/XC631203.ogg,4
oliwoo1/XC630658.ogg,4
oliwoo1/XC709392.ogg,3
oliwoo1/XC1065399.ogg,3
oliwoo1/XC479867.ogg,2
oliwoo1/XC483479.ogg,2
oliwoo1/XC483481.ogg,2
oliwoo1/XC483476.ogg,2
oliwoo1/XC483471.ogg,2
oliwoo1/XC708090.ogg,2
oliwoo1/XC708075.ogg,2
oliwoo1/XC748050.ogg,2
oliwoo1/XC704200.ogg,2
oliwoo1/XC565150.ogg,2
oliwoo1/XC747352.ogg,2
oliwoo1/XC745345.ogg,1
oliwoo1/XC662171.ogg,2
oliwoo1/XC920680.ogg,2
oliwoo1/XC872562.ogg,2
oliwoo1/XC710907.ogg,2
oliwoo1/XC541162.ogg,2
oliwoo1/XC743243.ogg,2
oliwoo1/XC741878.ogg,2
oliwoo1/XC1060001.ogg,2
oliwoo1/XC421453.ogg,0
oliwoo1/XC419603.ogg,0
oliwoo1/XC403833.ogg,2
oliwoo1/XC422770.ogg,0
oliwoo1/XC933844.ogg,2
oliwoo1/XC857487.ogg,2
oliwoo1/XC857465.ogg,2
oliwoo1/XC1009659.ogg,2
oliwoo1/XC748037.ogg,2
oliwoo1/XC748035.ogg,2
oliwoo1/XC421503.ogg,0
oliwoo1/XC421502.ogg,0
oliwoo1/XC694157.ogg,2
oliwoo1/XC401106.ogg,4
oliwoo1/XC495911.ogg,3
oliwoo1/XC432357.ogg,2
oliwoo1/XC707343.ogg,3
oliwoo1/XC514657.ogg,3
oliwoo1/XC709387.ogg,3
oliwoo1/XC955353.ogg,2
oliwoo1/XC709388.ogg,3
oliwoo1/XC674575.ogg,2
oliwoo1/XC659099.ogg,2
oliwoo1/XC618921.ogg,3
oliwoo1/XC864469.ogg,3
oliwoo1/XC80490.ogg,1
oliwoo1/XC659535.ogg,2
oliwoo1/XC80489.ogg,1
oliwoo1/XC901529.ogg,2
oliwoo1/XC64195.ogg,1
oliwoo1/XC789031.ogg,2
oliwoo1/XC789030.ogg,2
oliwoo1/XC965931.ogg,3
oliwoo1/XC1339.ogg,1
oliwoo1/XC965939.ogg,3
oliwoo1/XC965938.ogg,3
oliwoo1/XC965933.ogg,3
oliwoo1/XC965932.ogg,3
oliwoo1/XC584532.ogg,3
oliwoo1/XC583952.ogg,3
oliwoo1/XC80493.ogg,1
oliwoo1/XC80492.ogg,1
oliwoo1/XC80488.ogg,1
oliwoo1/XC856121.ogg,0
oliwoo1/XC453580.ogg,1
oliwoo1/XC587236.ogg,3
oliwoo1/XC254524.ogg,1
oliwoo1/XC965937.ogg,3
oliwoo1/XC965935.ogg,3
oliwoo1/XC965934.ogg,3
oliwoo1/XC254528.ogg,1
oliwoo1/XC713375.ogg,4
oliwoo1/XC713374.ogg,4
oliwoo1/XC713373.ogg,4
oliwoo1/iNat1063542.ogg,4
oliwoo1/XC152720.ogg,1
oliwoo1/XC131924.ogg,1
oliwoo1/XC607651.ogg,1
oliwoo1/XC497388.ogg,4
oliwoo1/XC497402.ogg,4
oliwoo1/XC64193.ogg,1
oliwoo1/XC64192.ogg,1
oliwoo1/XC760930.ogg,4
oliwoo1/XC775612.ogg,4
oliwoo1/XC2659.ogg,0
oliwoo1/XC685616.ogg,4
oliwoo1/XC864466.ogg,3
oliwoo1/XC1069061.ogg,1
oliwoo1/XC1068943.ogg,1
oliwoo1/XC62007.ogg,1
oliwoo1/XC576387.ogg,3
oliwoo1/XC423585.ogg,3
oliwoo1/XC497994.ogg,3
oliwoo1/XC497981.ogg,3
oliwoo1/XC570675.ogg,3
oliwoo1/XC570673.ogg,3
oliwoo1/XC669562.ogg,3
oliwoo1/XC669561.ogg,3
oliwoo1/XC328525.ogg,0
oliwoo1/XC483164.ogg,3
oliwoo1/XC522703.ogg,3
oliwoo1/XC521973.ogg,3
oliwoo1/XC570358.ogg,4
oliwoo1/XC500654.ogg,3
oliwoo1/XC697340.ogg,2
oliwoo1/XC482160.ogg,0
oliwoo1/XC536642.ogg,0
oliwoo1/XC520356.ogg,3
oliwoo1/XC520353.ogg,3
oliwoo1/XC520324.ogg,3
oliwoo1/XC668622.ogg,3
oliwoo1/XC821653.ogg,2
oliwoo1/XC821652.ogg,2
oliwoo1/XC821687.ogg,2
oliwoo1/XC821686.ogg,2
oliwoo1/XC983224.ogg,1
oliwoo1/XC983222.ogg,1
oliwoo1/XC487460.ogg,3
oliwoo1/XC142178.ogg,3
oliwoo1/XC254522.ogg,1
oliwoo1/XC80491.ogg,1
oliwoo1/XC415019.ogg,4
oliwoo1/XC321376.ogg,1
oliwoo1/XC427955.ogg,2
oliwoo1/XC247.ogg,1
oliwoo1/XC764127.ogg,1
oliwoo1/XC762467.ogg,3
oliwoo1/XC764826.ogg,4
oliwoo1/XC817273.ogg,2
oliwoo1/XC122267.ogg,3
oliwoo1/XC1025390.ogg,4
oliwoo1/XC1003402.ogg,4
oliwoo1/XC119615.ogg,3
oliwoo1/XC252306.ogg,2
oliwoo1/XC659191.ogg,3
oliwoo1/XC258266.ogg,4
oliwoo1/XC595491.ogg,4
oliwoo1/XC592808.ogg,4
oliwoo1/XC974360.ogg,2
oliwoo1/XC974358.ogg,2
oliwoo1/XC974350.ogg,2
oliwoo1/XC250231.ogg,3
oliwoo1/XC388507.ogg,3
oliwoo1/XC118473.ogg,3
oliwoo1/iNat1212259.ogg,2
oliwoo1/iNat1212260.ogg,2
oliwoo1/iNat1212261.ogg,2
oliwoo1/iNat1212264.ogg,2
oliwoo1/iNat1212263.ogg,2
oliwoo1/iNat1212262.ogg,2
oliwoo1/iNat1212267.ogg,2
oliwoo1/iNat1212266.ogg,2
oliwoo1/iNat1212265.ogg,2
oliwoo1/iNat1168576.ogg,2
oliwoo1/iNat1212308.ogg,2
oliwoo1/iNat1212309.ogg,2
oliwoo1/iNat1212310.ogg,2
oliwoo1/iNat1212311.ogg,2
oliwoo1/iNat1160905.ogg,2
oliwoo1/iNat1212288.ogg,2
oliwoo1/iNat1212296.ogg,2
oliwoo1/iNat1212280.ogg,2
oliwoo1/iNat1212305.ogg,2
oliwoo1/iNat1212290.ogg,2
oliwoo1/iNat1212291.ogg,2
oliwoo1/iNat1212295.ogg,2
oliwoo1/iNat1212282.ogg,2
oliwoo1/iNat1212306.ogg,2
oliwoo1/iNat1212286.ogg,2
oliwoo1/iNat1166889.ogg,2
oliwoo1/iNat1173996.ogg,4
oliwoo1/iNat1173999.ogg,4
oliwoo1/iNat1174003.ogg,4
oliwoo1/iNat1174007.ogg,4
oliwoo1/iNat1212313.ogg,2
oliwoo1/iNat1212314.ogg,2
oliwoo1/iNat1212315.ogg,2
oliwoo1/iNat1212316.ogg,2
oliwoo1/iNat1212317.ogg,2
oliwoo1/iNat1212318.ogg,2
oliwoo1/iNat1173688.ogg,4
oliwoo1/iNat1173691.ogg,4
oliwoo1/iNat1173693.ogg,4
oliwoo1/iNat1173694.ogg,4
oliwoo1/iNat1171562.ogg,4
oliwoo1/iNat1171563.ogg,4
oliwoo1/iNat1171564.ogg,4
oliwoo1/iNat1171565.ogg,4
oliwoo1/XC493832.ogg,2
oliwoo1/XC747666.ogg,3
oliwoo1/XC394820.ogg,0
oliwoo1/XC959516.ogg,1
oliwoo1/XC959482.ogg,1
oliwoo1/XC959479.ogg,1
oliwoo1/XC952288.ogg,1
oliwoo1/XC216618.ogg,4
oliwoo1/XC258267.ogg,4
oliwoo1/XC276495.ogg,1
oliwoo1/XC831880.ogg,2
oliwoo1/XC264565.ogg,4
oliwoo1/XC126002.ogg,4
oliwoo1/XC9474.ogg,3
oliwoo1/XC251549.ogg,3
oliwoo1/XC260713.ogg,0
oliwoo1/XC258264.ogg,4
oliwoo1/XC258263.ogg,4
oliwoo1/XC258265.ogg,4
oliwoo1/XC420710.ogg,0
oliwoo1/XC248790.ogg,3
oliwoo1/XC248788.ogg,3
oliwoo1/XC258262.ogg,4
oliwoo1/XC258261.ogg,4
oliwoo1/XC282543.ogg,3
oliwoo1/XC861427.ogg,1
oliwoo1/XC861428.ogg,1
oliwoo1/XC525650.ogg,3
oliwoo1/XC525419.ogg,3
oliwoo1/XC862987.ogg,1
oliwoo1/XC955347.ogg,1
oliwoo1/XC862988.ogg,1
oliwoo1/XC518145.ogg,3
oliwoo1/XC893909.ogg,1
oliwoo1/XC24721.ogg,2
oliwoo1/XC893908.ogg,1
oliwoo1/XC631936.ogg,3
oliwoo1/XC397529.ogg,2
oliwoo1/XC443234.ogg,3
oliwoo1/XC539972.ogg,4
oliwoo1/XC137720.ogg,1
oliwoo1/XC137718.ogg,1
oliwoo1/XC137717.ogg,1
oliwoo1/XC872748.ogg,3
oliwoo1/XC66062.ogg,1
oliwoo1/XC291703.ogg,2
oliwoo1/XC713594.ogg,2
oliwoo1/XC185919.ogg,0
oliwoo1/XC442655.ogg,2
oliwoo1/XC934349.ogg,1
oliwoo1/XC796933.ogg,1
oliwoo1/XC694428.ogg,0
oliwoo1/XC773028.ogg,0
oliwoo1/iNat443296.ogg,4
oliwoo1/XC618926.ogg,4
oliwoo1/iNat910986.ogg,0
oliwoo1/iNat911026.ogg,1
oliwoo1/XC365403.ogg,2
oliwoo1/XC360968.ogg,1
oliwoo1/XC444713.ogg,3
oliwoo1/iNat547793.ogg,4
oliwoo1/XC332430.ogg,4
oliwoo1/iNat542639.ogg,4
oliwoo1/XC501903.ogg,3
oliwoo1/XC65709.ogg,1
orbtro3/XC730629.ogg,1
orbtro3/XC724696.ogg,1
orbtro3/XC431280.ogg,1
orbtro3/XC616306.ogg,1
orbtro3/XC341787.ogg,1
orbtro3/XC114112.ogg,2
orbtro3/XC705646.ogg,0
orbtro3/XC351067.ogg,1
orbtro3/XC213029.ogg,1
orbtro3/XC84565.ogg,1
orbtro3/XC84563.ogg,1
orbtro3/XC192771.ogg,1
orbtro3/XC700643.ogg,0
orbtro3/XC124620.ogg,3
orbtro3/XC123685.ogg,3
orbtro3/XC84566.ogg,1
orbtro3/XC705681.ogg,1
orbtro3/XC763702.ogg,2
orbtro3/XC599534.ogg,2
orbtro3/XC506276.ogg,2
orbtro3/XC646625.ogg,2
orbtro3/XC646624.ogg,2
orbtro3/XC50101.ogg,3
orbtro3/XC415467.ogg,2
orbtro3/iNat514476.ogg,4
orbtro3/XC136188.ogg,1
orbtro3/XC400316.ogg,4
orbtro3/XC708799.ogg,3
orbtro3/XC385729.ogg,0
orbtro3/XC385728.ogg,0
orbtro3/XC953799.ogg,1
orbtro3/XC432332.ogg,2
orbtro3/XC178365.ogg,1
orbtro3/XC174048.ogg,2
orbtro3/XC110425.ogg,0
orbtro3/XC837989.ogg,2
orbtro3/XC297348.ogg,3
orbtro3/XC793167.ogg,2
orbtro3/XC788985.ogg,2
orbtro3/XC788977.ogg,2
orbtro3/XC788971.ogg,2
orbtro3/XC701861.ogg,4
orbtro3/iNat348021.ogg,4
orbtro3/XC63563.ogg,1
orbtro3/XC441419.ogg,1
orbtro3/XC409065.ogg,1
orbtro3/XC566915.ogg,3
orbtro3/XC474415.ogg,3
orbtro3/XC474414.ogg,3
orbtro3/XC536720.ogg,0
orbtro3/XC536174.ogg,0
orbtro3/XC384515.ogg,1
orbtro3/iNat190501.ogg,0
orbtro3/XC206798.ogg,3
orbtro3/XC762412.ogg,3
orbtro3/XC764003.ogg,1
orbtro3/XC260038.ogg,4
orbtro3/iNat605190.ogg,3
orbtro3/XC202247.ogg,3
orbtro3/XC675853.ogg,3
orbtro3/XC260035.ogg,4
orbtro3/XC276115.ogg,1
orbtro3/XC263025.ogg,1
orbtro3/XC264899.ogg,4
orbtro3/XC260037.ogg,4
orbtro3/XC260036.ogg,4
orbtro3/XC827220.ogg,1
orbtro3/XC208721.ogg,0
orbtro3/XC208720.ogg,0
orbtro3/XC323916.ogg,2
orbtro3/XC579835.ogg,1
orbtro3/XC580196.ogg,1
orbtro3/XC580195.ogg,1
orbtro3/XC252406.ogg,3
orbtro3/XC625536.ogg,1
orbtro3/XC939131.ogg,2
orbtro3/XC611570.ogg,3
orbtro3/XC1033683.ogg,3
orbtro3/XC1033691.ogg,3
orbtro3/XC122706.ogg,2
orbtro3/XC680708.ogg,3
orwpar/iNat1687083.ogg,3
orwpar/iNat1687085.ogg,3
orwpar/XC582174.ogg,3
orwpar/XC582173.ogg,3
orwpar/XC953810.ogg,1
orwpar/XC377224.ogg,1
orwpar/XC538585.ogg,1
orwpar/XC538224.ogg,1
orwpar/XC388109.ogg,3
orwpar/XC388084.ogg,3
orwpar/iNat564669.ogg,2
orwpar/iNat564670.ogg,2
orwpar/iNat1355177.ogg,3
orwpar/XC743831.ogg,4
orwpar/XC705448.ogg,0
orwpar/XC299163.ogg,0
orwpar/XC299162.ogg,0
orwpar/XC1003079.ogg,3
orwpar/iNat1503877.ogg,1
orwpar/XC128919.ogg,4
orwpar/XC84836.ogg,1
orwpar/XC530249.ogg,4
orwpar/XC341109.ogg,1
orwpar/XC341106.ogg,1
orwpar/XC235512.ogg,1
orwpar/XC341103.ogg,1
orwpar/iNat396153.ogg,0
orwpar/XC606608.ogg,3
orwpar/XC838334.ogg,2
orwpar/XC933506.ogg,3
orwpar/XC255987.ogg,2
orwpar/XC705647.ogg,0
orwpar/XC706034.ogg,0
orwpar/XC681209.ogg,2
orwpar/XC690723.ogg,2
orwpar/XC536810.ogg,2
orwpar/XC414186.ogg,2
orwpar/XC414185.ogg,2
orwpar/XC746479.ogg,2
orwpar/XC1019628.ogg,2
orwpar/XC995233.ogg,2
orwpar/XC477135.ogg,2
orwpar/XC419419.ogg,0
orwpar/XC419568.ogg,0
orwpar/XC803276.ogg,2
orwpar/XC930893.ogg,2
orwpar/XC414187.ogg,2
orwpar/iNat1153833.ogg,0
orwpar/XC325610.ogg,0
orwpar/XC174769.ogg,3
orwpar/XC738976.ogg,2
orwpar/XC692038.ogg,2
orwpar/XC419279.ogg,0
orwpar/XC419188.ogg,0
orwpar/XC404461.ogg,3
orwpar/XC385698.ogg,0
orwpar/XC178505.ogg,1
orwpar/XC174041.ogg,2
orwpar/XC573042.ogg,2
orwpar/XC448460.ogg,2
orwpar/XC443371.ogg,2
orwpar/XC837903.ogg,2
orwpar/XC837899.ogg,2
orwpar/XC707118.ogg,3
orwpar/XC984029.ogg,4
orwpar/XC984030.ogg,4
orwpar/XC84838.ogg,1
orwpar/XC331166.ogg,1
orwpar/XC754414.ogg,2
orwpar/XC482253.ogg,0
orwpar/XC522156.ogg,3
orwpar/XC521358.ogg,3
orwpar/XC155444.ogg,1
orwpar/XC782554.ogg,3
orwpar/XC669563.ogg,3
orwpar/XC84837.ogg,1
orwpar/XC821661.ogg,2
orwpar/XC821660.ogg,2
orwpar/XC483329.ogg,3
orwpar/XC207679.ogg,2
orwpar/XC816857.ogg,2
orwpar/XC483922.ogg,3
orwpar/XC483918.ogg,3
orwpar/XC1035478.ogg,2
orwpar/XC1035447.ogg,2
orwpar/XC384628.ogg,4
orwpar/iNat1657675.ogg,0
orwpar/iNat612428.ogg,0
orwpar/XC434012.ogg,3
orwpar/XC782787.ogg,0
orwpar/XC782785.ogg,0
orwpar/XC493217.ogg,2
orwpar/XC742058.ogg,0
orwpar/XC817220.ogg,2
orwpar/XC769659.ogg,2
orwpar/XC493447.ogg,2
orwpar/iNat587906.ogg,1
orwpar/XC1034669.ogg,2
orwpar/XC974647.ogg,2
orwpar/XC755.ogg,1
orwpar/iNat1212326.ogg,2
orwpar/iNat354188.ogg,0
orwpar/XC524441.ogg,0
orwpar/iNat1195800.ogg,1
orwpar/XC125962.ogg,4
orwpar/iNat1326774.ogg,3
orwpar/XC243413.ogg,1
orwpar/XC257698.ogg,4
orwpar/XC257697.ogg,4
orwpar/XC257696.ogg,4
orwpar/XC260407.ogg,0
orwpar/XC237942.ogg,3
orwpar/XC856894.ogg,0
orwpar/XC257695.ogg,4
orwpar/XC478367.ogg,4
orwpar/XC742793.ogg,0
orwpar/XC235513.ogg,1
orwpar/XC609565.ogg,1
orwpar/XC692858.ogg,3
orwpar/XC692851.ogg,3
orwpar/XC1067298.ogg,3
orwpar/XC690802.ogg,3
orwpar/XC442172.ogg,3
orwpar/XC683900.ogg,1
orwpar/XC617916.ogg,1
orwpar/XC561386.ogg,1
orwpar/XC825537.ogg,4
orwpar/XC939895.ogg,2
orwpar/XC507125.ogg,3
orwpar/XC939087.ogg,2
orwpar/iNat1026570.ogg,2
orwpar/XC450821.ogg,0
orwpar/XC801663.ogg,4
orwpar/XC946299.ogg,4
orwpar/XC148196.ogg,3
orwpar/XC1054416.ogg,3
orwpar/XC823767.ogg,3
orwpar/iNat560153.ogg,3
orwpar/XC724993.ogg,2
orwpar/XC119591.ogg,4
orwpar/XC877463.ogg,3
orwpar/XC128652.ogg,2
orwpar/XC1032337.ogg,3
orwpar/XC506054.ogg,4
orwpar/iNat1020465.ogg,1
orwpar/iNat990581.ogg,2
orwpar/iNat1625120.ogg,2
orwpar/XC925579.ogg,3
orwpar/XC243648.ogg,3
orwpar/XC243643.ogg,3
orwpar/XC939294.ogg,2
orwpar/XC939292.ogg,2
orwpar/XC401276.ogg,3
orwpar/iNat1019755.ogg,4
orwpar/iNat1019757.ogg,4
orwpar/iNat681525.ogg,2
orwpar/iNat681521.ogg,2
orwpar/XC945986.ogg,2
orwpar/XC245419.ogg,4
orwpar/XC469447.ogg,3
orwpar/XC245466.ogg,3
orwpar/XC245453.ogg,3
orwpar/XC244204.ogg,4
orwpar/XC244203.ogg,4
orwpar/XC244202.ogg,4
orwpar/iNat1714323.ogg,2
orwpar/XC318492.ogg,1
orwpar/iNat317247.ogg,4
orwpar/iNat1547361.ogg,3
orwpar/XC502281.ogg,1
orwpar/iNat48410.ogg,1
orwpar/iNat814262.ogg,2
orwpar/iNat1656571.ogg,2
orwpar/iNat1631912.ogg,2
orwpar/iNat1301730.ogg,2
orwpar/iNat819880.ogg,2
orwpar/iNat1069534.ogg,2
orwpar/iNat1275334.ogg,2
orwpar/iNat150257.ogg,1
orwpar/iNat1070222.ogg,0
orwpar/iNat824712.ogg,2
orwpar/XC460396.ogg,0
orwpar/iNat1079708.ogg,0
orwpar/XC305225.ogg,4
orwpar/iNat1027461.ogg,3
orwpar/iNat489802.ogg,1
orwpar/iNat1077629.ogg,4
orwpar/iNat1163135.ogg,4
orwpar/iNat1328919.ogg,2
orwpar/iNat115290.ogg,0
orwpar/iNat120101.ogg,0
orwpar/iNat1309440.ogg,2
orwpar/XC246241.ogg,2
orwpar/XC246243.ogg,2
orwpar/XC246242.ogg,2
osprey/XC534561.ogg,3
osprey/iNat1371014.ogg,4
osprey/iNat245926.ogg,4
osprey/iNat1693776.ogg,2
osprey/iNat226664.ogg,4
osprey/iNat1194943.ogg,3
osprey/iNat916946.ogg,0
osprey/iNat302955.ogg,3
osprey/iNat374578.ogg,2
osprey/iNat730480.ogg,4
osprey/iNat927283.ogg,0
osprey/iNat618724.ogg,0
osprey/iNat612247.ogg,2
osprey/iNat1047048.ogg,4
osprey/iNat483963.ogg,1
osprey/XC225658.ogg,1
osprey/XC670352.ogg,1
osprey/iNat1729203.ogg,0
osprey/iNat398252.ogg,3
osprey/XC825313.ogg,3
osprey/iNat1261392.ogg,3
osprey/iNat758898.ogg,3
osprey/iNat1368154.ogg,3
osprey/iNat1135468.ogg,3
osprey/iNat1131047.ogg,0
osprey/iNat295741.ogg,1
osprey/XC1013321.ogg,4
osprey/iNat390870.ogg,1
osprey/XC265661.ogg,4
osprey/XC194723.ogg,1
osprey/XC183064.ogg,2
osprey/iNat762344.ogg,2
osprey/iNat458395.ogg,4
osprey/XC924318.ogg,3
osprey/iNat489755.ogg,1
osprey/XC384803.ogg,3
osprey/iNat784270.ogg,0
osprey/XC509477.ogg,3
osprey/iNat412214.ogg,3
osprey/iNat380295.ogg,0
osprey/iNat1159016.ogg,4
osprey/XC994089.ogg,0
osprey/iNat191417.ogg,0
osprey/iNat964232.ogg,4
osprey/iNat1607715.ogg,1
osprey/iNat945688.ogg,3
osprey/iNat1187680.ogg,0
osprey/XC152360.ogg,1
osprey/iNat201802.ogg,4
osprey/iNat376664.ogg,0
osprey/iNat514014.ogg,1
osprey/iNat1484308.ogg,0
osprey/iNat632961.ogg,3
osprey/XC575221.ogg,0
osprey/iNat653605.ogg,4
osprey/iNat751499.ogg,3
osprey/XC977163.ogg,1
osprey/iNat203297.ogg,0
osprey/iNat492734.ogg,1
osprey/iNat442114.ogg,2
osprey/XC951390.ogg,2
osprey/XC466220.ogg,3
osprey/XC460749.ogg,1
osprey/iNat1004561.ogg,2
osprey/iNat745972.ogg,3
osprey/iNat187766.ogg,4
osprey/iNat555.ogg,3
osprey/iNat758899.ogg,3
osprey/XC452068.ogg,1
osprey/iNat63124.ogg,1
osprey/iNat1144757.ogg,2
osprey/iNat916947.ogg,0
osprey/iNat908204.ogg,1
osprey/XC138770.ogg,1
osprey/iNat1398129.ogg,3
osprey/iNat38128.ogg,0
osprey/XC994088.ogg,0
osprey/iNat426414.ogg,0
osprey/iNat1569569.ogg,0
osprey/iNat59041.ogg,0
osprey/iNat294510.ogg,3
osprey/iNat1115478.ogg,4
osprey/iNat780640.ogg,4
osprey/XC288796.ogg,2
osprey/iNat1231784.ogg,0
osprey/iNat748782.ogg,4
osprey/iNat642601.ogg,2
osprey/XC671347.ogg,4
osprey/XC122906.ogg,2
osprey/iNat173577.ogg,1
osprey/iNat513999.ogg,2
osprey/iNat271040.ogg,4
osprey/iNat340871.ogg,2
osprey/XC721671.ogg,4
osprey/iNat319284.ogg,3
osprey/iNat227465.ogg,4
osprey/iNat1720623.ogg,0
osprey/iNat951779.ogg,1
osprey/XC169234.ogg,1
osprey/iNat1081010.ogg,3
osprey/XC532161.ogg,1
osprey/iNat1141360.ogg,0
osprey/iNat1102521.ogg,3
osprey/iNat1595562.ogg,3
osprey/iNat792610.ogg,0
osprey/iNat354715.ogg,2
osprey/XC664256.ogg,2
osprey/XC478513.ogg,2
osprey/XC764010.ogg,4
osprey/XC270546.ogg,3
osprey/iNat24777.ogg,4
osprey/iNat309976.ogg,2
osprey/iNat32830.ogg,4
osprey/iNat1570067.ogg,1
osprey/iNat1260839.ogg,0
osprey/iNat1282345.ogg,1
osprey/iNat1547337.ogg,2
osprey/iNat1138216.ogg,2
osprey/iNat1469254.ogg,0
osprey/iNat1201682.ogg,2
osprey/XC580785.ogg,1
osprey/iNat79906.ogg,4
osprey/iNat33234.ogg,0
osprey/XC301217.ogg,1
osprey/iNat792607.ogg,0
osprey/iNat691918.ogg,0
osprey/iNat1538892.ogg,4
osprey/iNat34675.ogg,4
osprey/iNat505790.ogg,4
osprey/iNat1359973.ogg,2
osprey/iNat1370949.ogg,1
osprey/iNat1314671.ogg,2
osprey/iNat1618665.ogg,2
osprey/iNat360691.ogg,0
osprey/iNat449009.ogg,1
osprey/iNat1099131.ogg,3
osprey/iNat298906.ogg,1
osprey/iNat238753.ogg,0
osprey/iNat524496.ogg,4
osprey/iNat1414539.ogg,1
osprey/XC979316.ogg,2
osprey/iNat1070554.ogg,2
osprey/XC272311.ogg,1
osprey/XC799597.ogg,3
osprey/XC448776.ogg,1
osprey/XC760074.ogg,1
osprey/iNat628034.ogg,0
osprey/iNat946673.ogg,2
osprey/iNat1538891.ogg,4
osprey/XC453006.ogg,1
osprey/iNat525638.ogg,3
osprey/iNat1618940.ogg,4
osprey/XC840078.ogg,0
osprey/iNat1692289.ogg,4
osprey/iNat1223106.ogg,4
osprey/iNat376661.ogg,0
osprey/iNat956571.ogg,2
osprey/XC670351.ogg,1
osprey/iNat439593.ogg,4
osprey/iNat1058291.ogg,4
osprey/iNat496238.ogg,2
osprey/iNat434577.ogg,0
osprey/XC739086.ogg,4
osprey/iNat329328.ogg,2
osprey/iNat661776.ogg,3
osprey/iNat1051351.ogg,3
osprey/iNat815006.ogg,2
osprey/iNat896792.ogg,2
osprey/iNat545842.ogg,1
osprey/iNat1556374.ogg,0
osprey/iNat612248.ogg,2
osprey/XC174764.ogg,0
osprey/iNat1413454.ogg,3
osprey/XC899493.ogg,3
osprey/XC602075.ogg,1
osprey/iNat385662.ogg,3
osprey/XC414080.ogg,1
osprey/iNat1635403.ogg,1
osprey/iNat1682227.ogg,2
osprey/XC447580.ogg,3
osprey/iNat303203.ogg,4
osprey/iNat130206.ogg,3
osprey/iNat310641.ogg,1
osprey/iNat525089.ogg,0
osprey/iNat1166051.ogg,4
osprey/XC109037.ogg,2
osprey/iNat1162431.ogg,1
osprey/iNat534356.ogg,0
osprey/XC520049.ogg,3
osprey/iNat529427.ogg,3
osprey/XC254695.ogg,3
osprey/iNat943167.ogg,0
osprey/XC434498.ogg,3
osprey/iNat785722.ogg,3
osprey/iNat105134.ogg,0
osprey/XC109330.ogg,4
osprey/iNat131913.ogg,3
osprey/iNat393353.ogg,0
osprey/iNat133040.ogg,0
osprey/iNat383643.ogg,3
osprey/iNat626122.ogg,2
osprey/iNat34846.ogg,1
osprey/iNat1589816.ogg,3
osprey/iNat406878.ogg,0
osprey/iNat525678.ogg,0
osprey/XC703247.ogg,0
osprey/iNat82421.ogg,4
osprey/iNat479394.ogg,1
osprey/iNat1577311.ogg,0
osprey/iNat376728.ogg,2
osprey/iNat955263.ogg,2
osprey/XC465327.ogg,3
osprey/iNat426412.ogg,0
osprey/iNat530152.ogg,1
osprey/XC982371.ogg,2
osprey/XC424249.ogg,1
osprey/iNat130212.ogg,3
osprey/XC466212.ogg,3
osprey/iNat641019.ogg,1
osprey/XC466207.ogg,3
osprey/iNat927275.ogg,0
osprey/iNat280363.ogg,3
osprey/iNat307692.ogg,1
osprey/iNat293483.ogg,2
osprey/iNat502184.ogg,4
osprey/XC109038.ogg,2
osprey/iNat1666564.ogg,0
osprey/iNat1004549.ogg,1
osprey/iNat1636350.ogg,3
osprey/iNat788102.ogg,0
osprey/iNat624555.ogg,0
osprey/XC545879.ogg,1
osprey/iNat1111429.ogg,2
osprey/iNat125245.ogg,4
osprey/iNat1670343.ogg,1
osprey/iNat539305.ogg,4
osprey/iNat747111.ogg,4
osprey/iNat1369449.ogg,3
osprey/XC670355.ogg,1
osprey/iNat288776.ogg,4
osprey/iNat1122191.ogg,3
osprey/iNat200308.ogg,0
osprey/iNat1115947.ogg,0
osprey/iNat100066.ogg,3
osprey/iNat286704.ogg,3
osprey/iNat126091.ogg,4
osprey/iNat1140543.ogg,4
osprey/XC789814.ogg,4
osprey/iNat1382549.ogg,3
osprey/iNat1599799.ogg,3
osprey/XC841760.ogg,0
osprey/iNat1285384.ogg,0
osprey/iNat747591.ogg,3
osprey/iNat482127.ogg,3
osprey/iNat479362.ogg,4
osprey/iNat1149651.ogg,3
osprey/iNat99434.ogg,4
osprey/XC493749.ogg,1
osprey/iNat1153593.ogg,4
osprey/XC760075.ogg,1
osprey/iNat463650.ogg,0
osprey/iNat1638851.ogg,4
osprey/XC540198.ogg,4
osprey/iNat1597743.ogg,1
osprey/iNat367158.ogg,4
osprey/iNat236121.ogg,4
osprey/iNat1618941.ogg,4
osprey/iNat606593.ogg,1
osprey/iNat50258.ogg,4
osprey/iNat1545860.ogg,3
osprey/iNat1055509.ogg,2
osprey/iNat1035044.ogg,1
osprey/XC42192.ogg,0
osprey/iNat797599.ogg,3
osprey/iNat532362.ogg,0
osprey/iNat642910.ogg,2
osprey/iNat1149141.ogg,3
osprey/iNat1152682.ogg,2
osprey/iNat120805.ogg,4
osprey/iNat498746.ogg,1
osprey/XC926548.ogg,4
osprey/iNat733055.ogg,4
osprey/iNat1090289.ogg,3
osprey/iNat1189377.ogg,4
osprey/iNat658506.ogg,1
osprey/iNat1135797.ogg,0
osprey/XC344856.ogg,1
osprey/XC124926.ogg,4
osprey/iNat717865.ogg,3
osprey/XC602073.ogg,1
osprey/XC453005.ogg,1
osprey/iNat1584200.ogg,4
osprey/iNat246527.ogg,4
osprey/iNat1722929.ogg,4
osprey/iNat994193.ogg,2
osprey/XC192153.ogg,1
osprey/iNat100038.ogg,4
osprey/iNat132477.ogg,2
osprey/iNat804339.ogg,0
osprey/iNat1599901.ogg,0
osprey/iNat516795.ogg,2
osprey/iNat626497.ogg,1
osprey/iNat100065.ogg,3
osprey/XC783486.ogg,3
osprey/iNat988036.ogg,3
osprey/XC530768.ogg,3
osprey/iNat767253.ogg,4
osprey/iNat1005057.ogg,0
osprey/iNat328114.ogg,0
osprey/iNat1203284.ogg,3
osprey/iNat232424.ogg,4
osprey/iNat980964.ogg,2
osprey/iNat398970.ogg,3
osprey/iNat1355409.ogg,1
osprey/iNat171870.ogg,0
osprey/XC721669.ogg,4
osprey/iNat836277.ogg,0
osprey/XC599672.ogg,2
osprey/iNat341977.ogg,4
osprey/iNat773215.ogg,0
osprey/iNat340870.ogg,4
osprey/iNat1612780.ogg,4
osprey/iNat998657.ogg,0
osprey/iNat1600637.ogg,4
osprey/iNat506475.ogg,2
osprey/iNat132489.ogg,2
osprey/iNat1197496.ogg,3
osprey/iNat1604222.ogg,3
osprey/iNat789164.ogg,3
osprey/iNat516229.ogg,1
osprey/XC272314.ogg,1
osprey/XC349609.ogg,1
osprey/iNat1619932.ogg,3
osprey/iNat1613368.ogg,3
osprey/XC826075.ogg,2
osprey/XC602071.ogg,1
osprey/XC270547.ogg,3
osprey/iNat1720620.ogg,0
osprey/iNat1721581.ogg,0
osprey/iNat1204386.ogg,2
osprey/iNat786260.ogg,4
osprey/iNat1697529.ogg,4
osprey/iNat988037.ogg,3
osprey/XC716729.ogg,2
osprey/iNat1183228.ogg,1
osprey/iNat567366.ogg,4
osprey/iNat516228.ogg,1
osprey/iNat1613783.ogg,3
osprey/iNat1144047.ogg,1
osprey/XC455158.ogg,0
osprey/XC134647.ogg,1
osprey/XC333145.ogg,0
osprey/iNat1096890.ogg,4
osprey/iNat1446938.ogg,0
osprey/iNat1069492.ogg,0
osprey/XC714754.ogg,3
osprey/iNat1501632.ogg,3
osprey/iNat790339.ogg,3
osprey/iNat1087898.ogg,0
osprey/iNat469808.ogg,3
osprey/iNat261410.ogg,1
osprey/iNat1270952.ogg,1
osprey/iNat364922.ogg,3
osprey/XC511013.ogg,0
osprey/iNat614381.ogg,0
osprey/iNat123692.ogg,4
osprey/iNat1230307.ogg,0
osprey/iNat1359015.ogg,0
osprey/iNat121780.ogg,0
osprey/iNat1170803.ogg,2
osprey/iNat281017.ogg,3
osprey/iNat751622.ogg,0
osprey/XC131039.ogg,4
osprey/iNat447669.ogg,3
osprey/XC685801.ogg,0
osprey/XC1049040.ogg,4
osprey/iNat733353.ogg,0
osprey/XC166110.ogg,1
osprey/iNat740843.ogg,2
osprey/iNat1639508.ogg,2
osprey/XC144699.ogg,1
osprey/iNat91602.ogg,2
osprey/iNat1058578.ogg,1
osprey/iNat1483757.ogg,4
osprey/iNat110869.ogg,4
osprey/iNat1566304.ogg,2
osprey/XC478514.ogg,2
osprey/XC138771.ogg,1
osprey/iNat525687.ogg,0
osprey/XC708890.ogg,1
osprey/iNat916948.ogg,0
osprey/iNat1507469.ogg,4
osprey/iNat1167671.ogg,4
osprey/iNat429573.ogg,1
osprey/iNat1166259.ogg,0
osprey/iNat1578897.ogg,0
osprey/iNat88041.ogg,2
osprey/XC466204.ogg,3
osprey/iNat1512917.ogg,4
osprey/XC573484.ogg,3
osprey/iNat186555.ogg,4
osprey/XC1027115.ogg,1
osprey/iNat426413.ogg,0
osprey/XC602076.ogg,1
osprey/iNat969367.ogg,4
osprey/iNat1574595.ogg,0
osprey/iNat787085.ogg,4
osprey/iNat611895.ogg,0
osprey/iNat482129.ogg,3
osprey/iNat1117042.ogg,0
osprey/XC139849.ogg,1
osprey/iNat646064.ogg,4
osprey/iNat1148717.ogg,4
osprey/XC1018235.ogg,3
osprey/iNat317271.ogg,3
osprey/iNat734701.ogg,0
osprey/iNat287585.ogg,2
osprey/iNat1693805.ogg,2
osprey/iNat1308988.ogg,0
osprey/XC326522.ogg,1
osprey/iNat118402.ogg,1
osprey/iNat1200030.ogg,4
osprey/iNat1703509.ogg,4
osprey/XC1034309.ogg,3
osprey/iNat971456.ogg,1
osprey/iNat1359848.ogg,3
osprey/iNat67670.ogg,1
osprey/iNat286858.ogg,4
osprey/iNat1361039.ogg,0
osprey/iNat236054.ogg,3
osprey/XC488607.ogg,0
osprey/XC348476.ogg,0
osprey/XC758691.ogg,4
osprey/XC698949.ogg,4
osprey/XC132652.ogg,2
osprey/iNat282608.ogg,3
osprey/iNat267235.ogg,0
osprey/XC789397.ogg,4
osprey/iNat956573.ogg,2
osprey/iNat433774.ogg,1
osprey/XC723303.ogg,3
osprey/XC448626.ogg,4
osprey/iNat1159553.ogg,4
osprey/iNat1672198.ogg,4
osprey/iNat27261.ogg,0
osprey/iNat651010.ogg,4
osprey/iNat249491.ogg,3
osprey/iNat797134.ogg,4
osprey/iNat282493.ogg,1
osprey/iNat381283.ogg,0
osprey/iNat632960.ogg,3
osprey/XC379017.ogg,2
osprey/XC518341.ogg,3
osprey/iNat628239.ogg,0
osprey/iNat1394694.ogg,3
osprey/iNat1398357.ogg,3
osprey/iNat186080.ogg,2
osprey/iNat1404543.ogg,1
osprey/iNat195273.ogg,4
osprey/iNat441523.ogg,2
osprey/iNat284592.ogg,0
osprey/iNat743634.ogg,1
osprey/XC523461.ogg,3
osprey/iNat119998.ogg,4
osprey/iNat328833.ogg,2
osprey/iNat1553307.ogg,4
osprey/iNat100041.ogg,4
osprey/iNat543039.ogg,2
osprey/iNat555307.ogg,0
osprey/iNat1645284.ogg,0
osprey/iNat1571168.ogg,0
osprey/XC760076.ogg,1
osprey/iNat1346754.ogg,3
osprey/iNat752281.ogg,0
osprey/iNat794737.ogg,1
osprey/XC994090.ogg,0
osprey/iNat342797.ogg,3
osprey/iNat1607924.ogg,1
osprey/iNat108868.ogg,0
osprey/iNat821030.ogg,1
osprey/iNat740842.ogg,2
osprey/iNat1169100.ogg,1
osprey/XC535684.ogg,0
osprey/iNat489034.ogg,0
osprey/iNat1407817.ogg,2
osprey/iNat1584380.ogg,0
osprey/XC272312.ogg,1
osprey/iNat46084.ogg,0
osprey/iNat80362.ogg,4
osprey/iNat430169.ogg,1
osprey/iNat563872.ogg,1
osprey/XC573482.ogg,3
osprey/iNat1416749.ogg,2
osprey/XC598006.ogg,1
osprey/iNat535430.ogg,0
pabspi1/iNat861146.ogg,3
pabspi1/iNat591983.ogg,3
pabspi1/XC993685.ogg,3
pabspi1/XC994384.ogg,3
pabspi1/XC994382.ogg,3
pabspi1/iNat1231551.ogg,1
pabspi1/iNat1221046.ogg,2
pabspi1/iNat591985.ogg,3
pabspi1/iNat1278708.ogg,1
pabspi1/iNat1731675.ogg,2
pabspi1/iNat1245649.ogg,2
pabspi1/iNat841445.ogg,4
pabspi1/iNat593714.ogg,3
pabspi1/iNat1308218.ogg,4
pabspi1/iNat1284704.ogg,4
pabspi1/iNat852496.ogg,3
pabspi1/iNat1225070.ogg,3
pabspi1/iNat1271651.ogg,3
pabspi1/iNat40925.ogg,3
pabspi1/iNat148010.ogg,4
pabspi1/iNat319589.ogg,4
pabspi1/iNat856779.ogg,3
pabspi1/iNat1487379.ogg,3
pabspi1/iNat338005.ogg,1
pabspi1/iNat696564.ogg,3
pabspi1/iNat1710673.ogg,1
pabspi1/iNat830401.ogg,3
pabspi1/XC837243.ogg,2
pabspi1/XC872715.ogg,2
pabspi1/XC997197.ogg,2
pabspi1/XC941048.ogg,2
pabspi1/XC912939.ogg,2
pabspi1/XC339554.ogg,1
pabspi1/XC465076.ogg,3
pabspi1/iNat57566.ogg,2
pabspi1/iNat40830.ogg,3
pabspi1/XC773859.ogg,1
pabspi1/XC773855.ogg,1
pabspi1/XC773853.ogg,1
pabspi1/XC854389.ogg,0
pabspi1/iNat45700.ogg,0
pabspi1/XC200483.ogg,1
pabspi1/iNat1233044.ogg,3
pabspi1/iNat822945.ogg,3
pabspi1/XC833506.ogg,4
pabspi1/XC833507.ogg,4
pabspi1/iNat738061.ogg,2
pabspi1/XC682331.ogg,2
pabspi1/XC682246.ogg,2
pabspi1/iNat547592.ogg,3
pabspi1/iNat740588.ogg,2
pabspi1/XC361134.ogg,2
pabspi1/iNat772461.ogg,3
pabspi1/iNat777374.ogg,3
pabspi1/iNat777371.ogg,3
pabspi1/iNat763135.ogg,3
pabspi1/iNat764745.ogg,3
pabspi1/iNat1262186.ogg,2
pabspi1/iNat303122.ogg,1
pabspi1/iNat289651.ogg,1
pabspi1/XC120305.ogg,2
pabspi1/iNat330024.ogg,3
pabspi1/XC465433.ogg,3
pabspi1/iNat348410.ogg,3
pabspi1/iNat333569.ogg,3
pabspi1/iNat332077.ogg,3
pabspi1/iNat329023.ogg,3
pabspi1/iNat351698.ogg,3
pabspi1/iNat556381.ogg,3
pabspi1/iNat354844.ogg,3
pabspi1/iNat337896.ogg,3
pabspi1/XC8974.ogg,3
pabspi1/iNat577931.ogg,0
pabspi1/iNat826108.ogg,4
pabspi1/XC655310.ogg,4
pabspi1/XC555098.ogg,1
pabspi1/XC618371.ogg,2
pabspi1/XC506234.ogg,3
pabspi1/XC506225.ogg,3
pabspi1/iNat1246240.ogg,2
pabspi1/XC915959.ogg,1
pabspi1/XC400309.ogg,4
pabspi1/XC510782.ogg,4
pabspi1/XC617651.ogg,1
pabspi1/XC687712.ogg,3
pabspi1/XC687706.ogg,3
pabspi1/iNat730721.ogg,4
pabspi1/XC453966.ogg,3
pabspi1/XC589399.ogg,1
pabspi1/iNat819820.ogg,4
pabspi1/XC799111.ogg,4
pabspi1/iNat374268.ogg,0
pabspi1/XC186862.ogg,1
pabspi1/XC413779.ogg,2
pabspi1/XC291920.ogg,2
pabspi1/XC551070.ogg,3
pabspi1/XC452493.ogg,2
pabspi1/XC1000949.ogg,3
pabspi1/XC1000948.ogg,3
pabspi1/XC291217.ogg,1
pabspi1/XC80877.ogg,1
pabspi1/XC609723.ogg,4
pabspi1/iNat869767.ogg,0
pabspi1/XC407331.ogg,2
pabspi1/XC164045.ogg,4
pabspi1/XC677055.ogg,0
pabspi1/XC463735.ogg,1
pabspi1/XC114236.ogg,4
pabspi1/XC173359.ogg,2
pabspi1/XC178061.ogg,1
pabspi1/XC419108.ogg,0
pabspi1/XC326071.ogg,0
pabspi1/XC355720.ogg,0
pabspi1/XC600431.ogg,4
pabspi1/iNat53350.ogg,3
pabspi1/iNat1145108.ogg,0
pabspi1/XC169954.ogg,4
pabspi1/iNat1699850.ogg,3
pabspi1/XC517453.ogg,3
pabspi1/XC2645.ogg,0
pabspi1/XC437587.ogg,4
pabspi1/XC422349.ogg,2
pabspi1/XC422348.ogg,2
pabspi1/XC861550.ogg,2
pabspi1/XC707732.ogg,2
pabspi1/XC706979.ogg,2
pabspi1/XC706978.ogg,2
pabspi1/XC371514.ogg,1
pabspi1/XC124854.ogg,3
pabspi1/XC308271.ogg,0
pabspi1/XC308270.ogg,0
pabspi1/XC308267.ogg,0
pabspi1/XC211729.ogg,3
pabspi1/XC64206.ogg,1
pabspi1/XC151196.ogg,2
pabspi1/XC862511.ogg,4
pabspi1/XC701948.ogg,4
pabspi1/XC701947.ogg,4
pabspi1/XC701944.ogg,4
pabspi1/XC854675.ogg,0
pabspi1/XC387377.ogg,0
pabspi1/XC119026.ogg,3
pabspi1/iNat962298.ogg,3
pabspi1/XC799750.ogg,3
pabspi1/XC80876.ogg,1
pabspi1/iNat53009.ogg,4
pabspi1/XC167290.ogg,3
pabspi1/iNat874308.ogg,2
pabspi1/XC698645.ogg,0
pabspi1/XC786309.ogg,2
pabspi1/XC883509.ogg,2
pabspi1/XC402860.ogg,0
pabspi1/XC147217.ogg,0
pabspi1/iNat331014.ogg,0
pabspi1/iNat1232368.ogg,0
pabspi1/XC466506.ogg,0
pabspi1/XC466505.ogg,0
pabspi1/XC302161.ogg,1
pabspi1/XC302159.ogg,1
pabspi1/XC325562.ogg,3
pabspi1/iNat400196.ogg,0
pabspi1/iNat345031.ogg,0
pabspi1/XC377226.ogg,1
pabspi1/XC690821.ogg,3
pabspi1/XC939556.ogg,2
pabspi1/XC939555.ogg,2
pabspi1/XC984723.ogg,4
pabspi1/XC984671.ogg,4
pabspi1/XC288829.ogg,2
pabspi1/XC142314.ogg,3
pabspi1/XC317535.ogg,1
pabspi1/XC279245.ogg,1
pabspi1/XC439898.ogg,1
pabspi1/XC122704.ogg,2
pabspi1/XC946240.ogg,4
pabspi1/XC605759.ogg,0
pabspi1/XC152266.ogg,4
pabspi1/XC166923.ogg,4
pabspi1/iNat394418.ogg,2
pabspi1/XC724979.ogg,2
pabspi1/XC560175.ogg,4
pabspi1/XC386428.ogg,2
pabspi1/XC1018336.ogg,2
pabspi1/XC959658.ogg,0
pabspi1/XC974240.ogg,3
pabspi1/XC974239.ogg,3
pabspi1/XC974238.ogg,3
pabspi1/XC323994.ogg,1
pabspi1/XC376475.ogg,2
pabspi1/XC737904.ogg,2
pabspi1/XC902967.ogg,2
pabspi1/XC573307.ogg,2
pabspi1/iNat125188.ogg,1
pabspi1/iNat416440.ogg,1
pabspi1/iNat251621.ogg,2
pabspi1/iNat308860.ogg,2
pabspi1/iNat313415.ogg,2
pabspi1/iNat298420.ogg,2
pabspi1/iNat311839.ogg,2
pabspi1/XC128402.ogg,4
pabspi1/XC593319.ogg,0
pabspi1/XC492571.ogg,3
pabspi1/XC131750.ogg,1
pabspi1/XC240057.ogg,3
pabspi1/XC480014.ogg,4
pabspi1/XC386471.ogg,3
pabspi1/iNat570760.ogg,3
pabspi1/XC771680.ogg,0
pabspi1/XC538987.ogg,4
pabspi1/XC114002.ogg,0
pabspi1/XC420625.ogg,1
pabspi1/XC420624.ogg,1
pabspi1/iNat1433214.ogg,0
pabspi1/iNat1431247.ogg,2
pabspi1/XC455593.ogg,0
pabspi1/XC816671.ogg,0
pabspi1/XC771595.ogg,0
pabspi1/iNat533999.ogg,3
pabspi1/iNat769262.ogg,3
pabspi1/XC348991.ogg,4
pabspi1/iNat1407990.ogg,4
pabspi1/XC414146.ogg,0
pabspi1/XC188221.ogg,3
pabspi1/XC158012.ogg,3
pabspi1/XC158030.ogg,3
pabspi1/iNat192415.ogg,1
pabspi1/XC308377.ogg,3
pabspi1/XC118583.ogg,3
pabspi1/XC499569.ogg,4
pabspi1/XC573789.ogg,0
pabspi1/XC378601.ogg,3
pabspi1/XC381339.ogg,3
pabspi1/XC338086.ogg,4
pabspi1/XC244902.ogg,2
pabspi1/XC532314.ogg,1
pabspi1/XC654059.ogg,3
pabspi1/XC654057.ogg,3
pabspi1/XC654058.ogg,3
pabspi1/XC936969.ogg,2
pabspi1/XC936803.ogg,2
pabspi1/XC823782.ogg,3
pabspi1/XC148215.ogg,3
pabspi1/XC148212.ogg,3
pabspi1/XC490522.ogg,3
pabspi1/XC311787.ogg,4
pabspi1/XC311782.ogg,4
pabspi1/XC386847.ogg,3
pabspi1/XC516433.ogg,2
pabspi1/XC74983.ogg,1
pabspi1/XC74981.ogg,1
pabspi1/XC315073.ogg,4
pabspi1/XC193013.ogg,1
pabspi1/XC163998.ogg,3
pabspi1/XC245120.ogg,3
pabspi1/XC245119.ogg,3
pabspi1/iNat675654.ogg,1
pabspi1/XC202024.ogg,3
pabspi1/iNat880041.ogg,2
pabspi1/iNat1280957.ogg,4
pabspi1/iNat519282.ogg,4
pabspi1/XC871430.ogg,2
pabspi1/iNat742978.ogg,4
pabspi1/iNat496692.ogg,4
pabspi1/XC554754.ogg,2
pabspi1/XC288225.ogg,3
pabspi1/XC650828.ogg,2
pabspi1/XC405906.ogg,1
pabspi1/XC340054.ogg,4
pabspi1/iNat51857.ogg,4
pabspi1/XC353383.ogg,4
pabspi1/XC785601.ogg,3
pabspi1/iNat200050.ogg,3
pabspi1/XC9034.ogg,3
pabspi1/XC837619.ogg,1
pabspi1/XC219712.ogg,4
pabspi1/XC197477.ogg,4
pabspi1/XC20499.ogg,2
pabspi1/XC386699.ogg,4
pabspi1/iNat893621.ogg,0
pabspi1/iNat896501.ogg,0
pabspi1/XC490151.ogg,3
pabspi1/XC219715.ogg,4
pabspi1/XC66029.ogg,1
pabspi1/XC66027.ogg,1
pabspi1/XC66030.ogg,1
pabspi1/XC409735.ogg,2
pabspi1/XC391585.ogg,2
pabspi1/XC391582.ogg,2
pabspi1/XC356781.ogg,2
pabspi1/iNat1625122.ogg,2
pabspi1/XC264162.ogg,4
pabspi1/XC278656.ogg,3
pabspi1/XC146419.ogg,4
pabspi1/XC721789.ogg,4
pabspi1/XC524086.ogg,3
pabspi1/XC524085.ogg,3
pabspi1/XC154276.ogg,1
pabspi1/XC409940.ogg,1
pabspi1/XC139767.ogg,1
pabspi1/XC192269.ogg,4
pabspi1/iNat1614866.ogg,2
pabspi1/iNat570165.ogg,0
pabspi1/XC444973.ogg,4
pabspi1/XC236176.ogg,3
pabspi1/XC236175.ogg,3
pabspi1/XC236174.ogg,3
pabspi1/XC236177.ogg,3
pabspi1/XC353740.ogg,4
pabspi1/XC316452.ogg,4
pabspi1/XC479882.ogg,2
pabspi1/XC479881.ogg,2
pabspi1/XC331807.ogg,3
pabspi1/XC629974.ogg,1
pabspi1/XC581867.ogg,1
pabspi1/XC579433.ogg,1
pabspi1/XC837801.ogg,1
palhor3/XC325584.ogg,1
palhor3/XC80805.ogg,1
palhor3/XC128812.ogg,3
palhor3/XC654365.ogg,3
palhor3/XC654349.ogg,3
palhor3/XC654342.ogg,3
palhor3/XC654339.ogg,3
palhor3/XC340954.ogg,1
palhor3/XC80918.ogg,1
palhor3/XC80806.ogg,1
palhor3/XC50371.ogg,3
palhor3/XC896231.ogg,0
palhor3/XC419223.ogg,0
palhor3/XC419222.ogg,0
palhor3/XC707337.ogg,3
palhor3/iNat1290450.ogg,4
palhor3/iNat1290453.ogg,4
palhor3/XC80804.ogg,1
palhor3/XC837983.ogg,2
palhor3/XC453585.ogg,1
palhor3/XC299104.ogg,0
palhor3/XC129028.ogg,1
palhor3/XC440924.ogg,2
palhor3/XC63451.ogg,1
palhor3/XC63450.ogg,1
palhor3/XC1009303.ogg,4
palhor3/XC2440.ogg,0
palhor3/XC2425.ogg,0
palhor3/XC685708.ogg,4
palhor3/XC329177.ogg,0
palhor3/XC142666.ogg,4
palhor3/XC271736.ogg,1
palhor3/XC80807.ogg,1
palhor3/XC483046.ogg,3
palhor3/XC834189.ogg,3
palhor3/iNat336484.ogg,4
palhor3/XC704841.ogg,3
palhor3/XC571783.ogg,3
palhor3/XC211855.ogg,1
palhor3/XC536113.ogg,0
palhor3/XC384495.ogg,1
palhor3/XC1017659.ogg,3
palhor3/XC206392.ogg,4
palhor3/iNat178905.ogg,0
palhor3/XC427398.ogg,2
palhor3/XC257071.ogg,2
palhor3/XC284923.ogg,3
palhor3/XC491667.ogg,4
palhor3/XC533618.ogg,0
palhor3/XC298935.ogg,0
palhor3/XC298936.ogg,0
palhor3/XC144811.ogg,0
palhor3/XC144812.ogg,0
palhor3/XC298940.ogg,0
palhor3/XC298939.ogg,0
palhor3/XC249969.ogg,3
palhor3/XC249968.ogg,3
palhor3/XC939933.ogg,2
palhor3/XC835874.ogg,3
palhor3/XC354897.ogg,3
palhor3/XC1031750.ogg,3
palhor3/XC523896.ogg,3
palhor3/XC523895.ogg,3
palhor3/XC523894.ogg,3
palhor3/XC523893.ogg,3
palhor3/XC523892.ogg,3
palhor3/XC523891.ogg,3
palhor3/XC523890.ogg,3
palhor3/XC838838.ogg,1
paltan1/XC440804.ogg,4
paltan1/iNat1474268.ogg,3
paltan1/XC141588.ogg,1
paltan1/iNat1228358.ogg,2
paltan1/XC173950.ogg,1
paltan1/iNat1001984.ogg,3
paltan1/XC172854.ogg,2
paltan1/iNat856938.ogg,2
paltan1/iNat1615441.ogg,2
paltan1/iNat339003.ogg,1
paltan1/iNat303599.ogg,3
paltan1/XC283231.ogg,1
paltan1/iNat1646157.ogg,2
paltan1/XC684561.ogg,1
paltan1/iNat1292272.ogg,3
paltan1/XC1053935.ogg,0
paltan1/XC84794.ogg,1
paltan1/iNat174606.ogg,1
paltan1/iNat1709147.ogg,2
paltan1/iNat323530.ogg,3
paltan1/iNat474447.ogg,3
paltan1/iNat511401.ogg,1
paltan1/XC663404.ogg,1
paltan1/XC543843.ogg,1
paltan1/XC537310.ogg,1
paltan1/XC939054.ogg,1
paltan1/iNat1080713.ogg,3
paltan1/iNat1089356.ogg,3
paltan1/XC388115.ogg,3
paltan1/XC274833.ogg,4
paltan1/XC696239.ogg,3
paltan1/iNat1681272.ogg,4
paltan1/iNat1681273.ogg,4
paltan1/XC115078.ogg,4
paltan1/iNat633273.ogg,0
paltan1/XC115077.ogg,4
paltan1/iNat1418647.ogg,2
paltan1/iNat1418628.ogg,2
paltan1/iNat1418634.ogg,2
paltan1/iNat1601788.ogg,2
paltan1/XC170046.ogg,4
paltan1/XC70786.ogg,1
paltan1/XC745520.ogg,2
paltan1/XC745536.ogg,2
paltan1/XC745532.ogg,2
paltan1/XC745514.ogg,2
paltan1/XC737443.ogg,2
paltan1/XC1067985.ogg,4
paltan1/XC421602.ogg,2
paltan1/XC599510.ogg,2
paltan1/XC860629.ogg,2
paltan1/XC803728.ogg,2
paltan1/XC803727.ogg,2
paltan1/XC195660.ogg,2
paltan1/XC422551.ogg,0
paltan1/XC421601.ogg,2
paltan1/XC699621.ogg,2
paltan1/XC699600.ogg,2
paltan1/XC421509.ogg,0
paltan1/XC421510.ogg,0
paltan1/iNat1666582.ogg,2
paltan1/iNat30531.ogg,4
paltan1/iNat50889.ogg,4
paltan1/XC862696.ogg,3
paltan1/XC551840.ogg,3
paltan1/XC443532.ogg,2
paltan1/XC837430.ogg,2
paltan1/XC837429.ogg,2
paltan1/XC708160.ogg,3
paltan1/XC708159.ogg,3
paltan1/XC708162.ogg,3
paltan1/XC708161.ogg,3
paltan1/XC708156.ogg,3
paltan1/XC84787.ogg,1
paltan1/XC965312.ogg,3
paltan1/XC158180.ogg,0
paltan1/XC123441.ogg,3
paltan1/XC497440.ogg,4
paltan1/XC64265.ogg,1
paltan1/XC755271.ogg,2
paltan1/XC782206.ogg,2
paltan1/XC676391.ogg,4
paltan1/XC589591.ogg,1
paltan1/iNat514997.ogg,4
paltan1/XC129957.ogg,3
paltan1/XC215428.ogg,1
paltan1/XC430276.ogg,3
paltan1/XC697124.ogg,2
paltan1/XC212387.ogg,0
paltan1/XC669570.ogg,3
paltan1/XC504971.ogg,3
paltan1/XC605700.ogg,3
paltan1/XC421603.ogg,2
paltan1/iNat196107.ogg,3
paltan1/iNat102486.ogg,0
paltan1/XC816885.ogg,2
paltan1/iNat607752.ogg,1
paltan1/iNat609943.ogg,1
paltan1/XC1034548.ogg,2
paltan1/XC1035555.ogg,2
paltan1/XC1035516.ogg,2
paltan1/XC1035518.ogg,2
paltan1/XC493211.ogg,2
paltan1/XC817202.ogg,2
paltan1/XC428549.ogg,2
paltan1/XC769487.ogg,2
paltan1/XC428042.ogg,2
paltan1/XC428041.ogg,2
paltan1/XC265911.ogg,1
paltan1/iNat1229253.ogg,0
paltan1/iNat1624135.ogg,0
paltan1/XC1034679.ogg,2
paltan1/XC974644.ogg,2
paltan1/XC974639.ogg,2
paltan1/XC341374.ogg,0
paltan1/XC259689.ogg,4
paltan1/XC439063.ogg,4
paltan1/XC842980.ogg,4
paltan1/iNat1618415.ogg,3
paltan1/XC118684.ogg,3
paltan1/XC243188.ogg,3
paltan1/iNat592705.ogg,3
paltan1/XC446951.ogg,0
paltan1/XC446950.ogg,0
paltan1/XC446952.ogg,0
paltan1/iNat329946.ogg,0
paltan1/iNat1676191.ogg,0
paltan1/XC167930.ogg,0
paltan1/XC504594.ogg,0
paltan1/XC493989.ogg,2
paltan1/XC395355.ogg,0
paltan1/iNat147490.ogg,1
paltan1/iNat148099.ogg,1
paltan1/XC494071.ogg,2
paltan1/XC599666.ogg,3
paltan1/iNat889753.ogg,2
paltan1/iNat1435625.ogg,3
paltan1/XC259690.ogg,4
paltan1/XC891290.ogg,1
paltan1/XC259687.ogg,4
paltan1/XC461398.ogg,0
paltan1/XC9389.ogg,3
paltan1/XC259688.ogg,4
paltan1/XC774181.ogg,4
paltan1/XC212182.ogg,4
paltan1/XC259691.ogg,4
paltan1/XC461672.ogg,0
paltan1/XC35154.ogg,3
paltan1/XC525435.ogg,3
paltan1/XC276573.ogg,1
paltan1/XC449494.ogg,4
paltan1/XC262621.ogg,1
paltan1/XC262620.ogg,1
paltan1/XC262619.ogg,1
paltan1/XC275643.ogg,0
paltan1/XC275642.ogg,0
paltan1/XC205799.ogg,0
paltan1/XC377199.ogg,1
paltan1/XC939550.ogg,2
paltan1/XC303451.ogg,3
paltan1/XC543342.ogg,1
paltan1/XC939926.ogg,2
paltan1/XC939105.ogg,2
paltan1/XC354905.ogg,3
paltan1/XC857606.ogg,3
paltan1/XC1032533.ogg,3
paltan1/XC946268.ogg,4
paltan1/iNat52599.ogg,4
paltan1/XC127974.ogg,4
paltan1/XC127973.ogg,4
paltan1/XC790362.ogg,3
paltan1/XC544948.ogg,4
paltan1/XC539844.ogg,4
paltan1/XC539843.ogg,4
paltan1/XC537981.ogg,4
paltan1/XC975727.ogg,3
paltan1/XC974052.ogg,3
paltan1/XC577133.ogg,4
paltan1/XC576037.ogg,4
paltan1/XC527993.ogg,4
paltan1/XC577066.ogg,4
paltan1/XC872314.ogg,3
paltan1/XC906775.ogg,3
paltan1/XC906758.ogg,3
paltan1/XC906800.ogg,3
paltan1/XC906772.ogg,3
paltan1/XC432992.ogg,0
paltan1/XC128400.ogg,4
paltan1/iNat310386.ogg,2
paltan1/XC130761.ogg,1
paltan1/XC1032532.ogg,3
paltan1/XC926604.ogg,3
paltan1/iNat984039.ogg,3
paltan1/XC831516.ogg,2
paltan1/XC834225.ogg,3
paltan1/XC940049.ogg,2
paltan1/XC538291.ogg,4
paltan1/XC450784.ogg,4
paltan1/XC450783.ogg,4
paltan1/XC507216.ogg,4
paltan1/XC245551.ogg,3
paltan1/XC213479.ogg,3
paltan1/XC424719.ogg,4
paltan1/XC122348.ogg,4
paltan1/XC370318.ogg,1
paltan1/XC245148.ogg,3
paltan1/iNat681493.ogg,2
paltan1/iNat203973.ogg,4
paltan1/XC245423.ogg,3
paltan1/XC454499.ogg,3
paltan1/XC454500.ogg,3
paltan1/XC454498.ogg,3
paltan1/XC454497.ogg,3
paltan1/iNat1274055.ogg,4
paltan1/XC340084.ogg,4
paltan1/XC340083.ogg,4
paltan1/XC340082.ogg,4
paltan1/iNat51288.ogg,4
paltan1/XC365693.ogg,1
paltan1/XC539584.ogg,4
paltan1/iNat324773.ogg,3
paltan1/XC1016507.ogg,4
paltan1/XC1016506.ogg,4
paltan1/iNat889882.ogg,4
paltan1/iNat888597.ogg,4
paltan1/XC319636.ogg,1
paltan1/iNat915532.ogg,4
paltan1/XC319948.ogg,1
paltan1/iNat506284.ogg,2
paltan1/iNat1520775.ogg,2
paltan1/XC375634.ogg,2
paltan1/iNat871750.ogg,1
paltan1/iNat157315.ogg,4
paltan1/iNat895023.ogg,0
paltan1/XC360398.ogg,1
paltan1/XC803270.ogg,0
paltan1/iNat860385.ogg,3
paltan1/iNat925517.ogg,2
paltan1/XC154127.ogg,1
paltan1/iNat150211.ogg,1
paltan1/iNat331024.ogg,1
paltan1/iNat824719.ogg,2
paltan1/XC9057.ogg,3
paltan1/XC719958.ogg,2
paltan1/XC679894.ogg,1
paltan1/XC838481.ogg,1
paltan1/XC918980.ogg,0
phecuc1/XC999529.ogg,0
phecuc1/XC999528.ogg,0
phecuc1/iNat1557349.ogg,3
phecuc1/iNat826580.ogg,2
phecuc1/XC434387.ogg,0
phecuc1/XC434865.ogg,0
phecuc1/XC980071.ogg,1
phecuc1/XC549972.ogg,3
phecuc1/iNat1665897.ogg,1
phecuc1/XC1047364.ogg,4
phecuc1/XC284977.ogg,4
phecuc1/XC376613.ogg,3
phecuc1/XC675390.ogg,2
phecuc1/XC932732.ogg,2
phecuc1/XC932726.ogg,2
phecuc1/iNat1635587.ogg,3
phecuc1/iNat1710135.ogg,3
phecuc1/XC115425.ogg,2
phecuc1/XC395585.ogg,0
phecuc1/XC395583.ogg,0
phecuc1/XC174053.ogg,2
phecuc1/XC392054.ogg,4
phecuc1/XC760319.ogg,2
phecuc1/XC603800.ogg,4
phecuc1/XC15695.ogg,3
phecuc1/XC123216.ogg,3
phecuc1/XC123211.ogg,3
phecuc1/XC123210.ogg,3
phecuc1/iNat143219.ogg,4
phecuc1/XC63403.ogg,1
phecuc1/XC63402.ogg,1
phecuc1/XC63401.ogg,1
phecuc1/XC410100.ogg,1
phecuc1/iNat1233956.ogg,4
phecuc1/XC654557.ogg,2
phecuc1/XC169432.ogg,1
phecuc1/XC169431.ogg,1
phecuc1/XC85086.ogg,1
phecuc1/XC782555.ogg,3
phecuc1/XC799764.ogg,3
phecuc1/XC708788.ogg,3
phecuc1/XC535562.ogg,3
phecuc1/XC537800.ogg,0
phecuc1/XC204951.ogg,1
phecuc1/XC493139.ogg,2
phecuc1/XC493262.ogg,2
phecuc1/iNat587933.ogg,1
phecuc1/XC769466.ogg,2
phecuc1/XC284916.ogg,3
phecuc1/iNat1243722.ogg,3
phecuc1/XC974377.ogg,2
phecuc1/XC1025539.ogg,1
phecuc1/XC940373.ogg,2
phecuc1/iNat571791.ogg,4
phecuc1/iNat571792.ogg,4
phecuc1/XC118665.ogg,3
phecuc1/XC257734.ogg,4
phecuc1/XC238242.ogg,3
phecuc1/XC238241.ogg,3
phecuc1/XC174967.ogg,1
phecuc1/iNat1250353.ogg,1
phecuc1/iNat1250354.ogg,1
phecuc1/XC264429.ogg,4
phecuc1/XC298859.ogg,0
phecuc1/XC298855.ogg,0
phecuc1/XC238240.ogg,3
phecuc1/XC586308.ogg,4
phecuc1/XC264428.ogg,4
phecuc1/XC379148.ogg,4
phecuc1/XC372027.ogg,3
phecuc1/XC383390.ogg,2
phecuc1/XC357521.ogg,4
phecuc1/XC357520.ogg,4
phecuc1/XC364316.ogg,0
phecuc1/XC128735.ogg,4
phecuc1/XC343772.ogg,0
phecuc1/XC133140.ogg,4
phecuc1/XC65994.ogg,1
phecuc1/iNat1527576.ogg,2
phecuc1/iNat966056.ogg,3
phecuc1/XC517640.ogg,2
phecuc1/XC199025.ogg,2
phecuc1/XC164774.ogg,2
phecuc1/XC361939.ogg,2
phecuc1/XC360774.ogg,2
phecuc1/XC378452.ogg,2
phecuc1/XC561359.ogg,4
phecuc1/XC989452.ogg,4
phecuc1/XC989446.ogg,4
phecuc1/XC384810.ogg,4
phecuc1/XC408047.ogg,1
phecuc1/XC297343.ogg,0
phecuc1/XC454528.ogg,4
phecuc1/XC400571.ogg,4
phecuc1/XC168070.ogg,0
phecuc1/XC168066.ogg,0
phecuc1/XC309794.ogg,0
phecuc1/XC309793.ogg,0
phecuc1/XC309792.ogg,0
phecuc1/XC327703.ogg,2
phecuc1/XC128488.ogg,1
phecuc1/XC128487.ogg,1
phecuc1/XC235264.ogg,1
phecuc1/XC216525.ogg,1
phecuc1/XC338861.ogg,3
phecuc1/XC335515.ogg,3
phecuc1/XC333847.ogg,3
phecuc1/XC335514.ogg,3
phecuc1/iNat368555.ogg,1
phecuc1/iNat195927.ogg,1
phecuc1/iNat195944.ogg,1
phecuc1/iNat195946.ogg,1
phecuc1/iNat195949.ogg,1
phecuc1/XC147110.ogg,2
phecuc1/iNat898026.ogg,0
phecuc1/iNat899951.ogg,0
phecuc1/XC797350.ogg,1
phecuc1/XC796936.ogg,1
phecuc1/XC796935.ogg,1
phecuc1/iNat795480.ogg,3
phecuc1/XC355825.ogg,4
phecuc1/XC126039.ogg,4
phecuc1/XC126038.ogg,4
phecuc1/XC126037.ogg,4
phecuc1/XC126041.ogg,4
phecuc1/XC126040.ogg,4
phecuc1/XC1037094.ogg,1
phecuc1/XC1037093.ogg,1
phecuc1/XC1037092.ogg,1
phecuc1/iNat380809.ogg,0
phecuc1/iNat383798.ogg,0
phecuc1/iNat383799.ogg,0
phecuc1/XC350794.ogg,0
phecuc1/XC170084.ogg,3
phecuc1/iNat672447.ogg,3
phecuc1/iNat672445.ogg,3
phecuc1/iNat34234.ogg,3
phecuc1/XC446191.ogg,3
phecuc1/XC446190.ogg,3
phecuc1/iNat1157090.ogg,4
phecuc1/iNat244302.ogg,2
phecuc1/iNat243295.ogg,0
phecuc1/iNat439394.ogg,3
phecuc1/XC437945.ogg,1
phecuc1/XC509271.ogg,4
phecuc1/iNat542637.ogg,4
phecuc1/iNat545212.ogg,4
phecuc1/iNat227702.ogg,4
phecuc1/iNat182470.ogg,1
picpig2/XC992009.ogg,3
picpig2/iNat139203.ogg,0
picpig2/iNat136198.ogg,3
picpig2/iNat320857.ogg,3
picpig2/XC464262.ogg,3
picpig2/iNat78059.ogg,0
picpig2/XC202065.ogg,0
picpig2/iNat1508384.ogg,4
picpig2/iNat338019.ogg,0
picpig2/iNat555815.ogg,3
picpig2/iNat49105.ogg,1
picpig2/iNat139292.ogg,2
picpig2/iNat1328378.ogg,0
picpig2/XC854315.ogg,0
picpig2/XC620668.ogg,2
picpig2/iNat579805.ogg,4
picpig2/iNat583624.ogg,4
picpig2/iNat910890.ogg,4
picpig2/iNat842125.ogg,2
picpig2/iNat1247538.ogg,2
picpig2/iNat881268.ogg,0
picpig2/iNat531304.ogg,3
picpig2/iNat881271.ogg,0
picpig2/iNat1448535.ogg,3
picpig2/iNat1728285.ogg,3
picpig2/iNat712465.ogg,4
picpig2/iNat1231407.ogg,3
picpig2/iNat1567183.ogg,4
picpig2/iNat577836.ogg,4
picpig2/XC51714.ogg,3
picpig2/iNat1680015.ogg,4
picpig2/XC668505.ogg,2
picpig2/XC1048608.ogg,2
picpig2/XC700526.ogg,2
picpig2/XC574507.ogg,2
picpig2/XC551955.ogg,1
picpig2/XC551954.ogg,1
picpig2/XC551950.ogg,1
picpig2/XC551948.ogg,1
picpig2/XC824160.ogg,4
picpig2/XC898673.ogg,1
picpig2/iNat786893.ogg,3
picpig2/XC500432.ogg,1
picpig2/iNat83788.ogg,0
picpig2/XC196535.ogg,3
picpig2/iNat586262.ogg,4
picpig2/XC1053013.ogg,2
picpig2/iNat1613521.ogg,4
picpig2/iNat1629944.ogg,3
picpig2/iNat1613520.ogg,4
picpig2/iNat1341242.ogg,3
picpig2/iNat321692.ogg,4
picpig2/XC1019067.ogg,3
picpig2/iNat559547.ogg,4
picpig2/XC176517.ogg,1
picpig2/iNat556336.ogg,2
picpig2/iNat786774.ogg,2
picpig2/iNat410694.ogg,2
picpig2/XC549508.ogg,3
picpig2/XC549509.ogg,3
picpig2/iNat730761.ogg,4
picpig2/XC167687.ogg,0
picpig2/iNat513295.ogg,1
picpig2/XC735996.ogg,2
picpig2/XC735992.ogg,2
picpig2/iNat1146892.ogg,2
picpig2/iNat1448438.ogg,3
picpig2/iNat1568287.ogg,3
picpig2/XC649766.ogg,2
picpig2/XC85014.ogg,1
picpig2/XC427745.ogg,2
picpig2/XC427744.ogg,2
picpig2/XC348349.ogg,1
picpig2/XC85272.ogg,1
picpig2/XC211678.ogg,0
picpig2/iNat1627928.ogg,2
picpig2/iNat1549193.ogg,4
picpig2/iNat1429870.ogg,4
picpig2/iNat710931.ogg,1
picpig2/XC162335.ogg,1
picpig2/iNat178683.ogg,2
picpig2/XC653831.ogg,2
picpig2/XC737835.ogg,3
picpig2/iNat183297.ogg,1
picpig2/XC645140.ogg,1
picpig2/XC697532.ogg,1
picpig2/XC480621.ogg,1
picpig2/XC640331.ogg,1
picpig2/iNat972829.ogg,3
picpig2/iNat1202491.ogg,4
picpig2/XC418590.ogg,2
picpig2/iNat61545.ogg,3
picpig2/iNat796623.ogg,1
picpig2/XC119107.ogg,3
picpig2/iNat1651607.ogg,4
picpig2/iNat1653397.ogg,4
picpig2/iNat991744.ogg,4
picpig2/XC995697.ogg,3
picpig2/XC247501.ogg,3
picpig2/XC243700.ogg,3
picpig2/XC247432.ogg,3
picpig2/XC288378.ogg,4
picpig2/XC286819.ogg,4
picpig2/XC270540.ogg,4
picpig2/iNat1545097.ogg,4
picpig2/iNat631761.ogg,1
picpig2/XC342242.ogg,4
picpig2/XC291446.ogg,1
picpig2/XC616379.ogg,4
picpig2/XC211677.ogg,0
picpig2/XC299139.ogg,0
picpig2/iNat376848.ogg,4
picpig2/iNat258911.ogg,0
picpig2/XC744329.ogg,4
picpig2/XC113853.ogg,4
picpig2/XC295380.ogg,0
picpig2/XC573742.ogg,3
picpig2/XC343268.ogg,1
picpig2/XC393688.ogg,1
picpig2/XC394259.ogg,1
picpig2/XC600417.ogg,4
picpig2/iNat1536960.ogg,3
picpig2/XC85013.ogg,1
picpig2/iNat1607749.ogg,2
picpig2/XC150797.ogg,0
picpig2/iNat1412158.ogg,2
picpig2/XC732468.ogg,4
picpig2/iNat1437709.ogg,1
picpig2/XC737340.ogg,2
picpig2/XC157312.ogg,4
picpig2/XC809996.ogg,2
picpig2/XC124534.ogg,3
picpig2/XC124536.ogg,3
picpig2/XC920669.ogg,2
picpig2/XC919987.ogg,2
picpig2/XC880844.ogg,2
picpig2/XC880843.ogg,2
picpig2/XC863718.ogg,2
picpig2/XC699785.ogg,2
picpig2/XC541483.ogg,2
picpig2/XC419243.ogg,2
picpig2/XC498197.ogg,2
picpig2/XC419245.ogg,2
picpig2/XC746487.ogg,2
picpig2/XC965400.ogg,2
picpig2/XC804021.ogg,2
picpig2/XC683005.ogg,2
picpig2/XC205976.ogg,0
picpig2/iNat130218.ogg,1
picpig2/iNat765614.ogg,2
picpig2/iNat1476434.ogg,1
picpig2/iNat1114196.ogg,1
picpig2/XC466722.ogg,4
picpig2/XC732831.ogg,2
picpig2/XC443515.ogg,2
picpig2/iNat1289712.ogg,4
picpig2/XC898268.ogg,2
picpig2/XC781214.ogg,2
picpig2/XC427746.ogg,2
picpig2/iNat887894.ogg,2
picpig2/XC1035789.ogg,2
picpig2/XC817023.ogg,2
pirfly1/XC202263.ogg,3
pirfly1/XC176292.ogg,2
pirfly1/iNat1703109.ogg,4
pirfly1/XC114755.ogg,0
pirfly1/iNat598062.ogg,2
pirfly1/XC154387.ogg,3
pirfly1/XC174296.ogg,1
pirfly1/XC484284.ogg,3
pirfly1/iNat1255505.ogg,1
pirfly1/XC551031.ogg,3
pirfly1/XC551027.ogg,3
pirfly1/XC170466.ogg,0
pirfly1/iNat313844.ogg,4
pirfly1/iNat1635054.ogg,1
pirfly1/XC671307.ogg,2
pirfly1/XC817936.ogg,2
pirfly1/XC196097.ogg,2
pirfly1/XC464582.ogg,3
pirfly1/iNat863500.ogg,0
pirfly1/iNat1561681.ogg,3
pirfly1/iNat1448404.ogg,3
pirfly1/XC397534.ogg,0
pirfly1/XC695270.ogg,3
pirfly1/XC854428.ogg,0
pirfly1/XC477336.ogg,3
pirfly1/XC161756.ogg,1
pirfly1/XC611401.ogg,3
pirfly1/XC206136.ogg,1
pirfly1/XC82142.ogg,1
pirfly1/XC209522.ogg,1
pirfly1/XC187991.ogg,4
pirfly1/XC155528.ogg,4
pirfly1/XC139469.ogg,3
pirfly1/iNat560812.ogg,4
pirfly1/XC139503.ogg,3
pirfly1/XC32307.ogg,3
pirfly1/iNat549173.ogg,4
pirfly1/iNat592070.ogg,4
pirfly1/XC970964.ogg,3
pirfly1/XC206137.ogg,1
pirfly1/iNat1392038.ogg,3
pirfly1/XC395322.ogg,0
pirfly1/XC14581.ogg,3
pirfly1/XC890921.ogg,3
pirfly1/XC210080.ogg,1
pirfly1/XC206133.ogg,1
pirfly1/XC305388.ogg,1
pirfly1/XC82246.ogg,1
pirfly1/XC82245.ogg,1
pirfly1/XC199221.ogg,1
pirfly1/XC678133.ogg,2
pirfly1/XC678131.ogg,2
pirfly1/XC199153.ogg,1
pirfly1/XC285192.ogg,4
pirfly1/XC1017616.ogg,3
pirfly1/XC895859.ogg,3
pirfly1/XC206138.ogg,1
pirfly1/XC157354.ogg,4
pirfly1/XC589780.ogg,4
pirfly1/XC973611.ogg,1
pirfly1/XC678119.ogg,2
pirfly1/XC447911.ogg,2
pirfly1/XC344127.ogg,1
pirfly1/XC575453.ogg,1
pirfly1/iNat585348.ogg,4
pirfly1/XC253139.ogg,3
pirfly1/XC131343.ogg,3
pirfly1/XC131322.ogg,3
pirfly1/XC131097.ogg,3
pirfly1/XC130862.ogg,3
pirfly1/XC288951.ogg,4
pirfly1/XC288202.ogg,4
pirfly1/iNat1284808.ogg,0
pirfly1/XC164658.ogg,1
pirfly1/XC388734.ogg,3
pirfly1/XC503655.ogg,1
pirfly1/XC521871.ogg,4
pirfly1/XC51023.ogg,3
pirfly1/XC674422.ogg,0
pirfly1/iNat396691.ogg,0
pirfly1/XC115776.ogg,4
pirfly1/XC299076.ogg,0
pirfly1/XC446733.ogg,4
pirfly1/XC863770.ogg,2
pirfly1/XC863741.ogg,2
pirfly1/XC863719.ogg,2
pirfly1/XC838434.ogg,2
pirfly1/XC164869.ogg,4
pirfly1/XC2577.ogg,0
pirfly1/XC471082.ogg,2
pirfly1/XC407701.ogg,2
pirfly1/XC704366.ogg,2
pirfly1/XC704365.ogg,2
pirfly1/XC757297.ogg,2
pirfly1/XC705746.ogg,0
pirfly1/XC325461.ogg,0
pirfly1/XC356446.ogg,2
pirfly1/XC675142.ogg,2
pirfly1/XC325460.ogg,0
pirfly1/XC401102.ogg,4
pirfly1/XC345972.ogg,3
pirfly1/XC506364.ogg,2
pirfly1/XC704008.ogg,3
pirfly1/XC1050423.ogg,0
pirfly1/XC1050422.ogg,0
pirfly1/XC1050417.ogg,0
pirfly1/XC704014.ogg,3
pirfly1/XC704011.ogg,3
pirfly1/XC354366.ogg,1
pirfly1/XC859262.ogg,3
pirfly1/XC838000.ogg,2
pirfly1/XC91.ogg,1
pirfly1/iNat143972.ogg,4
pirfly1/XC962955.ogg,3
pirfly1/XC63591.ogg,1
pirfly1/XC63590.ogg,1
pirfly1/XC482224.ogg,0
pirfly1/XC687424.ogg,4
pirfly1/iNat1300178.ogg,4
pirfly1/XC118863.ogg,3
pirfly1/XC389443.ogg,1
pirfly1/XC192570.ogg,1
pirfly1/XC151875.ogg,3
pirfly1/XC808641.ogg,3
pirfly1/XC432582.ogg,3
pirfly1/XC521568.ogg,3
pirfly1/XC834199.ogg,3
pirfly1/XC490298.ogg,3
pirfly1/XC574619.ogg,4
pirfly1/XC697447.ogg,2
pirfly1/XC697437.ogg,2
pirfly1/XC697199.ogg,2
pirfly1/XC605701.ogg,3
pirfly1/XC537833.ogg,0
pirfly1/XC648687.ogg,3
pirfly1/XC1044054.ogg,2
pirfly1/iNat381261.ogg,3
pirfly1/XC1035218.ogg,2
pirfly1/XC1035213.ogg,2
pirfly1/XC493175.ogg,2
pirfly1/XC944068.ogg,2
pirfly1/XC944067.ogg,2
pirfly1/XC944066.ogg,2
pirfly1/XC944065.ogg,2
pirfly1/XC764117.ogg,1
pirfly1/XC769392.ogg,2
pirfly1/XC119808.ogg,3
pirfly1/XC1034722.ogg,2
pirfly1/XC1034586.ogg,2
pirfly1/XC1034568.ogg,2
pirfly1/XC11350.ogg,4
pirfly1/XC345794.ogg,0
pirfly1/XC341354.ogg,0
pirfly1/XC676309.ogg,2
pirfly1/XC664796.ogg,2
pirfly1/XC566178.ogg,0
pirfly1/XC438578.ogg,4
pirfly1/XC437379.ogg,4
pirfly1/XC427527.ogg,2
pirfly1/XC974449.ogg,2
pirfly1/XC208624.ogg,4
pirfly1/XC161364.ogg,0
pirfly1/XC550057.ogg,0
pirfly1/XC550056.ogg,0
pirfly1/iNat1677277.ogg,0
pirfly1/XC166765.ogg,0
pirfly1/XC166764.ogg,0
pirfly1/XC120609.ogg,1
pirfly1/iNat776278.ogg,0
pirfly1/XC602794.ogg,0
pirfly1/XC249521.ogg,3
pirfly1/XC249520.ogg,3
pirfly1/iNat843378.ogg,1
pirfly1/XC939627.ogg,4
pirfly1/XC259030.ogg,4
pirfly1/XC259028.ogg,4
pirfly1/XC150020.ogg,1
pirfly1/XC249418.ogg,3
pirfly1/XC259031.ogg,4
pirfly1/XC944479.ogg,4
pirfly1/XC198774.ogg,3
pirfly1/iNat1391156.ogg,0
pirfly1/XC249067.ogg,3
pirfly1/XC610807.ogg,3
pirfly1/XC259029.ogg,4
pirfly1/XC259027.ogg,4
pirfly1/XC248707.ogg,3
pirfly1/XC248706.ogg,3
pirfly1/XC461400.ogg,0
pirfly1/iNat593417.ogg,4
pirfly1/XC9342.ogg,3
pirfly1/XC861241.ogg,1
pirfly1/XC525580.ogg,3
pirfly1/XC525579.ogg,3
pirfly1/XC525578.ogg,3
pirfly1/XC525577.ogg,3
pirfly1/XC525576.ogg,3
pirfly1/XC525376.ogg,3
pirfly1/XC525375.ogg,3
pirfly1/XC992084.ogg,1
pirfly1/XC454048.ogg,2
pirfly1/XC609543.ogg,1
pirfly1/XC275479.ogg,0
pirfly1/XC262260.ogg,1
pirfly1/XC262259.ogg,1
pirfly1/XC262258.ogg,1
pirfly1/XC275480.ogg,0
pirfly1/XC275478.ogg,0
pirfly1/XC275477.ogg,0
pirfly1/XC275476.ogg,0
pirfly1/XC196278.ogg,0
pirfly1/XC420565.ogg,2
pirfly1/XC961399.ogg,1
pirfly1/XC120084.ogg,1
pirfly1/XC939694.ogg,2
pirfly1/XC939693.ogg,2
pirfly1/XC690990.ogg,1
pirfly1/XC589901.ogg,1
pirfly1/XC549929.ogg,1
pirfly1/XC984732.ogg,4
pirfly1/XC709430.ogg,3
pirfly1/XC928747.ogg,3
pirfly1/XC456417.ogg,4
pirfly1/XC148186.ogg,3
pirfly1/XC1043156.ogg,3
pirfly1/XC914478.ogg,3
pirfly1/XC127588.ogg,4
pirfly1/XC127243.ogg,4
pirfly1/XC1053674.ogg,3
pirfly1/XC571696.ogg,4
pirfly1/XC570839.ogg,4
pirfly1/XC568154.ogg,4
pirfly1/XC568017.ogg,4
pirfly1/XC552699.ogg,4
pirfly1/XC544898.ogg,4
pirfly1/XC540102.ogg,4
pirfly1/XC424493.ogg,2
pirfly1/XC386647.ogg,2
pirfly1/XC423823.ogg,2
pirfly1/XC542223.ogg,0
pirfly1/XC1039817.ogg,2
pirfly1/XC980384.ogg,2
pirfly1/XC980383.ogg,2
pirfly1/XC913391.ogg,2
pirfly1/XC773178.ogg,3
pirfly1/XC906770.ogg,3
pirfly1/XC906763.ogg,3
pirfly1/XC407360.ogg,4
pirfly1/XC113986.ogg,0
pirfly1/iNat1431284.ogg,2
pirfly1/iNat1433191.ogg,0
pirfly1/XC455151.ogg,0
pirfly1/XC816675.ogg,0
pirfly1/iNat990570.ogg,4
pirfly1/XC781245.ogg,2
pirfly1/iNat1396396.ogg,4
pirfly1/iNat1684862.ogg,2
pirfly1/XC386998.ogg,3
pirfly1/XC244896.ogg,2
pirfly1/XC244895.ogg,2
pirfly1/XC450806.ogg,4
pirfly1/XC387871.ogg,1
pirfly1/XC387870.ogg,1
pirfly1/XC387869.ogg,1
pirfly1/XC387561.ogg,1
pirfly1/XC245262.ogg,1
pirfly1/XC429594.ogg,0
pirfly1/XC433473.ogg,0
pirfly1/XC827680.ogg,3
pirfly1/XC940689.ogg,2
pirfly1/iNat52667.ogg,4
pirfly1/XC580708.ogg,1
pirfly1/XC9188.ogg,3
pirfly1/XC9187.ogg,3
pirfly1/XC245410.ogg,4
pirfly1/XC245406.ogg,4
pirfly1/XC245387.ogg,3
pirfly1/XC245350.ogg,4
pirfly1/XC245349.ogg,4
pirfly1/XC245511.ogg,3
pirfly1/XC245491.ogg,3
pirfly1/iNat418250.ogg,4
pirfly1/XC332143.ogg,4
pirfly1/XC332142.ogg,4
pirfly1/XC46980.ogg,4
pirfly1/XC1015864.ogg,4
pirfly1/XC153983.ogg,1
pirfly1/XC153977.ogg,1
pirfly1/XC153976.ogg,1
pirfly1/XC153978.ogg,1
pirfly1/XC372322.ogg,2
pirfly1/XC166652.ogg,4
pirfly1/iNat880028.ogg,3
pirfly1/XC744701.ogg,2
pirfly1/XC803523.ogg,0
pirfly1/iNat617910.ogg,2
pirfly1/XC490009.ogg,3
pirfly1/XC185840.ogg,0
pirfly1/XC410601.ogg,2
pirfly1/XC373210.ogg,2
pirfly1/XC456268.ogg,2
pirfly1/iNat82883.ogg,0
pirfly1/iNat687543.ogg,0
pirfly1/iNat38916.ogg,4
pirfly1/XC252015.ogg,0
pirfly1/XC410860.ogg,1
pirfly1/XC358498.ogg,2
pirfly1/iNat1355377.ogg,2
pirfly1/XC361423.ogg,2
pirfly1/XC360780.ogg,2
pirfly1/XC357425.ogg,2
pirfly1/XC383419.ogg,2
pirfly1/XC199060.ogg,2
pirfly1/XC389331.ogg,2
pirfly1/iNat525351.ogg,1
pirfly1/iNat386620.ogg,3
pirfly1/iNat738386.ogg,2
pirfly1/iNat216683.ogg,4
pirfly1/XC471373.ogg,2
pirfly1/XC240863.ogg,1
pirfly1/iNat953635.ogg,4
pirfly1/XC309685.ogg,2
pirfly1/XC309684.ogg,2
pirfly1/XC183921.ogg,0
pirfly1/XC316770.ogg,2
pirfly1/XC333930.ogg,3
pirfly1/XC333926.ogg,3
pirfly1/XC333927.ogg,3
pirfly1/XC28554.ogg,1
pirfly1/XC28570.ogg,1
pirfly1/XC964407.ogg,4
pirfly1/iNat727732.ogg,2
pirfly1/iNat1099580.ogg,2
pirfly1/XC797348.ogg,1
pirfly1/XC925759.ogg,3
pirfly1/XC896090.ogg,3
pirfly1/XC896089.ogg,3
pirfly1/XC896088.ogg,3
pirfly1/XC411902.ogg,1
pirfly1/iNat1057279.ogg,3
pirfly1/XC922925.ogg,3
pirfly1/iNat1133457.ogg,4
pirfly1/iNat1133458.ogg,4
pirfly1/iNat1488769.ogg,2
pirfly1/iNat544190.ogg,4
plasla1/XC423633.ogg,2
plasla1/XC291620.ogg,2
plasla1/XC720934.ogg,1
plasla1/XC993194.ogg,3
plasla1/XC989792.ogg,3
plasla1/XC993195.ogg,3
plasla1/XC789163.ogg,0
plasla1/XC496103.ogg,0
plasla1/XC545493.ogg,0
plasla1/XC744331.ogg,4
plasla1/XC325958.ogg,0
plasla1/XC325623.ogg,0
plasla1/XC833937.ogg,3
plasla1/XC325953.ogg,0
plasla1/XC325952.ogg,0
plasla1/XC295575.ogg,0
plasla1/XC453667.ogg,2
plasla1/XC413870.ogg,2
plasla1/XC470919.ogg,3
plasla1/XC470918.ogg,3
plasla1/XC286591.ogg,2
plasla1/XC310458.ogg,1
plasla1/XC241844.ogg,1
plasla1/XC80123.ogg,1
plasla1/XC737349.ogg,2
plasla1/XC206474.ogg,4
plasla1/XC813089.ogg,2
plasla1/XC809987.ogg,2
plasla1/XC128567.ogg,3
plasla1/XC602710.ogg,3
plasla1/XC494190.ogg,2
plasla1/XC493854.ogg,2
plasla1/XC481847.ogg,2
plasla1/XC656088.ogg,2
plasla1/XC923063.ogg,2
plasla1/XC706815.ogg,2
plasla1/XC444936.ogg,2
plasla1/XC444934.ogg,2
plasla1/XC444935.ogg,2
plasla1/XC1017288.ogg,2
plasla1/XC963341.ogg,2
plasla1/XC367663.ogg,2
plasla1/XC345530.ogg,2
plasla1/XC334333.ogg,2
plasla1/XC320278.ogg,2
plasla1/XC305412.ogg,2
plasla1/XC933898.ogg,2
plasla1/XC933890.ogg,2
plasla1/XC761503.ogg,2
plasla1/XC699627.ogg,2
plasla1/XC338845.ogg,4
plasla1/XC157285.ogg,4
plasla1/XC1006630.ogg,2
plasla1/XC1006628.ogg,2
plasla1/XC964060.ogg,2
plasla1/XC340240.ogg,4
plasla1/iNat1523889.ogg,3
plasla1/XC385752.ogg,0
plasla1/XC514673.ogg,3
plasla1/iNat1290106.ogg,4
plasla1/XC80122.ogg,1
plasla1/XC324427.ogg,1
plasla1/iNat1288787.ogg,4
plasla1/XC178518.ogg,1
plasla1/XC174037.ogg,2
plasla1/XC413869.ogg,2
plasla1/XC787198.ogg,2
plasla1/XC826820.ogg,0
plasla1/XC770504.ogg,2
plasla1/XC728408.ogg,2
plasla1/XC241828.ogg,1
plasla1/XC901148.ogg,2
plasla1/XC898322.ogg,2
plasla1/XC789027.ogg,2
plasla1/XC789026.ogg,2
plasla1/XC289103.ogg,3
plasla1/XC121266.ogg,3
plasla1/XC578314.ogg,3
plasla1/XC573124.ogg,3
plasla1/XC323264.ogg,1
plasla1/XC323156.ogg,1
plasla1/XC321713.ogg,1
plasla1/XC321703.ogg,1
plasla1/XC80120.ogg,1
plasla1/XC329795.ogg,1
plasla1/XC241842.ogg,1
plasla1/XC898423.ogg,2
plasla1/XC878752.ogg,3
plasla1/XC698653.ogg,0
plasla1/XC241838.ogg,1
plasla1/XC118889.ogg,3
plasla1/XC114968.ogg,1
plasla1/XC114967.ogg,1
plasla1/XC212421.ogg,0
plasla1/XC120055.ogg,3
plasla1/XC342821.ogg,0
plasla1/XC698631.ogg,0
plasla1/XC241836.ogg,1
plasla1/XC241834.ogg,1
plasla1/XC80124.ogg,1
plasla1/XC80119.ogg,1
plasla1/XC80118.ogg,1
plasla1/XC241829.ogg,1
plasla1/XC120061.ogg,3
plasla1/XC121923.ogg,0
plasla1/XC11584.ogg,3
plasla1/XC201330.ogg,3
plasla1/XC428073.ogg,2
plasla1/iNat1737748.ogg,2
plasla1/XC493609.ogg,2
plasla1/XC983855.ogg,3
plasla1/XC995704.ogg,3
plasla1/XC983836.ogg,3
plasla1/iNat391587.ogg,0
plasla1/XC287919.ogg,1
plasla1/XC974649.ogg,2
plasla1/XC974632.ogg,2
plasla1/XC197278.ogg,2
plasla1/XC505437.ogg,0
plasla1/XC575367.ogg,4
platyr1/iNat1659006.ogg,1
platyr1/iNat1658855.ogg,3
platyr1/XC509784.ogg,1
platyr1/XC510780.ogg,4
platyr1/iNat556964.ogg,4
platyr1/XC149917.ogg,4
platyr1/iNat364767.ogg,0
platyr1/XC687833.ogg,3
platyr1/XC687798.ogg,3
platyr1/XC687784.ogg,3
platyr1/XC394961.ogg,0
platyr1/iNat566390.ogg,1
platyr1/iNat566391.ogg,1
platyr1/iNat149769.ogg,4
platyr1/XC615547.ogg,1
platyr1/XC52259.ogg,3
platyr1/XC616313.ogg,1
platyr1/XC844018.ogg,3
platyr1/XC844009.ogg,3
platyr1/XC1045256.ogg,4
platyr1/iNat1656731.ogg,1
platyr1/XC854876.ogg,2
platyr1/XC854874.ogg,2
platyr1/XC854873.ogg,2
platyr1/XC461401.ogg,2
platyr1/XC656885.ogg,1
platyr1/iNat182637.ogg,0
platyr1/XC739180.ogg,4
platyr1/XC739175.ogg,4
platyr1/XC144951.ogg,0
platyr1/XC2723.ogg,0
platyr1/XC550395.ogg,3
platyr1/XC550391.ogg,3
platyr1/XC148931.ogg,0
platyr1/XC429282.ogg,3
platyr1/XC195746.ogg,4
plcjay1/iNat960684.ogg,0
plcjay1/iNat709323.ogg,4
plcjay1/iNat709325.ogg,4
plcjay1/iNat690021.ogg,4
plcjay1/XC173444.ogg,1
plcjay1/XC898523.ogg,4
plcjay1/XC635713.ogg,3
plcjay1/XC543325.ogg,1
plcjay1/XC811610.ogg,1
plcjay1/iNat817718.ogg,2
plcjay1/iNat1460194.ogg,4
plcjay1/XC748977.ogg,1
plcjay1/XC777863.ogg,1
plcjay1/XC814556.ogg,1
plcjay1/XC777867.ogg,1
plcjay1/XC589808.ogg,1
plcjay1/XC607667.ogg,1
plcjay1/XC589985.ogg,1
plcjay1/iNat610609.ogg,3
plcjay1/XC463858.ogg,3
plcjay1/iNat173044.ogg,0
plcjay1/XC1018384.ogg,3
plcjay1/iNat873584.ogg,3
plcjay1/XC463768.ogg,3
plcjay1/iNat777352.ogg,4
plcjay1/XC475994.ogg,3
plcjay1/iNat949120.ogg,3
plcjay1/XC510906.ogg,3
plcjay1/XC686989.ogg,2
plcjay1/XC386997.ogg,2
plcjay1/XC153850.ogg,1
plcjay1/iNat1613594.ogg,4
plcjay1/iNat1613673.ogg,4
plcjay1/iNat1498954.ogg,1
plcjay1/iNat1691980.ogg,0
plcjay1/iNat1460145.ogg,4
plcjay1/XC174636.ogg,1
plcjay1/iNat325281.ogg,0
plcjay1/iNat1613597.ogg,4
plcjay1/iNat1613595.ogg,4
plcjay1/iNat1613598.ogg,4
plcjay1/XC337874.ogg,4
plcjay1/XC507118.ogg,0
plcjay1/iNat863423.ogg,0
plcjay1/iNat1097465.ogg,2
plcjay1/iNat1097471.ogg,2
plcjay1/XC364750.ogg,3
plcjay1/XC364126.ogg,3
plcjay1/iNat668338.ogg,2
plcjay1/iNat412575.ogg,2
plcjay1/iNat512338.ogg,2
plcjay1/iNat786836.ogg,2
plcjay1/iNat842161.ogg,2
plcjay1/iNat1622425.ogg,4
plcjay1/iNat1184275.ogg,1
plcjay1/XC657684.ogg,1
plcjay1/XC294708.ogg,1
plcjay1/XC122405.ogg,2
plcjay1/XC570937.ogg,3
plcjay1/iNat330464.ogg,4
plcjay1/XC551541.ogg,3
plcjay1/XC551538.ogg,3
plcjay1/XC819420.ogg,1
plcjay1/XC657687.ogg,1
plcjay1/XC366511.ogg,3
plcjay1/XC475557.ogg,2
plcjay1/XC157395.ogg,0
plcjay1/XC172131.ogg,0
plcjay1/iNat1378463.ogg,4
plcjay1/iNat787989.ogg,4
plcjay1/XC541135.ogg,2
plcjay1/XC672170.ogg,3
plcjay1/XC150371.ogg,3
plcjay1/iNat860770.ogg,1
plcjay1/XC174625.ogg,2
plcjay1/XC585484.ogg,2
plcjay1/XC477128.ogg,2
plcjay1/XC861584.ogg,1
plcjay1/iNat804627.ogg,3
plcjay1/XC620651.ogg,2
plcjay1/XC620650.ogg,2
plcjay1/XC900397.ogg,3
plcjay1/XC1009591.ogg,3
plcjay1/iNat1684075.ogg,2
plcjay1/iNat863644.ogg,0
plcjay1/XC394329.ogg,4
plcjay1/iNat1296971.ogg,4
plcjay1/XC211414.ogg,1
plcjay1/iNat1644063.ogg,1
plcjay1/iNat40812.ogg,3
plcjay1/iNat1418407.ogg,2
plcjay1/iNat334072.ogg,4
plcjay1/iNat587122.ogg,4
plcjay1/XC415262.ogg,2
plcjay1/XC1010409.ogg,3
plcjay1/iNat622140.ogg,4
plcjay1/iNat622145.ogg,4
plcjay1/XC647819.ogg,2
plcjay1/XC591288.ogg,2
plcjay1/iNat1383852.ogg,4
plcjay1/iNat785552.ogg,4
plcjay1/XC195856.ogg,0
plcjay1/XC361126.ogg,3
plcjay1/XC419490.ogg,0
plcjay1/XC419112.ogg,0
plcjay1/XC299613.ogg,0
plcjay1/XC315276.ogg,2
plcjay1/iNat1505502.ogg,4
plcjay1/iNat1549114.ogg,4
plcjay1/iNat1549123.ogg,4
plcjay1/XC705849.ogg,0
plcjay1/iNat1117491.ogg,0
plcjay1/XC391621.ogg,4
plcjay1/XC32401.ogg,3
plcjay1/XC32400.ogg,3
plcjay1/iNat1684725.ogg,2
plcjay1/iNat911601.ogg,4
plcjay1/iNat397509.ogg,0
plcjay1/iNat1505865.ogg,3
plcjay1/iNat1505866.ogg,3
plcjay1/iNat1612345.ogg,1
plcjay1/iNat1435256.ogg,2
plcjay1/iNat1435257.ogg,2
plcjay1/iNat331154.ogg,4
plcjay1/XC32403.ogg,3
plcjay1/XC32402.ogg,3
plcjay1/XC589556.ogg,0
plcjay1/XC457473.ogg,2
plcjay1/XC447981.ogg,2
plcjay1/XC457474.ogg,2
plcjay1/XC423616.ogg,2
plcjay1/XC180151.ogg,2
plcjay1/XC133623.ogg,1
plcjay1/XC506618.ogg,0
plcjay1/XC993145.ogg,3
plcjay1/XC973680.ogg,3
plcjay1/XC993147.ogg,3
plcjay1/XC993146.ogg,3
plcjay1/XC51405.ogg,3
plcjay1/XC51404.ogg,3
plcjay1/XC163418.ogg,2
plcjay1/XC143351.ogg,3
plcjay1/XC186204.ogg,0
plcjay1/XC299127.ogg,0
plcjay1/XC748999.ogg,1
plcjay1/XC844007.ogg,3
plcjay1/XC854872.ogg,2
plcjay1/XC461392.ogg,2
plcjay1/iNat345590.ogg,3
plcjay1/iNat1734625.ogg,0
plcjay1/XC301354.ogg,0
plcjay1/XC299064.ogg,0
plcjay1/XC990005.ogg,3
plcjay1/XC296527.ogg,3
plcjay1/XC211413.ogg,1
plcjay1/XC211412.ogg,1
plcjay1/XC184571.ogg,1
plcjay1/XC82192.ogg,1
plcjay1/XC2631.ogg,0
plcjay1/XC2630.ogg,0
plcjay1/XC2622.ogg,0
plcjay1/XC78194.ogg,0
plcjay1/XC78193.ogg,0
plcjay1/XC78190.ogg,0
plcjay1/XC78187.ogg,0
plcjay1/XC78192.ogg,0
plcjay1/XC78191.ogg,0
plcjay1/XC78189.ogg,0
plcjay1/XC78188.ogg,0
plcjay1/XC1765.ogg,0
plcjay1/XC631117.ogg,4
plcjay1/XC289907.ogg,4
plcjay1/XC705419.ogg,3
plcjay1/XC705418.ogg,3
plcjay1/XC376041.ogg,1
plcjay1/iNat984235.ogg,1
plcjay1/iNat965788.ogg,1
plcjay1/iNat1370772.ogg,2
plcjay1/XC290417.ogg,4
plcjay1/iNat1432062.ogg,2
plcjay1/XC556254.ogg,2
plcjay1/XC482818.ogg,3
plcjay1/XC556255.ogg,2
plcjay1/XC167331.ogg,3
plcjay1/XC482174.ogg,3
plcjay1/XC934054.ogg,1
pluibi1/iNat524510.ogg,0
pluibi1/iNat520491.ogg,3
pluibi1/iNat520495.ogg,3
pluibi1/iNat520496.ogg,3
pluibi1/iNat520497.ogg,3
pluibi1/XC355651.ogg,3
pluibi1/XC450538.ogg,4
pluibi1/XC872459.ogg,2
pluibi1/iNat1224168.ogg,1
pluibi1/XC686690.ogg,2
pluibi1/iNat315390.ogg,0
pluibi1/XC173870.ogg,1
pluibi1/XC186488.ogg,1
pluibi1/XC170812.ogg,1
pluibi1/XC510896.ogg,3
pluibi1/XC552900.ogg,1
pluibi1/iNat138944.ogg,2
pluibi1/XC823451.ogg,4
pluibi1/XC823450.ogg,4
pluibi1/XC823446.ogg,4
pluibi1/XC823444.ogg,4
pluibi1/XC686380.ogg,2
pluibi1/XC466899.ogg,3
pluibi1/XC467808.ogg,3
pluibi1/iNat524194.ogg,1
pluibi1/XC391613.ogg,4
pluibi1/XC85435.ogg,1
pluibi1/XC699649.ogg,2
pluibi1/XC699638.ogg,2
pluibi1/XC85436.ogg,1
pluibi1/XC879284.ogg,3
pluibi1/XC879298.ogg,3
pluibi1/XC119765.ogg,2
pluibi1/XC119764.ogg,2
pluibi1/XC705025.ogg,3
pluibi1/XC9614.ogg,3
pluibi1/XC9615.ogg,3
pluibi1/XC9613.ogg,3
pluibi1/XC123646.ogg,3
pluibi1/XC123642.ogg,3
pluibi1/XC720702.ogg,3
pluibi1/XC720698.ogg,3
pluibi1/XC720670.ogg,3
pluibi1/XC720706.ogg,3
pluibi1/XC720695.ogg,3
pluibi1/XC654355.ogg,3
pluibi1/XC394416.ogg,0
pluibi1/XC674885.ogg,2
pluibi1/XC599229.ogg,2
pluibi1/iNat771831.ogg,1
pluibi1/XC51395.ogg,3
pluibi1/XC414189.ogg,2
pluibi1/XC381850.ogg,1
pluibi1/XC167278.ogg,0
pluibi1/XC499843.ogg,3
pluibi1/XC580856.ogg,4
pluibi1/XC580855.ogg,4
pluibi1/XC580836.ogg,4
pluibi1/XC705024.ogg,3
pluibi1/XC705027.ogg,3
pluibi1/XC705026.ogg,3
pluibi1/XC705032.ogg,3
pluibi1/XC705031.ogg,3
pluibi1/XC705030.ogg,3
pluibi1/XC705029.ogg,3
pluibi1/XC705028.ogg,3
pluibi1/XC264112.ogg,3
pluibi1/XC836260.ogg,4
purjay1/iNat1163541.ogg,1
purjay1/XC452324.ogg,3
purjay1/XC451260.ogg,3
purjay1/XC364394.ogg,3
purjay1/iNat1529401.ogg,3
purjay1/iNat524193.ogg,1
purjay1/iNat694359.ogg,3
purjay1/XC647821.ogg,2
purjay1/XC591287.ogg,2
purjay1/XC413100.ogg,2
purjay1/XC413088.ogg,2
purjay1/XC819199.ogg,4
purjay1/iNat779281.ogg,1
purjay1/XC51407.ogg,3
purjay1/XC51406.ogg,3
purjay1/XC143345.ogg,3
purjay1/XC143347.ogg,3
purjay1/XC844008.ogg,3
purjay1/XC1519.ogg,0
purjay1/iNat369754.ogg,3
purjay1/XC461351.ogg,2
purjay1/XC854875.ogg,2
purjay1/iNat1734624.ogg,0
purjay1/XC854888.ogg,2
purjay1/XC707633.ogg,0
purjay1/XC707632.ogg,0
purjay1/XC854898.ogg,2
purjay1/iNat397507.ogg,0
purjay1/XC351061.ogg,1
purjay1/XC82195.ogg,1
purjay1/XC82194.ogg,1
purjay1/iNat1613614.ogg,4
purjay1/XC181675.ogg,1
purjay1/XC310728.ogg,1
purjay1/XC310727.ogg,1
purjay1/XC181671.ogg,1
purjay1/XC627065.ogg,3
purjay1/XC631207.ogg,4
purjay1/XC351051.ogg,4
purjay1/XC289543.ogg,2
purjay1/XC299441.ogg,1
purjay1/XC296324.ogg,4
purjay1/XC705421.ogg,3
purjay1/XC834084.ogg,3
purjay1/XC637927.ogg,4
purjay1/XC2192.ogg,0
purjay1/XC123640.ogg,3
purjay1/XC381938.ogg,1
purjay1/XC116255.ogg,2
purjay1/XC116254.ogg,2
purjay1/XC340955.ogg,1
purjay1/iNat1553242.ogg,1
purjay1/iNat1652343.ogg,2
purjay1/XC415259.ogg,2
purjay1/XC171668.ogg,3
purjay1/XC542973.ogg,3
purjay1/XC354519.ogg,4
purjay1/XC400317.ogg,4
purjay1/XC834003.ogg,3
purjay1/XC14713.ogg,3
purjay1/XC377063.ogg,0
purjay1/XC385719.ogg,0
purjay1/XC114703.ogg,0
purjay1/XC82196.ogg,1
purjay1/XC1064097.ogg,3
purjay1/XC178115.ogg,1
purjay1/XC860579.ogg,3
purjay1/XC860578.ogg,3
purjay1/XC313549.ogg,0
purjay1/XC705420.ogg,3
purjay1/XC963468.ogg,3
purjay1/iNat142875.ogg,4
purjay1/XC63340.ogg,1
purjay1/iNat142670.ogg,4
purjay1/XC167328.ogg,0
purjay1/XC453597.ogg,1
purjay1/XC253174.ogg,0
pvttyr1/XC898958.ogg,1
pvttyr1/iNat1667647.ogg,3
pvttyr1/XC993634.ogg,2
pvttyr1/XC983576.ogg,2
pvttyr1/XC759101.ogg,2
pvttyr1/XC746293.ogg,2
pvttyr1/XC436494.ogg,1
pvttyr1/XC777617.ogg,1
pvttyr1/iNat51490.ogg,2
pvttyr1/XC811690.ogg,1
pvttyr1/XC992361.ogg,1
pvttyr1/XC992347.ogg,1
pvttyr1/XC331383.ogg,0
pvttyr1/iNat173045.ogg,0
pvttyr1/iNat143019.ogg,0
pvttyr1/XC675678.ogg,2
pvttyr1/iNat364944.ogg,1
pvttyr1/iNat30928.ogg,2
pvttyr1/iNat151100.ogg,2
pvttyr1/iNat1282554.ogg,3
pvttyr1/iNat1210204.ogg,3
pvttyr1/iNat1224688.ogg,2
pvttyr1/XC552916.ogg,1
pvttyr1/XC552915.ogg,1
pvttyr1/XC755018.ogg,1
pvttyr1/iNat513473.ogg,2
pvttyr1/XC381985.ogg,3
pvttyr1/XC198906.ogg,3
pvttyr1/iNat330153.ogg,1
pvttyr1/iNat1619392.ogg,0
pvttyr1/iNat586192.ogg,4
pvttyr1/XC1069280.ogg,4
pvttyr1/XC1069277.ogg,4
pvttyr1/iNat318959.ogg,4
pvttyr1/iNat1493164.ogg,2
pvttyr1/iNat1493167.ogg,2
pvttyr1/XC1019085.ogg,3
pvttyr1/XC1019047.ogg,3
pvttyr1/XC189623.ogg,4
pvttyr1/XC329616.ogg,4
pvttyr1/XC358875.ogg,4
pvttyr1/iNat557884.ogg,4
pvttyr1/iNat1469893.ogg,3
pvttyr1/XC955583.ogg,4
pvttyr1/iNat1383522.ogg,3
pvttyr1/iNat1460287.ogg,3
pvttyr1/XC313632.ogg,0
pvttyr1/XC364708.ogg,3
pvttyr1/iNat1383518.ogg,3
pvttyr1/XC467720.ogg,3
pvttyr1/XC467516.ogg,3
pvttyr1/XC551007.ogg,3
pvttyr1/XC687711.ogg,3
pvttyr1/XC687734.ogg,3
pvttyr1/XC358303.ogg,2
pvttyr1/XC1015228.ogg,2
pvttyr1/XC922821.ogg,3
pvttyr1/XC922814.ogg,3
pvttyr1/XC687802.ogg,3
pvttyr1/XC687801.ogg,3
pvttyr1/iNat161334.ogg,4
pvttyr1/XC589887.ogg,2
pvttyr1/iNat729629.ogg,4
pvttyr1/iNat730719.ogg,4
pvttyr1/iNat150010.ogg,4
pvttyr1/XC415206.ogg,2
pvttyr1/XC415215.ogg,2
pvttyr1/XC770016.ogg,3
pvttyr1/XC770066.ogg,3
pvttyr1/XC287703.ogg,0
pvttyr1/XC15978.ogg,3
pvttyr1/XC503471.ogg,3
pvttyr1/XC48547.ogg,4
pvttyr1/XC48546.ogg,4
pvttyr1/XC48545.ogg,4
pvttyr1/XC559537.ogg,1
pvttyr1/XC650459.ogg,1
pvttyr1/XC29350.ogg,3
pvttyr1/XC29351.ogg,3
pvttyr1/XC29355.ogg,3
pvttyr1/XC29354.ogg,3
pvttyr1/XC29353.ogg,3
pvttyr1/XC29352.ogg,3
pvttyr1/XC615592.ogg,1
pvttyr1/XC768291.ogg,4
pvttyr1/XC615542.ogg,1
pvttyr1/XC705791.ogg,0
pvttyr1/XC720966.ogg,1
pvttyr1/XC696018.ogg,1
pvttyr1/XC655055.ogg,1
pvttyr1/XC444243.ogg,3
pvttyr1/XC993152.ogg,3
pvttyr1/XC993151.ogg,3
pvttyr1/XC973676.ogg,3
pvttyr1/XC433824.ogg,2
pvttyr1/XC52229.ogg,3
pvttyr1/XC52228.ogg,3
pvttyr1/XC52227.ogg,3
pvttyr1/XC52230.ogg,3
pvttyr1/iNat398120.ogg,0
pvttyr1/XC441773.ogg,2
pvttyr1/XC441772.ogg,2
pvttyr1/XC461368.ogg,2
pvttyr1/XC299179.ogg,0
pvttyr1/XC299177.ogg,0
pvttyr1/XC833948.ogg,3
pvttyr1/XC777318.ogg,3
pvttyr1/XC777317.ogg,3
pvttyr1/XC707636.ogg,0
pvttyr1/XC299044.ogg,0
pvttyr1/XC299045.ogg,0
pvttyr1/XC284425.ogg,1
pvttyr1/XC173374.ogg,2
pvttyr1/XC81575.ogg,1
pvttyr1/XC145059.ogg,0
pvttyr1/XC70100.ogg,1
pvttyr1/iNat888093.ogg,4
pvttyr1/XC151232.ogg,0
pvttyr1/XC336525.ogg,4
pvttyr1/XC81577.ogg,1
pvttyr1/XC81576.ogg,1
pvttyr1/XC732258.ogg,4
pvttyr1/XC1954.ogg,0
pvttyr1/XC863823.ogg,2
pvttyr1/XC708793.ogg,3
pvttyr1/XC63491.ogg,1
pvttyr1/XC1772.ogg,0
pvttyr1/XC1764.ogg,0
pvttyr1/XC628857.ogg,3
pvttyr1/XC289548.ogg,2
pvttyr1/XC708775.ogg,3
pvttyr1/XC81595.ogg,1
pvttyr1/XC2105.ogg,0
pvttyr1/XC521238.ogg,2
pvttyr1/XC123683.ogg,3
pvttyr1/XC123682.ogg,3
pvttyr1/XC720694.ogg,3
pvttyr1/XC720692.ogg,3
pvttyr1/XC708050.ogg,2
pvttyr1/XC436754.ogg,2
pvttyr1/XC421616.ogg,2
pvttyr1/iNat514479.ogg,4
pvttyr1/XC602721.ogg,3
pvttyr1/XC371849.ogg,2
pvttyr1/iNat1646182.ogg,1
pvttyr1/XC400314.ogg,4
pvttyr1/XC829988.ogg,2
pvttyr1/XC116390.ogg,2
pvttyr1/XC722065.ogg,2
pvttyr1/XC674490.ogg,2
pvttyr1/XC613955.ogg,2
pvttyr1/XC580448.ogg,2
pvttyr1/XC522405.ogg,2
pvttyr1/XC443533.ogg,2
pvttyr1/XC659533.ogg,2
pvttyr1/XC151197.ogg,2
pvttyr1/XC173542.ogg,4
pvttyr1/XC789025.ogg,2
pvttyr1/XC788941.ogg,2
pvttyr1/XC121261.ogg,3
pvttyr1/XC728455.ogg,2
pvttyr1/XC728446.ogg,2
pvttyr1/XC321918.ogg,1
pvttyr1/XC321912.ogg,1
pvttyr1/XC81579.ogg,1
pvttyr1/XC284422.ogg,1
pvttyr1/XC284423.ogg,1
pvttyr1/XC898449.ogg,2
pvttyr1/XC20703.ogg,3
pvttyr1/XC284420.ogg,1
pvttyr1/XC284419.ogg,1
pvttyr1/XC81581.ogg,1
pvttyr1/XC583243.ogg,3
pvttyr1/XC679422.ogg,3
pvttyr1/XC81580.ogg,1
pvttyr1/XC974220.ogg,2
pvttyr1/XC974218.ogg,2
pvttyr1/XC974216.ogg,2
pvttyr1/iNat578074.ogg,3
pvttyr1/XC323952.ogg,1
pvttyr1/XC934046.ogg,1
pvttyr1/XC156974.ogg,4
pvttyr1/XC81578.ogg,1
pvttyr1/XC284418.ogg,1
pvttyr1/XC284417.ogg,1
pvttyr1/XC150315.ogg,1
pvttyr1/XC427458.ogg,2
pvttyr1/iNat1139032.ogg,4
pvttyr1/XC944063.ogg,2
pvttyr1/XC944062.ogg,2
pvttyr1/XC495671.ogg,2
pvttyr1/iNat1709556.ogg,2
pvttyr1/XC181132.ogg,4
pvttyr1/XC181007.ogg,4
pvttyr1/XC181006.ogg,4
pvttyr1/XC786332.ogg,2
pvttyr1/XC427459.ogg,2
pvttyr1/XC944364.ogg,2
pvttyr1/XC769539.ogg,2
pvttyr1/XC995678.ogg,3
pvttyr1/XC119831.ogg,3
pvttyr1/iNat53220.ogg,4
pvttyr1/XC284431.ogg,1
pvttyr1/XC10816.ogg,3
pvttyr1/XC430056.ogg,2
pvttyr1/iNat1269102.ogg,0
pvttyr1/iNat1286483.ogg,0
pvttyr1/iNat1624133.ogg,0
pvttyr1/XC402864.ogg,0
pvttyr1/XC402863.ogg,0
pvttyr1/XC415028.ogg,4
pvttyr1/XC974440.ogg,2
pvttyr1/XC974435.ogg,2
pvttyr1/XC660351.ogg,0
pvttyr1/XC520868.ogg,3
pvttyr1/XC520867.ogg,3
pvttyr1/XC520866.ogg,3
pvttyr1/XC519230.ogg,3
pvttyr1/XC519229.ogg,3
pvttyr1/XC407257.ogg,3
pvttyr1/XC763560.ogg,2
pvttyr1/XC763558.ogg,2
pvttyr1/XC568388.ogg,4
pvttyr1/XC568015.ogg,4
pvttyr1/XC567312.ogg,4
pvttyr1/XC552713.ogg,4
pvttyr1/XC540095.ogg,4
pvttyr1/XC534545.ogg,4
pvttyr1/XC534544.ogg,4
pvttyr1/XC534543.ogg,4
pvttyr1/XC428319.ogg,4
pvttyr1/XC428325.ogg,4
pvttyr1/XC793128.ogg,0
pvttyr1/XC9158.ogg,3
pvttyr1/XC9157.ogg,3
pvttyr1/XC9159.ogg,3
pvttyr1/iNat1342376.ogg,3
pvttyr1/iNat1342377.ogg,3
pvttyr1/XC711669.ogg,3
pvttyr1/XC863465.ogg,1
pvttyr1/XC661039.ogg,1
ragmac1/XC918693.ogg,3
ragmac1/iNat1438973.ogg,3
ragmac1/XC773198.ogg,1
ragmac1/XC720929.ogg,1
ragmac1/XC973672.ogg,3
ragmac1/iNat1734706.ogg,0
ragmac1/XC844006.ogg,3
ragmac1/XC854870.ogg,2
ragmac1/iNat396118.ogg,0
ragmac1/XC461345.ogg,2
ragmac1/XC145814.ogg,1
ragmac1/XC145811.ogg,1
ragmac1/XC145813.ogg,1
ragmac1/XC449461.ogg,2
ragmac1/XC280332.ogg,2
ragmac1/XC112655.ogg,1
ragmac1/XC362292.ogg,2
ragmac1/XC951975.ogg,1
ragmac1/XC705998.ogg,3
ragmac1/XC377279.ogg,0
ragmac1/XC332958.ogg,1
ragmac1/XC860594.ogg,3
ragmac1/XC860591.ogg,3
ragmac1/XC860590.ogg,3
ragmac1/XC860592.ogg,3
ragmac1/XC860588.ogg,3
ragmac1/XC860589.ogg,3
ragmac1/XC395902.ogg,1
ragmac1/XC2301.ogg,0
ragmac1/XC688141.ogg,4
ragmac1/XC963503.ogg,3
ragmac1/XC963502.ogg,3
ragmac1/XC963505.ogg,3
ragmac1/XC963504.ogg,3
ragmac1/XC963510.ogg,3
ragmac1/XC963509.ogg,3
ragmac1/XC963507.ogg,3
ragmac1/XC963508.ogg,3
ragmac1/XC963506.ogg,3
ragmac1/XC453598.ogg,1
ragmac1/XC461507.ogg,3
ragmac1/iNat1041725.ogg,4
ragmac1/XC914911.ogg,3
ragmac1/XC195317.ogg,0
ragmac1/XC195316.ogg,0
ragmac1/XC575164.ogg,1
ragmac1/XC607365.ogg,1
ragmac1/XC195318.ogg,0
ragmac1/iNat143971.ogg,4
ragmac1/XC461483.ogg,3
ragmac1/XC131121.ogg,1
ragmac1/XC461495.ogg,3
ragmac1/XC664498.ogg,1
ragmac1/XC329021.ogg,0
ragmac1/XC119018.ogg,3
ragmac1/XC441434.ogg,3
ragmac1/XC441437.ogg,3
ragmac1/XC84888.ogg,1
ragmac1/XC130318.ogg,3
ragmac1/XC129840.ogg,3
ragmac1/XC431532.ogg,3
ragmac1/XC433181.ogg,3
ragmac1/XC345123.ogg,0
ragmac1/XC491694.ogg,3
ragmac1/XC487437.ogg,3
ragmac1/XC1035594.ogg,2
ragmac1/XC1035445.ogg,2
ragmac1/XC257029.ogg,2
ragmac1/XC257028.ogg,2
ragmac1/iNat612644.ogg,3
ragmac1/XC345273.ogg,1
ragmac1/iNat53280.ogg,4
ragmac1/XC830834.ogg,2
ragmac1/XC830833.ogg,2
ragmac1/XC305309.ogg,1
ragmac1/XC119905.ogg,3
ragmac1/XC830382.ogg,2
ragmac1/XC151946.ogg,3
ragmac1/XC673143.ogg,0
ragmac1/XC212937.ogg,3
ragmac1/XC393348.ogg,0
ragmac1/XC393349.ogg,0
ragmac1/XC636820.ogg,3
ragmac1/XC293716.ogg,3
ragmac1/XC125937.ogg,4
ragmac1/XC939501.ogg,2
ragmac1/XC303083.ogg,3
ragmac1/XC461818.ogg,3
ragmac1/XC316518.ogg,1
ragmac1/XC316517.ogg,1
ragmac1/XC445807.ogg,2
ragmac1/XC122874.ogg,2
ragmac1/XC913726.ogg,3
ragmac1/XC1031769.ogg,3
ragmac1/XC574025.ogg,3
ragmac1/XC574023.ogg,3
ragmac1/XC526133.ogg,4
ragmac1/XC582714.ogg,4
ragmac1/XC247084.ogg,4
ragmac1/XC445508.ogg,3
ragmac1/XC462330.ogg,1
ragmac1/iNat712341.ogg,2
rebscy1/XC626783.ogg,2
rebscy1/XC746669.ogg,2
rebscy1/iNat1324031.ogg,3
rebscy1/iNat1324032.ogg,3
rebscy1/XC973332.ogg,2
rebscy1/iNat208296.ogg,4
rebscy1/iNat207097.ogg,4
rebscy1/XC687743.ogg,3
rebscy1/XC687742.ogg,3
rebscy1/XC687741.ogg,3
rebscy1/iNat730724.ogg,4
rebscy1/iNat694069.ogg,3
rebscy1/XC648332.ogg,2
rebscy1/XC578972.ogg,2
rebscy1/XC415196.ogg,2
rebscy1/XC415194.ogg,2
rebscy1/XC415198.ogg,2
rebscy1/XC391392.ogg,4
rebscy1/XC594639.ogg,1
rebscy1/XC621927.ogg,1
rebscy1/XC615597.ogg,1
rebscy1/XC615598.ogg,1
rebscy1/XC304371.ogg,0
rebscy1/XC744718.ogg,4
rebscy1/XC295566.ogg,0
rebscy1/XC656957.ogg,1
rebscy1/XC269266.ogg,1
rebscy1/XC80403.ogg,1
rebscy1/XC145050.ogg,0
rebscy1/XC269264.ogg,1
rebscy1/XC732104.ogg,4
rebscy1/XC663390.ogg,4
rebscy1/XC879283.ogg,3
rebscy1/XC738480.ogg,4
rebscy1/XC192740.ogg,1
rebscy1/XC288342.ogg,2
rebscy1/XC288334.ogg,2
rebscy1/XC748081.ogg,0
rebscy1/XC2728.ogg,0
rebscy1/XC2727.ogg,0
rebscy1/XC401658.ogg,2
rebscy1/XC185085.ogg,1
rebscy1/XC536727.ogg,2
rebscy1/XC518454.ogg,2
rebscy1/XC498048.ogg,2
rebscy1/XC459336.ogg,2
rebscy1/XC823565.ogg,2
rebscy1/XC920681.ogg,2
rebscy1/XC541473.ogg,2
rebscy1/XC541466.ogg,2
rebscy1/XC541465.ogg,2
rebscy1/XC444933.ogg,2
rebscy1/XC743127.ogg,2
rebscy1/XC743126.ogg,2
rebscy1/XC383416.ogg,1
rebscy1/XC800262.ogg,2
rebscy1/XC422635.ogg,0
rebscy1/XC755473.ogg,2
rebscy1/XC755475.ogg,2
rebscy1/XC928597.ogg,2
rebscy1/XC772527.ogg,2
rebscy1/XC403682.ogg,2
rebscy1/XC409449.ogg,3
rebscy1/XC115524.ogg,2
rebscy1/XC115523.ogg,2
rebscy1/XC896221.ogg,0
rebscy1/XC499817.ogg,3
rebscy1/XC123273.ogg,0
rebscy1/XC123270.ogg,0
rebscy1/XC422544.ogg,0
rebscy1/XC421469.ogg,0
rebscy1/XC421290.ogg,0
rebscy1/XC737033.ogg,2
rebscy1/XC780353.ogg,2
rebscy1/XC706958.ogg,2
rebscy1/XC421468.ogg,0
rebscy1/XC393394.ogg,1
rebscy1/XC269265.ogg,1
rebscy1/XC393147.ogg,1
rebscy1/XC393144.ogg,1
rebscy1/XC707770.ogg,3
rebscy1/XC707769.ogg,3
rebscy1/XC385708.ogg,0
rebscy1/XC385702.ogg,0
rebscy1/XC178116.ogg,1
rebscy1/XC722066.ogg,2
rebscy1/XC573036.ogg,2
rebscy1/XC618863.ogg,3
rebscy1/XC151190.ogg,2
rebscy1/XC675224.ogg,4
rebscy1/XC965122.ogg,3
rebscy1/XC4246.ogg,1
rebscy1/XC698610.ogg,0
rebscy1/XC698609.ogg,0
rebscy1/XC123328.ogg,3
rebscy1/XC591255.ogg,3
rebscy1/XC328898.ogg,0
rebscy1/XC341877.ogg,1
rebscy1/XC80448.ogg,1
rebscy1/XC431918.ogg,3
rebscy1/XC437571.ogg,4
rebscy1/XC417315.ogg,0
rebscy1/XC803313.ogg,3
rebscy1/XC394885.ogg,1
rebscy1/XC536677.ogg,0
rebscy1/XC536676.ogg,0
rebscy1/XC535893.ogg,0
rebscy1/XC118708.ogg,3
rebscy1/iNat396451.ogg,0
rebscy1/XC476749.ogg,3
rebscy1/XC562161.ogg,2
rebscy1/XC364185.ogg,0
rebscy1/XC210961.ogg,4
rebscy1/XC333585.ogg,2
rebscy1/XC331785.ogg,2
rebscy1/XC712376.ogg,4
rebscy1/XC856107.ogg,0
rebscy1/XC250235.ogg,3
rebscy1/XC250168.ogg,3
rebscy1/XC6.ogg,1
rebscy1/XC260738.ogg,0
rebscy1/XC260737.ogg,0
rebscy1/XC249724.ogg,3
rebscy1/XC249625.ogg,3
rebscy1/XC258322.ogg,4
rebscy1/XC249612.ogg,3
rebscy1/XC478247.ogg,0
rebscy1/XC293883.ogg,3
rebscy1/XC9331.ogg,3
rebscy1/XC249082.ogg,3
rebscy1/XC249081.ogg,3
rebscy1/XC249080.ogg,3
rebscy1/XC275009.ogg,0
rebscy1/XC841977.ogg,4
rebscy1/XC248887.ogg,3
rebscy1/XC264577.ogg,4
rebscy1/XC355419.ogg,4
rebscy1/XC258321.ogg,4
rebscy1/XC260736.ogg,0
rebscy1/XC841728.ogg,3
rebscy1/XC1053611.ogg,4
rebscy1/XC1053610.ogg,4
rebscy1/XC949965.ogg,4
rebscy1/XC275804.ogg,1
rebscy1/XC275371.ogg,0
rebscy1/XC261991.ogg,1
rebscy1/XC479042.ogg,0
rebscy1/XC303093.ogg,3
rebscy1/XC879757.ogg,1
rebscy1/XC303593.ogg,3
rebscy1/XC939942.ogg,2
rebscy1/XC540374.ogg,4
rebscy1/XC538040.ogg,4
rebscy1/XC532175.ogg,4
rebscy1/XC424480.ogg,2
rebscy1/XC420366.ogg,2
rebscy1/XC764064.ogg,2
rebscy1/XC764063.ogg,2
rebscy1/XC764062.ogg,2
rebscy1/XC425513.ogg,4
rebscy1/XC425512.ogg,4
rebscy1/XC425744.ogg,4
rebscy1/XC871183.ogg,2
rebscy1/XC62674.ogg,2
rebscy1/XC36592.ogg,2
rebscy1/XC24358.ogg,2
rebscy1/XC425046.ogg,0
rebscy1/XC365075.ogg,4
rebscy1/XC298625.ogg,1
rebscy1/XC298624.ogg,1
rebscy1/XC298079.ogg,1
rebscy1/XC542261.ogg,2
rebscy1/XC402055.ogg,2
rebscy1/XC254144.ogg,4
rebscy1/XC529161.ogg,0
rebscy1/XC471163.ogg,4
rebscy1/iNat873346.ogg,2
rebscy1/XC858938.ogg,1
rebscy1/XC405442.ogg,1
rebscy1/iNat19503.ogg,3
rebscy1/iNat329217.ogg,3
rebscy1/XC963591.ogg,3
recfin1/XC269292.ogg,0
recfin1/XC1058936.ogg,2
recfin1/XC905306.ogg,2
recfin1/XC609182.ogg,1
recfin1/XC200403.ogg,4
recfin1/XC811700.ogg,1
recfin1/XC630752.ogg,1
recfin1/XC630753.ogg,1
recfin1/iNat879983.ogg,3
recfin1/XC830399.ogg,4
recfin1/iNat584095.ogg,0
recfin1/XC325656.ogg,1
recfin1/XC471303.ogg,3
recfin1/XC241785.ogg,3
recfin1/XC353720.ogg,3
recfin1/XC47728.ogg,3
recfin1/XC522403.ogg,2
recfin1/XC344262.ogg,2
recfin1/XC206892.ogg,3
recfin1/XC154421.ogg,3
recfin1/iNat1634647.ogg,4
recfin1/iNat897147.ogg,4
recfin1/XC670800.ogg,4
recfin1/XC298135.ogg,3
recfin1/XC172842.ogg,2
recfin1/XC982844.ogg,2
recfin1/XC194461.ogg,0
recfin1/XC194466.ogg,0
recfin1/iNat865728.ogg,0
recfin1/XC313629.ogg,0
recfin1/XC483805.ogg,3
recfin1/XC366120.ogg,3
recfin1/iNat173221.ogg,4
recfin1/XC551928.ogg,3
recfin1/iNat885638.ogg,4
recfin1/XC1027464.ogg,2
recfin1/XC804074.ogg,2
recfin1/XC1012408.ogg,3
recfin1/XC332381.ogg,1
recfin1/XC84482.ogg,1
recfin1/XC194465.ogg,0
recfin1/iNat1691457.ogg,2
recfin1/XC592935.ogg,2
recfin1/XC212717.ogg,3
recfin1/XC212714.ogg,3
recfin1/XC457343.ogg,3
recfin1/XC361104.ogg,3
recfin1/XC361105.ogg,3
recfin1/XC772157.ogg,3
recfin1/XC808985.ogg,1
recfin1/XC139284.ogg,3
recfin1/XC139283.ogg,3
recfin1/XC139282.ogg,3
recfin1/XC139281.ogg,3
recfin1/XC139280.ogg,3
recfin1/XC32415.ogg,3
recfin1/XC32414.ogg,3
recfin1/XC32413.ogg,3
recfin1/XC1041443.ogg,3
recfin1/XC210820.ogg,0
recfin1/XC770315.ogg,0
recfin1/XC973670.ogg,3
recfin1/XC247447.ogg,3
recfin1/XC210819.ogg,0
recfin1/XC210818.ogg,0
recfin1/XC504824.ogg,0
recfin1/XC50961.ogg,3
recfin1/XC1516.ogg,0
recfin1/XC84480.ogg,1
recfin1/XC301357.ogg,0
recfin1/XC996117.ogg,3
recfin1/XC214956.ogg,1
recfin1/XC145297.ogg,0
recfin1/XC2634.ogg,0
recfin1/XC84481.ogg,1
recfin1/XC1762.ogg,0
recfin1/XC627068.ogg,3
recfin1/XC157340.ogg,4
recfin1/XC811910.ogg,2
recfin1/XC811900.ogg,2
recfin1/XC607996.ogg,2
recfin1/XC454944.ogg,2
recfin1/XC797581.ogg,2
recfin1/XC699782.ogg,2
recfin1/XC689372.ogg,2
recfin1/XC683603.ogg,2
recfin1/XC599434.ogg,2
recfin1/XC422159.ogg,2
recfin1/XC759599.ogg,2
recfin1/XC746481.ogg,2
recfin1/XC50960.ogg,3
recfin1/XC50377.ogg,3
recfin1/XC803710.ogg,2
recfin1/XC965577.ogg,2
recfin1/XC211388.ogg,2
recfin1/XC562851.ogg,2
recfin1/XC383586.ogg,2
recfin1/XC856026.ogg,2
recfin1/XC855848.ogg,2
recfin1/XC699603.ogg,2
recfin1/XC699599.ogg,2
recfin1/XC964061.ogg,2
recfin1/XC377062.ogg,0
recfin1/XC422160.ogg,2
recfin1/XC122188.ogg,3
recfin1/XC264873.ogg,4
recfin1/XC275151.ogg,0
recfin1/XC275904.ogg,1
recfin1/XC263018.ogg,1
recfin1/XC250723.ogg,3
recfin1/XC175034.ogg,1
recfin1/XC294106.ogg,0
recfin1/XC1064615.ogg,4
recfin1/XC673174.ogg,0
recfin1/XC245198.ogg,0
recfin1/XC245188.ogg,0
recfin1/XC245172.ogg,0
recfin1/XC245170.ogg,0
recfin1/XC245169.ogg,0
recfin1/XC245192.ogg,0
recfin1/XC450973.ogg,0
recfin1/XC450972.ogg,0
recfin1/XC450970.ogg,0
recfin1/XC870855.ogg,1
recfin1/XC870854.ogg,1
recfin1/XC870853.ogg,1
redjun/iNat1661079.ogg,0
redjun/iNat1661080.ogg,0
redjun/iNat1726170.ogg,0
redjun/iNat1357285.ogg,3
redjun/XC599862.ogg,1
redjun/XC599861.ogg,1
redjun/XC613078.ogg,1
redjun/XC613077.ogg,1
redjun/XC613075.ogg,1
redjun/XC613043.ogg,1
redjun/iNat1553084.ogg,3
redjun/XC660179.ogg,4
redjun/iNat1697927.ogg,1
redjun/XC131357.ogg,0
redjun/XC333605.ogg,4
redjun/XC529570.ogg,3
redjun/XC603625.ogg,4
redjun/XC607688.ogg,4
redjun/iNat1681112.ogg,1
redjun/iNat1701164.ogg,0
redjun/iNat901228.ogg,0
redjun/XC938778.ogg,0
redjun/XC728917.ogg,1
redjun/XC341564.ogg,4
redjun/XC352425.ogg,0
redjun/XC978471.ogg,2
redjun/iNat457767.ogg,2
redjun/XC938738.ogg,0
redjun/iNat58170.ogg,1
redjun/iNat1266975.ogg,1
redjun/iNat1231236.ogg,1
redjun/iNat1231237.ogg,1
redjun/XC1067263.ogg,2
redjun/iNat737813.ogg,2
redjun/iNat737815.ogg,2
redjun/iNat737817.ogg,2
redjun/iNat737822.ogg,2
redjun/iNat737823.ogg,2
redjun/iNat737948.ogg,2
redjun/iNat737896.ogg,2
redjun/iNat737897.ogg,2
redjun/iNat737954.ogg,2
redjun/iNat737944.ogg,2
redjun/iNat737950.ogg,2
redjun/iNat737834.ogg,2
redjun/iNat737873.ogg,2
redjun/iNat737847.ogg,2
redjun/iNat737829.ogg,2
redjun/iNat737973.ogg,2
redjun/iNat737976.ogg,2
redjun/iNat737956.ogg,2
redjun/iNat737978.ogg,2
redjun/iNat739540.ogg,2
redjun/iNat737972.ogg,2
redjun/iNat737962.ogg,2
redjun/iNat737961.ogg,2
redjun/iNat737979.ogg,2
redjun/iNat737965.ogg,2
redjun/iNat739073.ogg,2
redjun/iNat739068.ogg,2
redjun/iNat739078.ogg,2
redjun/iNat739079.ogg,2
redjun/iNat739070.ogg,2
redjun/iNat739069.ogg,2
redjun/iNat739077.ogg,2
redjun/iNat739072.ogg,2
redjun/iNat739076.ogg,2
redjun/iNat739071.ogg,2
redjun/iNat749082.ogg,4
redjun/iNat735920.ogg,1
redjun/iNat735425.ogg,0
redjun/XC938747.ogg,4
redjun/iNat63224.ogg,4
redjun/iNat1695572.ogg,4
redjun/XC610745.ogg,3
redjun/iNat1679488.ogg,3
redjun/XC677303.ogg,0
redjun/iNat57192.ogg,4
redjun/XC938408.ogg,3
redjun/XC938663.ogg,0
redjun/iNat1199468.ogg,4
redjun/iNat1702804.ogg,3
redjun/XC665890.ogg,4
redjun/XC498034.ogg,3
redjun/XC1048462.ogg,0
redjun/XC1048461.ogg,0
redjun/iNat1710170.ogg,4
redjun/XC297725.ogg,4
redjun/XC571659.ogg,2
redjun/XC607521.ogg,4
redjun/XC151087.ogg,4
redjun/XC754242.ogg,4
redjun/XC292737.ogg,4
redjun/XC34911.ogg,2
redjun/XC303772.ogg,4
redjun/XC205483.ogg,2
redjun/XC523898.ogg,3
redjun/XC773133.ogg,1
redjun/XC773132.ogg,1
redjun/XC773245.ogg,1
redjun/XC371935.ogg,2
redjun/XC773244.ogg,1
redjun/iNat1052318.ogg,0
redjun/iNat1305290.ogg,0
redjun/iNat1305299.ogg,0
redjun/XC783718.ogg,4
redjun/XC773242.ogg,1
redjun/XC1063875.ogg,2
redjun/iNat1713167.ogg,2
redjun/XC938748.ogg,3
redjun/XC773243.ogg,1
redjun/XC303546.ogg,1
redjun/XC773338.ogg,1
redjun/XC773337.ogg,1
redjun/XC916888.ogg,2
redjun/iNat1709991.ogg,4
redjun/iNat383475.ogg,0
redjun/XC891609.ogg,3
redjun/XC891608.ogg,3
redjun/XC891607.ogg,3
redjun/XC1065950.ogg,0
redjun/iNat673479.ogg,4
redjun/iNat1370070.ogg,4
redjun/XC348096.ogg,1
redjun/XC240360.ogg,4
redjun/XC124403.ogg,0
redjun/XC124406.ogg,0
redjun/XC124405.ogg,0
redjun/iNat31888.ogg,2
redjun/XC819742.ogg,4
redjun/iNat1083233.ogg,2
redjun/XC911438.ogg,2
redjun/XC86929.ogg,2
redjun/XC976088.ogg,4
redjun/XC772489.ogg,1
redjun/XC772412.ogg,1
redjun/XC439384.ogg,3
redjun/XC360389.ogg,4
redjun/XC773241.ogg,1
redjun/XC858990.ogg,2
redjun/XC308925.ogg,4
redjun/XC204814.ogg,0
redjun/XC897292.ogg,4
redjun/iNat48961.ogg,4
redjun/XC236491.ogg,4
redjun/iNat1727366.ogg,4
redjun/XC598078.ogg,3
redjun/XC953617.ogg,4
redjun/XC239791.ogg,4
redjun/iNat559731.ogg,2
redjun/XC188013.ogg,4
redjun/XC447640.ogg,1
redjun/XC856061.ogg,1
redjun/XC856060.ogg,1
redjun/XC799297.ogg,1
redjun/XC214483.ogg,2
redjun/iNat18393.ogg,4
redjun/iNat341594.ogg,2
redjun/XC163498.ogg,2
redjun/XC889948.ogg,4
redjun/XC289525.ogg,3
redjun/XC628959.ogg,1
redjun/XC821069.ogg,1
redjun/XC793612.ogg,4
redjun/iNat543247.ogg,0
redjun/iNat543269.ogg,0
redjun/iNat779354.ogg,0
redjun/iNat779355.ogg,0
redjun/XC502076.ogg,2
redjun/XC189337.ogg,0
redjun/XC189335.ogg,0
redjun/XC912399.ogg,0
redjun/iNat1011891.ogg,0
redjun/XC705622.ogg,3
redjun/XC321350.ogg,0
redjun/iNat220408.ogg,4
redjun/XC447977.ogg,1
redjun/iNat953882.ogg,1
redjun/iNat953958.ogg,1
redjun/iNat941963.ogg,4
redjun/XC912938.ogg,2
redjun/XC882264.ogg,1
redjun/XC116829.ogg,4
redjun/XC414703.ogg,3
redjun/XC883670.ogg,1
redjun/XC37583.ogg,2
redjun/XC31548.ogg,3
redjun/XC251853.ogg,4
redjun/XC507745.ogg,1
redjun/XC507744.ogg,1
redjun/XC467876.ogg,1
redjun/XC486594.ogg,1
redjun/iNat1729473.ogg,3
redjun/iNat1730212.ogg,3
redjun/iNat1730234.ogg,3
redjun/XC528092.ogg,0
redjun/XC577814.ogg,4
redjun/XC577813.ogg,4
redjun/XC669954.ogg,0
redjun/XC577803.ogg,4
redjun/XC577807.ogg,4
redjun/XC577805.ogg,4
redjun/XC589764.ogg,1
redjun/XC577812.ogg,4
redjun/XC577810.ogg,4
redjun/XC577809.ogg,4
redjun/XC659356.ogg,4
redjun/XC971647.ogg,0
relser1/iNat165438.ogg,1
relser1/XC481398.ogg,3
relser1/XC895875.ogg,3
relser1/iNat315377.ogg,0
relser1/XC120697.ogg,1
relser1/iNat1651423.ogg,4
relser1/XC776036.ogg,3
relser1/XC549496.ogg,3
relser1/XC549493.ogg,3
relser1/XC447998.ogg,3
relser1/iNat864055.ogg,0
relser1/XC233766.ogg,4
relser1/XC376688.ogg,4
relser1/XC831468.ogg,0
relser1/iNat621146.ogg,3
relser1/XC448007.ogg,3
relser1/iNat578392.ogg,4
relser1/iNat843743.ogg,0
relser1/XC1064768.ogg,3
relser1/XC212928.ogg,4
relser1/XC942170.ogg,3
relser1/iNat398122.ogg,0
relser1/XC443798.ogg,0
relser1/XC119073.ogg,3
relser1/iNat346622.ogg,3
relser1/iNat1548264.ogg,3
relser1/iNat1650539.ogg,3
relser1/XC1029941.ogg,1
relser1/XC411842.ogg,4
relser1/XC533567.ogg,1
relser1/iNat116586.ogg,4
relser1/iNat1586503.ogg,3
relser1/iNat1730507.ogg,4
relser1/iNat838855.ogg,4
relser1/XC999797.ogg,3
relser1/XC277789.ogg,4
relser1/XC208436.ogg,3
relser1/XC388100.ogg,3
relser1/XC388099.ogg,3
relser1/XC342239.ogg,4
relser1/XC255032.ogg,1
relser1/XC496225.ogg,0
relser1/XC51956.ogg,3
relser1/XC48562.ogg,3
relser1/XC880956.ogg,1
relser1/iNat1648104.ogg,4
relser1/XC286495.ogg,4
relser1/iNat1370234.ogg,3
relser1/iNat459238.ogg,3
relser1/XC186108.ogg,0
relser1/XC299084.ogg,0
relser1/iNat539171.ogg,4
relser1/XC115918.ogg,2
relser1/XC127987.ogg,4
relser1/XC113779.ogg,4
relser1/XC295678.ogg,0
relser1/XC295676.ogg,0
relser1/iNat880444.ogg,2
relser1/XC1003080.ogg,3
relser1/iNat1557442.ogg,0
relser1/iNat1339896.ogg,2
relser1/XC600403.ogg,4
relser1/XC178074.ogg,1
relser1/iNat868518.ogg,4
relser1/iNat1405615.ogg,2
relser1/iNat1651580.ogg,0
relser1/iNat1650033.ogg,4
relser1/XC417496.ogg,4
relser1/iNat1730563.ogg,2
relser1/iNat1711839.ogg,2
relser1/iNat799707.ogg,3
relser1/XC78201.ogg,0
relser1/XC1044377.ogg,1
relser1/XC863828.ogg,2
relser1/XC838559.ogg,2
relser1/XC433943.ogg,4
relser1/XC149545.ogg,0
relser1/XC350969.ogg,4
relser1/XC350967.ogg,4
relser1/iNat1437789.ogg,1
relser1/XC737498.ogg,2
relser1/XC809958.ogg,2
relser1/iNat520329.ogg,1
relser1/XC436509.ogg,2
relser1/XC971813.ogg,2
relser1/XC800082.ogg,2
relser1/XC283353.ogg,2
relser1/XC134104.ogg,2
relser1/XC9555.ogg,3
relser1/iNat512853.ogg,4
relser1/XC111459.ogg,2
relser1/iNat1370757.ogg,3
relser1/iNat1155645.ogg,3
relser1/iNat797957.ogg,3
relser1/XC652959.ogg,4
relser1/iNat1053012.ogg,3
relser1/XC857520.ogg,2
relser1/XC933849.ogg,2
relser1/iNat694199.ogg,0
relser1/XC707729.ogg,2
relser1/XC832915.ogg,2
relser1/XC699594.ogg,2
relser1/XC2360.ogg,0
relser1/iNat137780.ogg,4
relser1/iNat979681.ogg,2
relser1/XC964070.ogg,2
relser1/iNat519635.ogg,1
relser1/iNat531677.ogg,4
relser1/iNat573470.ogg,4
relser1/iNat574768.ogg,4
relser1/XC388187.ogg,4
relser1/XC404581.ogg,3
relser1/iNat516294.ogg,4
relser1/XC310730.ogg,1
relser1/XC514676.ogg,3
relser1/XC421619.ogg,2
relser1/iNat1648859.ogg,3
relser1/iNat1344314.ogg,2
relser1/XC837976.ogg,2
relser1/iNat1263261.ogg,3
relser1/XC793180.ogg,2
relser1/XC855641.ogg,0
relser1/iNat1474639.ogg,4
relser1/XC84972.ogg,1
relser1/XC321697.ogg,1
relser1/iNat357311.ogg,0
relser1/iNat1289147.ogg,4
relser1/XC1054219.ogg,0
relser1/iNat1154283.ogg,1
relser1/iNat1154284.ogg,1
relser1/iNat347186.ogg,3
relser1/XC817033.ogg,2
relser1/XC817037.ogg,2
relser1/XC769639.ogg,2
relser1/XC294540.ogg,3
rinkin1/XC819716.ogg,2
rinkin1/iNat798136.ogg,1
rinkin1/iNat538165.ogg,1
rinkin1/iNat1136281.ogg,2
rinkin1/XC740935.ogg,4
rinkin1/iNat165419.ogg,4
rinkin1/XC325527.ogg,0
rinkin1/iNat1561018.ogg,1
rinkin1/XC900389.ogg,1
rinkin1/XC900387.ogg,1
rinkin1/iNat1092679.ogg,4
rinkin1/iNat915433.ogg,4
rinkin1/XC906829.ogg,2
rinkin1/XC962667.ogg,2
rinkin1/iNat765690.ogg,3
rinkin1/iNat1330673.ogg,1
rinkin1/iNat1106664.ogg,3
rinkin1/iNat963738.ogg,3
rinkin1/iNat714212.ogg,3
rinkin1/XC454053.ogg,3
rinkin1/XC824729.ogg,4
rinkin1/iNat512897.ogg,4
rinkin1/XC51488.ogg,3
rinkin1/XC1053041.ogg,2
rinkin1/XC174732.ogg,2
rinkin1/XC288524.ogg,2
rinkin1/iNat1613528.ogg,4
rinkin1/iNat1613529.ogg,4
rinkin1/XC437547.ogg,1
rinkin1/XC456587.ogg,3
rinkin1/XC451263.ogg,3
rinkin1/XC173693.ogg,1
rinkin1/iNat1210279.ogg,1
rinkin1/XC216856.ogg,2
rinkin1/XC550263.ogg,3
rinkin1/XC550262.ogg,3
rinkin1/iNat1143737.ogg,2
rinkin1/iNat678750.ogg,2
rinkin1/XC174790.ogg,2
rinkin1/XC591406.ogg,2
rinkin1/XC415207.ogg,2
rinkin1/XC894319.ogg,3
rinkin1/XC84979.ogg,1
rinkin1/XC84981.ogg,1
rinkin1/XC248092.ogg,1
rinkin1/iNat940153.ogg,2
rinkin1/iNat509321.ogg,4
rinkin1/XC1006046.ogg,3
rinkin1/iNat808372.ogg,2
rinkin1/iNat1645085.ogg,4
rinkin1/XC423763.ogg,1
rinkin1/XC602387.ogg,1
rinkin1/XC419905.ogg,2
rinkin1/XC123803.ogg,3
rinkin1/XC396165.ogg,3
rinkin1/XC274834.ogg,4
rinkin1/XC286817.ogg,4
rinkin1/XC705777.ogg,0
rinkin1/iNat397660.ogg,0
rinkin1/XC744403.ogg,4
rinkin1/XC117138.ogg,4
rinkin1/XC117137.ogg,4
rinkin1/iNat1671933.ogg,0
rinkin1/XC1008359.ogg,3
rinkin1/XC351272.ogg,1
rinkin1/XC184572.ogg,1
rinkin1/XC84982.ogg,1
rinkin1/XC1059974.ogg,1
rinkin1/XC423017.ogg,0
rinkin1/XC423018.ogg,0
rinkin1/iNat513515.ogg,4
rinkin1/XC384118.ogg,3
rinkin1/XC123604.ogg,3
rinkin1/XC381942.ogg,1
rinkin1/XC720689.ogg,3
rinkin1/XC720672.ogg,3
rinkin1/XC654350.ogg,3
rinkin1/XC415844.ogg,2
rinkin1/XC713695.ogg,2
rinkin1/XC859226.ogg,2
rinkin1/XC387973.ogg,4
rinkin1/XC393149.ogg,1
rinkin1/XC145314.ogg,1
rinkin1/XC731567.ogg,2
rinkin1/XC415845.ogg,2
rinkin1/XC949487.ogg,2
rinkin1/XC837882.ogg,2
rinkin1/XC1063639.ogg,4
rinkin1/XC1860.ogg,0
rinkin1/XC901121.ogg,2
rinkin1/XC128792.ogg,1
rinkin1/XC586843.ogg,3
rinkin1/XC84980.ogg,1
rinkin1/iNat1203789.ogg,0
rinkin1/XC646540.ogg,1
rinkin1/iNat53011.ogg,4
rinkin1/XC482066.ogg,0
rinkin1/XC483321.ogg,3
rinkin1/XC207683.ogg,2
rinkin1/XC47247.ogg,3
rinkin1/XC769575.ogg,2
rinkin1/XC817246.ogg,2
rinkin1/iNat1681466.ogg,0
rinkin1/iNat1386741.ogg,4
rinkin1/XC20715.ogg,3
rinkin1/XC276787.ogg,0
rinkin1/XC118676.ogg,3
rinkin1/XC238451.ogg,3
rinkin1/XC238449.ogg,3
rinkin1/XC327295.ogg,3
rinkin1/XC257909.ogg,4
rinkin1/XC257910.ogg,4
rinkin1/XC257908.ogg,4
rinkin1/XC260562.ogg,0
rinkin1/XC238448.ogg,3
rinkin1/XC257907.ogg,4
rinkin1/XC257906.ogg,4
rinkin1/XC257905.ogg,4
rinkin1/XC238450.ogg,3
rinkin1/XC257904.ogg,4
rinkin1/XC688821.ogg,0
rinkin1/XC474925.ogg,4
rinkin1/XC9299.ogg,3
rinkin1/XC158323.ogg,1
rinkin1/XC251087.ogg,3
rinkin1/XC683901.ogg,1
rinkin1/XC592830.ogg,1
rinkin1/XC148288.ogg,3
rinkin1/XC148287.ogg,3
rinkin1/XC148286.ogg,3
rinkin1/XC939808.ogg,2
rinkin1/XC245099.ogg,3
rinkin1/XC675885.ogg,1
rinkin1/XC552726.ogg,4
rinkin1/XC538037.ogg,4
rinkin1/XC716829.ogg,2
rinkin1/XC959955.ogg,0
rinkin1/XC974499.ogg,3
rinkin1/XC974496.ogg,3
rinkin1/XC974495.ogg,3
rinkin1/XC495198.ogg,4
rinkin1/XC537719.ogg,4
rinkin1/XC537718.ogg,4
rinkin1/iNat1432869.ogg,0
rinkin1/XC419474.ogg,4
rinkin1/XC419476.ogg,4
rinkin1/iNat1400789.ogg,4
rinkin1/XC781958.ogg,2
rinkin1/XC781957.ogg,2
rinkin1/XC942995.ogg,2
rinkin1/XC436828.ogg,0
rinkin1/XC450517.ogg,4
rinkin1/XC75018.ogg,1
rinkin1/XC75017.ogg,1
rinkin1/XC520030.ogg,2
rinkin1/XC188950.ogg,0
rinkin1/XC580806.ogg,1
rinkin1/XC245474.ogg,3
rinkin1/XC857006.ogg,1
rinkin1/XC452724.ogg,2
rinkin1/iNat687623.ogg,0
rinkin1/iNat1665068.ogg,4
rinkin1/iNat726939.ogg,1
rinkin1/XC412003.ogg,2
rinkin1/iNat639514.ogg,4
rinkin1/XC393123.ogg,2
rinkin1/XC128620.ogg,3
rinkin1/iNat1563568.ogg,2
rinkin1/XC749725.ogg,4
rinkin1/XC360844.ogg,1
rinkin1/XC378399.ogg,1
rinkin1/XC619648.ogg,1
rinkin1/XC346176.ogg,1
rinkin1/XC580724.ogg,3
rinkin1/XC56958.ogg,3
rinkin1/XC331340.ogg,0
rinkin1/XC209573.ogg,1
rinkin1/XC357458.ogg,2
rinkin1/XC345010.ogg,2
rinkin1/XC345008.ogg,2
rinkin1/XC327820.ogg,2
rinkin1/XC327821.ogg,2
rinkin1/XC389403.ogg,2
rinkin1/XC169630.ogg,0
rinkin1/XC216034.ogg,0
rinkin1/XC156990.ogg,0
rinkin1/XC334509.ogg,3
rinkin1/XC334508.ogg,3
rinkin1/XC334506.ogg,3
rinkin1/XC334504.ogg,3
rinkin1/XC797392.ogg,1
rinkin1/XC797391.ogg,1
rinkin1/iNat383805.ogg,0
rinkin1/XC664495.ogg,4
rinkin1/iNat1221788.ogg,2
rinkin1/iNat1683386.ogg,3
rinkin1/XC827887.ogg,4
rinkin1/iNat1328076.ogg,1
rinkin1/XC809468.ogg,3
rinkin1/XC809636.ogg,3
rinkin1/XC618014.ogg,3
rinkin1/iNat795405.ogg,3
rinkin1/XC165112.ogg,4
rinkin1/XC391256.ogg,0
rinkin1/XC897028.ogg,3
rinkin1/XC919164.ogg,0
rinkin1/XC208840.ogg,0
rinkin1/XC706111.ogg,0
rinkin1/XC340493.ogg,4
rinkin1/iNat1285315.ogg,0
rinkin1/iNat1582661.ogg,0
rinkin1/iNat342229.ogg,4
rinkin1/iNat759165.ogg,4
rinkin1/XC359121.ogg,1
rinkin1/XC211080.ogg,1
rinkin1/XC453017.ogg,1
rinkin1/XC147487.ogg,1
rinkin1/XC453015.ogg,1
rinkin1/XC359122.ogg,1
rinkin1/XC359432.ogg,1
rinkin1/XC453012.ogg,1
rinkin1/XC147486.ogg,1
rinkin1/XC453016.ogg,1
rinkin1/XC297553.ogg,4
rinkin1/XC297552.ogg,4
rinkin1/iNat163455.ogg,2
rinkin1/iNat1288124.ogg,0
rinkin1/iNat352404.ogg,4
rinkin1/iNat1218808.ogg,2
rinkin1/XC269076.ogg,0
rinkin1/XC269073.ogg,0
rinkin1/XC269075.ogg,0
rinkin1/iNat46296.ogg,3
rinkin1/iNat869306.ogg,3
rinkin1/XC439918.ogg,4
rivwar1/XC787765.ogg,1
rivwar1/XC344575.ogg,1
rivwar1/XC725252.ogg,2
rivwar1/XC556420.ogg,2
rivwar1/XC491066.ogg,2
rivwar1/XC476467.ogg,2
rivwar1/XC476194.ogg,2
rivwar1/iNat511074.ogg,4
rivwar1/iNat1207532.ogg,4
rivwar1/XC70071.ogg,1
rivwar1/XC897705.ogg,3
rivwar1/iNat1527669.ogg,2
rivwar1/XC653332.ogg,2
rivwar1/XC469308.ogg,2
rivwar1/XC469307.ogg,2
rivwar1/XC995032.ogg,3
rivwar1/XC995031.ogg,3
rivwar1/XC419256.ogg,2
rivwar1/XC172527.ogg,2
rivwar1/iNat1536466.ogg,4
rivwar1/XC145582.ogg,3
rivwar1/XC433995.ogg,2
rivwar1/iNat1566416.ogg,0
rivwar1/XC17599.ogg,3
rivwar1/XC352755.ogg,1
rivwar1/XC161863.ogg,1
rivwar1/XC335285.ogg,1
rivwar1/XC4642.ogg,1
rivwar1/iNat339002.ogg,1
rivwar1/XC1017179.ogg,3
rivwar1/XC556423.ogg,2
rivwar1/XC845297.ogg,4
rivwar1/iNat855645.ogg,4
rivwar1/XC1054616.ogg,4
rivwar1/XC347930.ogg,1
rivwar1/XC421873.ogg,0
rivwar1/XC421872.ogg,0
rivwar1/XC211681.ogg,0
rivwar1/XC348315.ogg,1
rivwar1/XC4641.ogg,1
rivwar1/XC84617.ogg,1
rivwar1/iNat799092.ogg,0
rivwar1/XC913079.ogg,1
rivwar1/XC435609.ogg,2
rivwar1/XC423643.ogg,3
rivwar1/XC330798.ogg,2
rivwar1/iNat1629110.ogg,2
rivwar1/XC466211.ogg,1
rivwar1/XC185442.ogg,1
rivwar1/XC714017.ogg,0
rivwar1/XC986889.ogg,3
rivwar1/XC890936.ogg,3
rivwar1/XC118291.ogg,2
rivwar1/XC212826.ogg,1
rivwar1/XC290395.ogg,1
rivwar1/XC84439.ogg,1
rivwar1/XC344942.ogg,1
rivwar1/XC1054673.ogg,0
rivwar1/XC254773.ogg,4
rivwar1/XC726711.ogg,2
rivwar1/XC118510.ogg,3
rivwar1/XC212825.ogg,1
rivwar1/XC838708.ogg,3
rivwar1/XC1017190.ogg,3
rivwar1/XC294514.ogg,4
rivwar1/XC733369.ogg,3
rivwar1/iNat190239.ogg,1
rivwar1/iNat395280.ogg,1
rivwar1/iNat247643.ogg,1
rivwar1/iNat268043.ogg,1
rivwar1/XC332908.ogg,4
rivwar1/XC1017169.ogg,3
rivwar1/XC1017164.ogg,3
rivwar1/XC505137.ogg,4
rivwar1/XC578313.ogg,3
rivwar1/XC338117.ogg,4
rivwar1/XC1065324.ogg,3
rivwar1/XC427663.ogg,2
rivwar1/XC212828.ogg,1
rivwar1/iNat53222.ogg,4
rivwar1/XC499829.ogg,3
rivwar1/XC119563.ogg,3
rivwar1/XC668416.ogg,3
rivwar1/XC400654.ogg,3
rivwar1/XC423543.ogg,3
rivwar1/XC427662.ogg,2
rivwar1/XC791134.ogg,0
rivwar1/XC494008.ogg,2
rivwar1/XC494010.ogg,2
rivwar1/XC505731.ogg,0
rivwar1/XC317253.ogg,1
rivwar1/XC119295.ogg,3
rivwar1/XC1056481.ogg,3
rivwar1/XC212827.ogg,1
rivwar1/XC939707.ogg,2
rivwar1/XC303411.ogg,3
rivwar1/XC1004621.ogg,4
rivwar1/XC450612.ogg,4
rivwar1/XC463728.ogg,1
rivwar1/XC9089.ogg,3
roahaw/iNat825973.ogg,1
roahaw/iNat559615.ogg,2
roahaw/XC130171.ogg,1
roahaw/iNat497036.ogg,2
roahaw/XC615929.ogg,1
roahaw/iNat304866.ogg,1
roahaw/iNat896676.ogg,3
roahaw/iNat1272811.ogg,4
roahaw/iNat346984.ogg,2
roahaw/iNat322020.ogg,3
roahaw/iNat1341703.ogg,2
roahaw/iNat1505572.ogg,1
roahaw/XC764067.ogg,2
roahaw/iNat889442.ogg,1
roahaw/iNat1652003.ogg,4
roahaw/XC490270.ogg,3
roahaw/XC774203.ogg,1
roahaw/iNat1244475.ogg,4
roahaw/iNat818594.ogg,2
roahaw/XC677014.ogg,3
roahaw/iNat1375828.ogg,2
roahaw/XC117959.ogg,4
roahaw/iNat575916.ogg,3
roahaw/iNat826131.ogg,4
roahaw/XC135812.ogg,4
roahaw/XC895866.ogg,3
roahaw/XC117736.ogg,4
roahaw/iNat532626.ogg,3
roahaw/XC129918.ogg,1
roahaw/XC545187.ogg,2
roahaw/XC390628.ogg,3
roahaw/XC299640.ogg,1
roahaw/XC244816.ogg,3
roahaw/XC417123.ogg,2
roahaw/iNat879984.ogg,3
roahaw/XC52691.ogg,3
roahaw/iNat116417.ogg,1
roahaw/iNat89724.ogg,2
roahaw/iNat396280.ogg,3
roahaw/XC1009799.ogg,2
roahaw/XC198408.ogg,2
roahaw/XC117591.ogg,2
roahaw/iNat843554.ogg,4
roahaw/XC502175.ogg,1
roahaw/XC706973.ogg,2
roahaw/iNat547724.ogg,4
roahaw/iNat1580894.ogg,1
roahaw/XC738971.ogg,2
roahaw/XC490104.ogg,3
roahaw/iNat636243.ogg,1
roahaw/XC372463.ogg,2
roahaw/XC178639.ogg,0
roahaw/iNat612773.ogg,4
roahaw/iNat1301638.ogg,2
roahaw/iNat293927.ogg,1
roahaw/XC450253.ogg,4
roahaw/iNat849296.ogg,4
roahaw/XC939132.ogg,2
roahaw/iNat270043.ogg,2
roahaw/XC372466.ogg,2
roahaw/iNat570819.ogg,3
roahaw/iNat358126.ogg,0
roahaw/XC116874.ogg,4
roahaw/iNat575684.ogg,0
roahaw/iNat162352.ogg,1
roahaw/iNat293194.ogg,2
roahaw/XC447735.ogg,3
roahaw/XC169073.ogg,1
roahaw/iNat801085.ogg,2
roahaw/iNat681527.ogg,2
roahaw/XC878751.ogg,3
roahaw/XC838530.ogg,2
roahaw/iNat462089.ogg,2
roahaw/iNat1459486.ogg,3
roahaw/iNat340112.ogg,1
roahaw/iNat141390.ogg,4
roahaw/XC618823.ogg,2
roahaw/XC722089.ogg,2
roahaw/XC128461.ogg,4
roahaw/XC449501.ogg,4
roahaw/XC946199.ogg,4
roahaw/XC339952.ogg,4
roahaw/iNat190068.ogg,1
roahaw/iNat1677378.ogg,2
roahaw/iNat322719.ogg,0
roahaw/XC257195.ogg,3
roahaw/iNat888215.ogg,0
roahaw/iNat586263.ogg,0
roahaw/XC455647.ogg,3
roahaw/XC491749.ogg,4
roahaw/XC165835.ogg,4
roahaw/iNat828225.ogg,1
roahaw/iNat1580512.ogg,1
roahaw/iNat772219.ogg,3
roahaw/iNat559616.ogg,2
roahaw/XC841532.ogg,2
roahaw/iNat506635.ogg,3
roahaw/XC447734.ogg,3
roahaw/XC117518.ogg,4
roahaw/iNat971042.ogg,4
roahaw/XC872659.ogg,2
roahaw/iNat340012.ogg,4
roahaw/XC117955.ogg,3
roahaw/iNat685919.ogg,4
roahaw/iNat971041.ogg,4
roahaw/XC390055.ogg,2
roahaw/iNat369624.ogg,3
roahaw/iNat106273.ogg,2
roahaw/iNat1137116.ogg,3
roahaw/XC288830.ogg,2
roahaw/iNat1184255.ogg,2
roahaw/XC617779.ogg,3
roahaw/XC556087.ogg,2
roahaw/XC363465.ogg,4
roahaw/iNat17797.ogg,3
roahaw/iNat1303638.ogg,1
roahaw/iNat358236.ogg,0
roahaw/iNat1374227.ogg,1
roahaw/iNat786920.ogg,3
roahaw/iNat276007.ogg,2
roahaw/XC800383.ogg,2
roahaw/XC1009385.ogg,2
roahaw/XC593515.ogg,0
roahaw/iNat635883.ogg,3
roahaw/XC516409.ogg,2
roahaw/XC190232.ogg,0
roahaw/iNat358237.ogg,0
roahaw/XC332597.ogg,4
roahaw/XC340156.ogg,3
roahaw/iNat312188.ogg,4
roahaw/iNat563959.ogg,4
roahaw/XC716349.ogg,2
roahaw/XC441042.ogg,3
roahaw/XC591184.ogg,1
roahaw/iNat979732.ogg,1
roahaw/XC117962.ogg,4
roahaw/XC1012392.ogg,4
roahaw/iNat270928.ogg,2
roahaw/iNat321696.ogg,2
roahaw/XC494046.ogg,2
roahaw/XC116111.ogg,4
roahaw/XC436166.ogg,3
roahaw/iNat1154395.ogg,4
roahaw/XC616860.ogg,1
roahaw/XC827056.ogg,0
roahaw/iNat589091.ogg,3
roahaw/iNat1723603.ogg,4
roahaw/XC117321.ogg,4
roahaw/XC425511.ogg,4
roahaw/iNat117809.ogg,2
roahaw/XC450272.ogg,4
roahaw/iNat257999.ogg,0
roahaw/XC165838.ogg,4
roahaw/XC974195.ogg,2
roahaw/iNat1618188.ogg,4
roahaw/iNat307831.ogg,2
roahaw/XC859233.ogg,2
roahaw/iNat776843.ogg,4
roahaw/XC825895.ogg,3
roahaw/iNat307882.ogg,0
roahaw/iNat245558.ogg,2
roahaw/XC112988.ogg,0
roahaw/iNat488604.ogg,3
roahaw/XC29073.ogg,3
roahaw/XC51320.ogg,3
roahaw/iNat541206.ogg,0
roahaw/XC462292.ogg,4
roahaw/iNat388623.ogg,3
roahaw/XC255046.ogg,1
roahaw/iNat289781.ogg,1
roahaw/XC353868.ogg,2
roahaw/XC704725.ogg,3
roahaw/XC339954.ogg,4
roahaw/XC574591.ogg,2
roahaw/XC499313.ogg,4
roahaw/iNat1731734.ogg,1
roahaw/XC536457.ogg,0
roahaw/iNat828440.ogg,1
roahaw/XC349194.ogg,1
roahaw/iNat1303637.ogg,1
roahaw/iNat888226.ogg,0
roahaw/iNat792240.ogg,0
roahaw/iNat626443.ogg,2
roahaw/iNat1731855.ogg,4
roahaw/iNat1671584.ogg,1
roahaw/XC117320.ogg,4
roahaw/XC261526.ogg,1
roahaw/XC129438.ogg,1
roahaw/XC928834.ogg,0
roahaw/iNat971443.ogg,0
roahaw/XC772769.ogg,0
roahaw/XC843462.ogg,2
roahaw/XC85409.ogg,1
roahaw/iNat986925.ogg,4
roahaw/iNat841818.ogg,4
roahaw/XC174808.ogg,2
roahaw/XC558090.ogg,1
roahaw/iNat350829.ogg,3
roahaw/iNat1307238.ogg,0
roahaw/XC980386.ogg,2
roahaw/XC428759.ogg,0
roahaw/iNat1397820.ogg,3
roahaw/iNat541178.ogg,2
roahaw/XC288718.ogg,1
roahaw/iNat804443.ogg,2
roahaw/XC1039953.ogg,2
roahaw/iNat796561.ogg,0
roahaw/iNat320700.ogg,3
roahaw/iNat569170.ogg,1
roahaw/XC127122.ogg,1
roahaw/iNat1295295.ogg,3
roahaw/XC190203.ogg,0
roahaw/iNat158593.ogg,2
roahaw/iNat786932.ogg,2
roahaw/iNat1418365.ogg,3
roahaw/XC789187.ogg,4
roahaw/iNat129894.ogg,1
roahaw/iNat653763.ogg,1
roahaw/iNat439984.ogg,2
roahaw/XC443166.ogg,0
roahaw/iNat919638.ogg,2
roahaw/iNat1221936.ogg,2
roahaw/XC863334.ogg,1
roahaw/iNat1613467.ogg,4
roahaw/XC700427.ogg,2
roahaw/iNat1619712.ogg,1
roahaw/XC122235.ogg,3
roahaw/XC244790.ogg,2
roahaw/iNat193467.ogg,2
roahaw/XC987970.ogg,3
roahaw/XC676348.ogg,3
roahaw/XC939486.ogg,2
roahaw/iNat376697.ogg,1
roahaw/iNat55243.ogg,2
roahaw/XC975676.ogg,3
roahaw/iNat81745.ogg,2
roahaw/XC283610.ogg,1
roahaw/iNat970744.ogg,4
roahaw/XC51325.ogg,3
roahaw/XC808966.ogg,1
roahaw/XC572717.ogg,3
roahaw/XC1069089.ogg,1
roahaw/XC71121.ogg,1
roahaw/XC363466.ogg,4
roahaw/iNat1154396.ogg,4
roahaw/iNat1682960.ogg,3
roahaw/XC778921.ogg,3
roahaw/XC153988.ogg,1
roahaw/iNat397390.ogg,0
roahaw/iNat190069.ogg,1
roahaw/iNat1124843.ogg,1
roahaw/iNat561583.ogg,3
roahaw/iNat577228.ogg,3
roahaw/XC1059984.ogg,1
roahaw/XC488515.ogg,3
roahaw/iNat979733.ogg,1
roahaw/iNat117216.ogg,0
roahaw/iNat564356.ogg,0
roahaw/iNat164148.ogg,2
roahaw/XC493189.ogg,2
roahaw/XC829182.ogg,1
roahaw/XC789042.ogg,2
roahaw/iNat605518.ogg,4
roahaw/iNat197445.ogg,1
roahaw/XC401173.ogg,3
roahaw/XC241549.ogg,3
roahaw/iNat294164.ogg,1
roahaw/XC238995.ogg,3
roahaw/XC336126.ogg,0
roahaw/XC208974.ogg,4
roahaw/XC808640.ogg,3
roahaw/XC597693.ogg,2
roahaw/iNat332494.ogg,2
roahaw/XC521694.ogg,0
roahaw/XC732619.ogg,3
roahaw/iNat64502.ogg,1
roahaw/iNat1295930.ogg,1
roahaw/XC892910.ogg,1
roahaw/iNat1127687.ogg,3
roahaw/XC732261.ogg,4
roahaw/iNat192764.ogg,3
roahaw/iNat556328.ogg,3
roahaw/iNat304865.ogg,1
roahaw/iNat1392448.ogg,3
roahaw/XC1041242.ogg,3
roahaw/XC145706.ogg,3
roahaw/XC872249.ogg,0
roahaw/iNat869259.ogg,1
roahaw/XC117319.ogg,4
roahaw/XC237886.ogg,1
roahaw/XC48630.ogg,4
roahaw/XC582904.ogg,4
roahaw/XC190095.ogg,3
roahaw/iNat506934.ogg,3
roahaw/iNat1158748.ogg,1
roahaw/XC114173.ogg,3
roahaw/iNat325111.ogg,2
roahaw/XC84955.ogg,1
roahaw/iNat48243.ogg,2
roahaw/XC71123.ogg,1
roahaw/XC117739.ogg,3
roahaw/iNat1727405.ogg,4
roahaw/XC422969.ogg,0
roahaw/XC120139.ogg,3
roahaw/XC942158.ogg,3
roahaw/XC905752.ogg,4
roahaw/XC1038601.ogg,4
roahaw/iNat179394.ogg,2
roahaw/XC206675.ogg,3
roahaw/XC922187.ogg,3
roahaw/XC871572.ogg,4
roahaw/iNat548566.ogg,3
roahaw/iNat1539073.ogg,0
roahaw/XC62180.ogg,1
roahaw/iNat1292638.ogg,1
roahaw/iNat177296.ogg,4
roahaw/iNat133045.ogg,4
roahaw/XC212222.ogg,0
roahaw/XC118640.ogg,3
roahaw/iNat321168.ogg,2
roahaw/iNat126721.ogg,2
roahaw/iNat647891.ogg,1
roahaw/XC690454.ogg,4
roahaw/XC925788.ogg,3
roahaw/iNat1086273.ogg,3
roahaw/XC117580.ogg,4
roahaw/iNat615956.ogg,1
roahaw/XC1045604.ogg,3
roahaw/XC464221.ogg,3
roahaw/XC443671.ogg,2
roahaw/XC569959.ogg,0
roahaw/XC217495.ogg,3
roahaw/iNat374599.ogg,4
roahaw/XC379240.ogg,0
roahaw/XC655895.ogg,3
roahaw/XC212221.ogg,0
roahaw/XC514725.ogg,4
roahaw/XC296338.ogg,4
roahaw/iNat1297408.ogg,4
roahaw/XC217449.ogg,4
roahaw/XC1031747.ogg,3
roahaw/XC714038.ogg,0
roahaw/iNat307846.ogg,0
roahaw/iNat135798.ogg,2
roahaw/iNat1738250.ogg,4
roahaw/iNat1279022.ogg,4
roahaw/iNat893039.ogg,0
roahaw/XC85408.ogg,1
roahaw/XC117582.ogg,0
roahaw/XC897341.ogg,1
roahaw/XC257366.ogg,4
roahaw/XC257367.ogg,4
roahaw/iNat801118.ogg,2
roahaw/iNat911077.ogg,4
roahaw/iNat1095722.ogg,4
roahaw/XC593322.ogg,0
roahaw/iNat824044.ogg,1
roahaw/iNat821093.ogg,1
roahaw/XC344254.ogg,4
roahaw/XC630579.ogg,1
roahaw/XC117179.ogg,4
roahaw/iNat392555.ogg,0
roahaw/iNat1454079.ogg,3
roahaw/iNat1053011.ogg,3
roahaw/XC387075.ogg,1
roahaw/iNat1700654.ogg,2
roahaw/iNat558405.ogg,0
roahaw/iNat1221981.ogg,2
roahaw/iNat155615.ogg,4
roahaw/iNat818593.ogg,2
roahaw/XC237880.ogg,1
roahaw/iNat1010026.ogg,4
roahaw/XC446958.ogg,0
roahaw/iNat56589.ogg,4
roahaw/XC805867.ogg,4
roahaw/XC403289.ogg,4
roahaw/iNat183570.ogg,4
roahaw/XC704726.ogg,3
roahaw/XC238993.ogg,3
roahaw/XC743186.ogg,3
roahaw/XC776168.ogg,3
roahaw/XC613947.ogg,2
roahaw/XC699892.ogg,2
roahaw/iNat936328.ogg,2
roahaw/iNat322659.ogg,0
roahaw/iNat313427.ogg,2
roahaw/XC497430.ogg,3
roahaw/XC78198.ogg,0
roahaw/XC117517.ogg,0
roahaw/XC112987.ogg,0
roahaw/XC946200.ogg,4
roahaw/XC256969.ogg,2
roahaw/XC789189.ogg,4
roahaw/XC461499.ogg,4
roahaw/XC452491.ogg,2
roahaw/iNat418255.ogg,4
roahaw/iNat425523.ogg,0
roahaw/XC117956.ogg,3
roahaw/XC349195.ogg,1
roahaw/XC538101.ogg,1
roahaw/iNat1630611.ogg,2
roahaw/XC235156.ogg,4
roahaw/iNat717887.ogg,1
roahaw/iNat1217488.ogg,2
roahaw/XC856929.ogg,0
roahaw/XC146980.ogg,1
roahaw/iNat361093.ogg,4
roahaw/iNat319067.ogg,4
roahaw/iNat143596.ogg,2
roahaw/iNat1184257.ogg,2
roahaw/XC549388.ogg,3
roahaw/iNat1196286.ogg,2
roahaw/XC257368.ogg,4
roahaw/XC1036902.ogg,4
roahaw/iNat1313835.ogg,0
roahaw/iNat1208890.ogg,1
roahaw/iNat50642.ogg,2
roahaw/XC1038594.ogg,4
roahaw/iNat1709701.ogg,2
roahaw/iNat565901.ogg,3
roahaw/iNat523252.ogg,0
roahaw/iNat375610.ogg,3
roahaw/XC388972.ogg,3
roahaw/iNat1370870.ogg,1
roahaw/XC794391.ogg,2
roahaw/iNat1502263.ogg,2
roahaw/XC700426.ogg,2
roahaw/iNat37836.ogg,4
roahaw/XC306862.ogg,1
roahaw/iNat1607375.ogg,3
roahaw/XC1037801.ogg,2
roahaw/iNat589092.ogg,3
roahaw/XC502174.ogg,1
roahaw/XC664494.ogg,4
roahaw/iNat789361.ogg,4
roahaw/iNat1271302.ogg,2
roahaw/iNat767240.ogg,2
roahaw/XC928873.ogg,0
roahaw/iNat882832.ogg,3
roahaw/XC164877.ogg,1
roahaw/XC937876.ogg,3
roahaw/XC254916.ogg,3
roahaw/iNat681526.ogg,2
roahaw/XC336093.ogg,1
roahaw/iNat37834.ogg,4
roahaw/iNat42251.ogg,3
roahaw/iNat479630.ogg,0
roahaw/iNat584791.ogg,4
roahaw/XC298870.ogg,0
roahaw/XC518784.ogg,2
roahaw/XC796282.ogg,1
roahaw/iNat971058.ogg,4
roahaw/XC839876.ogg,2
roahaw/iNat1458636.ogg,4
roahaw/iNat1144905.ogg,4
roahaw/XC241296.ogg,3
roahaw/XC414815.ogg,2
roahaw/iNat193469.ogg,2
roahaw/XC320002.ogg,3
roahaw/XC276860.ogg,4
roahaw/XC387678.ogg,4
roahaw/iNat1080222.ogg,3
roahaw/XC169907.ogg,4
roahaw/XC488981.ogg,4
roahaw/XC63198.ogg,1
roahaw/XC518127.ogg,2
roahaw/XC1035746.ogg,2
roahaw/iNat77602.ogg,0
roahaw/iNat58781.ogg,0
roahaw/XC517588.ogg,1
roahaw/iNat581639.ogg,4
roahaw/XC120154.ogg,3
roahaw/XC19527.ogg,3
roahaw/iNat576133.ogg,4
roahaw/XC694395.ogg,0
roahaw/iNat501262.ogg,3
roahaw/XC117799.ogg,0
roahaw/XC769563.ogg,2
roahaw/iNat582200.ogg,2
roahaw/iNat559618.ogg,2
roahaw/XC183746.ogg,0
roahaw/XC244727.ogg,3
roahaw/XC809375.ogg,0
roahaw/XC401172.ogg,3
roahaw/XC680705.ogg,3
roahaw/XC299639.ogg,1
roahaw/XC176503.ogg,1
roahaw/XC362797.ogg,3
roahaw/iNat284941.ogg,2
rubthr1/XC212464.ogg,0
rubthr1/XC934139.ogg,3
rubthr1/iNat1736309.ogg,4
rubthr1/iNat341203.ogg,2
rubthr1/XC202063.ogg,0
rubthr1/iNat417942.ogg,3
rubthr1/iNat870811.ogg,2
rubthr1/iNat1252157.ogg,0
rubthr1/XC383124.ogg,3
rubthr1/XC508152.ogg,2
rubthr1/XC293509.ogg,4
rubthr1/iNat138390.ogg,3
rubthr1/XC585447.ogg,3
rubthr1/XC855452.ogg,0
rubthr1/XC82473.ogg,1
rubthr1/iNat1686598.ogg,2
rubthr1/XC292644.ogg,4
rubthr1/iNat870485.ogg,0
rubthr1/iNat1706704.ogg,0
rubthr1/iNat157330.ogg,2
rubthr1/XC161991.ogg,1
rubthr1/iNat335481.ogg,3
rubthr1/iNat826354.ogg,1
rubthr1/XC620672.ogg,2
rubthr1/XC502362.ogg,3
rubthr1/XC575517.ogg,1
rubthr1/iNat787505.ogg,4
rubthr1/XC344861.ogg,1
rubthr1/iNat1267229.ogg,3
rubthr1/iNat1278993.ogg,0
rubthr1/iNat714751.ogg,3
rubthr1/XC451334.ogg,3
rubthr1/iNat145188.ogg,0
rubthr1/iNat52896.ogg,3
rubthr1/XC292636.ogg,4
rubthr1/iNat851733.ogg,4
rubthr1/XC763360.ogg,2
rubthr1/XC32479.ogg,3
rubthr1/XC147038.ogg,1
rubthr1/iNat829410.ogg,4
rubthr1/XC974643.ogg,2
rubthr1/iNat1684073.ogg,2
rubthr1/iNat1146651.ogg,2
rubthr1/XC82482.ogg,1
rubthr1/XC973698.ogg,3
rubthr1/XC289060.ogg,4
rubthr1/iNat1209629.ogg,1
rubthr1/XC210713.ogg,1
rubthr1/iNat1641900.ogg,1
rubthr1/iNat49908.ogg,1
rubthr1/XC610605.ogg,1
rubthr1/XC243706.ogg,3
rubthr1/XC608633.ogg,1
rubthr1/XC289123.ogg,4
rubthr1/XC605339.ogg,1
rubthr1/iNat334710.ogg,4
rubthr1/iNat1199241.ogg,3
rubthr1/XC289122.ogg,4
rubthr1/XC520336.ogg,3
rubthr1/XC236543.ogg,1
rubthr1/XC293364.ogg,4
rubthr1/XC82474.ogg,1
rubthr1/XC1048627.ogg,2
rubthr1/iNat321534.ogg,0
rubthr1/iNat1241099.ogg,4
rubthr1/iNat28719.ogg,2
rubthr1/iNat1722212.ogg,0
rubthr1/XC289057.ogg,4
rubthr1/XC150154.ogg,1
rubthr1/XC293365.ogg,4
rubthr1/iNat858155.ogg,4
rubthr1/iNat140130.ogg,0
rubthr1/iNat695864.ogg,0
rubthr1/XC293351.ogg,4
rubthr1/XC293361.ogg,4
rubthr1/iNat1190157.ogg,0
rubthr1/XC578124.ogg,4
rubthr1/iNat1666865.ogg,4
rubthr1/XC82478.ogg,1
rubthr1/iNat1459448.ogg,3
rubthr1/XC293352.ogg,4
rubthr1/iNat1246346.ogg,3
rubthr1/XC52196.ogg,3
rubthr1/iNat52897.ogg,3
rubthr1/XC203427.ogg,1
rubthr1/XC676516.ogg,1
rubthr1/XC394330.ogg,4
rubthr1/iNat1668162.ogg,1
rubthr1/iNat836925.ogg,2
rubthr1/XC1667.ogg,0
rubthr1/iNat836254.ogg,0
rubthr1/iNat851502.ogg,4
rubthr1/iNat556770.ogg,0
rubthr1/iNat1705419.ogg,2
rubthr1/XC292645.ogg,4
rubthr1/XC297411.ogg,1
rubthr1/iNat1646207.ogg,2
rubthr1/XC293504.ogg,4
rubthr1/iNat1264422.ogg,0
rubthr1/XC289110.ogg,4
rubthr1/XC418792.ogg,1
rubthr1/XC286716.ogg,4
rubthr1/XC692377.ogg,3
rubthr1/XC513653.ogg,0
rubthr1/iNat762495.ogg,3
rubthr1/XC677048.ogg,3
rubthr1/XC1006659.ogg,2
rubthr1/XC199687.ogg,1
rubthr1/iNat826071.ogg,2
rubthr1/iNat819971.ogg,1
rubthr1/iNat140546.ogg,0
rubthr1/iNat200284.ogg,2
rubthr1/XC82481.ogg,1
rubthr1/XC212458.ogg,0
rubthr1/XC293371.ogg,4
rubthr1/iNat306438.ogg,1
rubthr1/iNat1684008.ogg,0
rubthr1/iNat1105306.ogg,0
rubthr1/iNat842426.ogg,2
rubthr1/XC856544.ogg,0
rubthr1/iNat126953.ogg,0
rubthr1/XC293348.ogg,4
rubthr1/XC293345.ogg,4
rubthr1/iNat148785.ogg,1
rubthr1/XC289119.ogg,4
rubthr1/iNat1697203.ogg,3
rubthr1/XC289056.ogg,4
rubthr1/XC556651.ogg,2
rubthr1/iNat537275.ogg,1
rubthr1/iNat1650053.ogg,2
rubthr1/iNat327564.ogg,4
rubthr1/XC343083.ogg,1
rubthr1/iNat1626515.ogg,0
rubthr1/XC293359.ogg,4
rubthr1/iNat367857.ogg,4
rubthr1/iNat574777.ogg,4
rubthr1/iNat1694645.ogg,0
rubthr1/iNat852442.ogg,2
rubthr1/iNat1714629.ogg,3
rubthr1/iNat336992.ogg,4
rubthr1/iNat1132353.ogg,0
rubthr1/XC52197.ogg,3
rubthr1/XC284269.ogg,4
rubthr1/iNat1677950.ogg,4
rubthr1/XC387821.ogg,0
rubthr1/XC809860.ogg,1
rubthr1/iNat712464.ogg,4
rubthr1/iNat588517.ogg,3
rubthr1/iNat1252741.ogg,0
rubthr1/XC940072.ogg,2
rubthr1/iNat1205951.ogg,4
rubthr1/iNat320486.ogg,4
rubthr1/XC289064.ogg,4
rubthr1/iNat275185.ogg,4
rubthr1/XC574640.ogg,3
rubthr1/iNat328679.ogg,0
rubthr1/iNat151840.ogg,4
rubthr1/XC913487.ogg,2
rubthr1/iNat841407.ogg,4
rubthr1/iNat581898.ogg,4
rubthr1/XC268259.ogg,3
rubthr1/iNat164564.ogg,1
rubthr1/XC8997.ogg,3
rubthr1/iNat560046.ogg,1
rubthr1/XC745472.ogg,1
rubthr1/iNat257985.ogg,0
rubthr1/iNat858156.ogg,4
rubthr1/iNat1256577.ogg,3
rubthr1/iNat1684808.ogg,2
rubthr1/XC524952.ogg,3
rubthr1/XC153611.ogg,1
rubthr1/XC32482.ogg,3
rubthr1/iNat1201130.ogg,0
rubthr1/iNat559280.ogg,3
rubthr1/iNat539246.ogg,3
rubthr1/XC771056.ogg,2
rubthr1/iNat1657041.ogg,4
rubthr1/XC32481.ogg,3
rubthr1/iNat857160.ogg,4
rubthr1/iNat140129.ogg,0
rubthr1/XC82484.ogg,1
rubthr1/XC707723.ogg,2
rubthr1/XC52191.ogg,3
rubthr1/iNat1070308.ogg,3
rubthr1/iNat1689241.ogg,2
rubthr1/iNat852770.ogg,0
rubthr1/XC934851.ogg,3
rubthr1/iNat559281.ogg,3
rubthr1/iNat1677676.ogg,2
rubthr1/iNat297915.ogg,3
rubthr1/XC82475.ogg,1
rubthr1/iNat1246103.ogg,4
rubthr1/iNat1082349.ogg,4
rubthr1/XC678305.ogg,3
rubthr1/iNat304219.ogg,2
rubthr1/iNat139344.ogg,2
rubthr1/XC293498.ogg,4
rubthr1/iNat1181925.ogg,1
rubthr1/iNat1255324.ogg,4
rubthr1/XC415211.ogg,2
rubthr1/iNat847119.ogg,4
rubthr1/XC541136.ogg,2
rubthr1/XC293356.ogg,4
rubthr1/iNat340577.ogg,3
rubthr1/XC218666.ogg,1
rubthr1/XC979639.ogg,1
rubthr1/XC293508.ogg,4
rubthr1/XC239348.ogg,3
rubthr1/XC289115.ogg,4
rubthr1/iNat276456.ogg,1
rubthr1/XC284277.ogg,4
rubthr1/iNat1677445.ogg,0
rubthr1/iNat142171.ogg,0
rubthr1/iNat1239185.ogg,1
rubthr1/XC761456.ogg,2
rubthr1/XC537184.ogg,3
rubthr1/XC1032057.ogg,4
rubthr1/XC149231.ogg,1
rubthr1/iNat1670702.ogg,4
rubthr1/iNat160456.ogg,0
rubthr1/iNat334890.ogg,4
rubthr1/iNat1703793.ogg,0
rubthr1/iNat138326.ogg,2
rubthr1/iNat139037.ogg,1
rubthr1/XC457477.ogg,2
rubthr1/XC286580.ogg,4
rubthr1/XC670414.ogg,2
rubthr1/XC82480.ogg,1
rubthr1/iNat1652046.ogg,2
rubthr1/iNat1278983.ogg,0
rubthr1/iNat1690272.ogg,2
rubthr1/iNat1712721.ogg,3
rubthr1/iNat810354.ogg,2
rubthr1/iNat1642798.ogg,2
rubthr1/XC586417.ogg,0
rubthr1/XC726712.ogg,2
rubthr1/iNat815154.ogg,1
rubthr1/XC289104.ogg,4
rubthr1/XC52192.ogg,3
rubthr1/iNat319381.ogg,0
rubthr1/iNat822051.ogg,0
rubthr1/iNat147011.ogg,3
rubthr1/iNat870334.ogg,0
rubthr1/XC754853.ogg,1
rubthr1/iNat1650616.ogg,2
rubthr1/XC504245.ogg,2
rubthr1/iNat1684709.ogg,3
rubthr1/iNat1279077.ogg,0
rubthr1/XC389639.ogg,4
rubthr1/XC351258.ogg,1
rubthr1/XC293506.ogg,4
rubthr1/XC299267.ogg,0
rubthr1/XC32480.ogg,3
rubthr1/iNat1627927.ogg,2
rubthr1/iNat154988.ogg,4
rubthr1/XC799775.ogg,3
rubthr1/XC293510.ogg,4
rubthr1/XC337457.ogg,4
rubthr1/XC351066.ogg,1
rubthr1/XC293512.ogg,4
rubthr1/iNat1636622.ogg,3
rubthr1/iNat532419.ogg,4
rubthr1/XC144561.ogg,1
rubthr1/XC289112.ogg,4
rubthr1/XC153764.ogg,1
rubthr1/iNat1705142.ogg,3
rubthr1/XC358018.ogg,4
rubthr1/iNat950752.ogg,1
rubthr1/XC506427.ogg,0
rubthr1/XC335451.ogg,1
rubthr1/XC366508.ogg,3
rubthr1/iNat1278988.ogg,0
rubthr1/XC284283.ogg,4
rubthr1/iNat1682587.ogg,4
rubthr1/XC292641.ogg,4
rubthr1/XC713775.ogg,2
rubthr1/XC974088.ogg,2
rubthr1/iNat295189.ogg,1
rubthr1/XC1049906.ogg,4
rubthr1/XC293367.ogg,4
rubthr1/XC4644.ogg,1
rubthr1/iNat1672512.ogg,2
rubthr1/iNat1666863.ogg,4
rubthr1/iNat1706157.ogg,2
rubthr1/XC148701.ogg,1
rubthr1/iNat544859.ogg,3
rubthr1/XC293499.ogg,4
rubthr1/iNat1581115.ogg,4
rubthr1/iNat152359.ogg,0
rubthr1/iNat304925.ogg,4
rubthr1/iNat1199110.ogg,1
rubthr1/XC856370.ogg,3
rubthr1/iNat772218.ogg,3
rubthr1/iNat1624732.ogg,0
rubthr1/XC325856.ogg,0
rubthr1/XC293495.ogg,4
rubthr1/iNat697703.ogg,3
rubthr1/XC292638.ogg,4
rubthr1/iNat1672514.ogg,2
rubthr1/XC115202.ogg,4
rubthr1/iNat836924.ogg,2
rubthr1/iNat1641914.ogg,1
rubthr1/XC251882.ogg,3
rubthr1/XC398272.ogg,2
rubthr1/XC289102.ogg,4
rubthr1/iNat1679742.ogg,3
rubthr1/iNat878576.ogg,2
rubthr1/iNat1689244.ogg,2
rubthr1/iNat148783.ogg,1
rubthr1/iNat288755.ogg,4
rubthr1/iNat772456.ogg,3
rubthr1/iNat544636.ogg,4
rubthr1/XC289121.ogg,4
rubthr1/iNat335713.ogg,1
rubthr1/iNat810356.ogg,2
rubthr1/iNat537756.ogg,3
rubthr1/iNat317135.ogg,4
rubthr1/XC394552.ogg,0
rubthr1/XC212136.ogg,1
rubthr1/iNat1691286.ogg,0
rubthr1/XC1070609.ogg,2
rubthr1/iNat312443.ogg,3
rubthr1/iNat321928.ogg,3
rubthr1/iNat1022679.ogg,3
rubthr1/iNat151841.ogg,4
rubthr1/XC153601.ogg,1
rubthr1/iNat1695877.ogg,0
rubthr1/XC289118.ogg,4
rubthr1/XC293369.ogg,4
rubthr1/iNat1388804.ogg,0
rubthr1/XC1694.ogg,0
rubthr1/XC598625.ogg,1
rubthr1/XC212138.ogg,1
rubthr1/iNat1720250.ogg,0
rubthr1/iNat1234331.ogg,2
rubthr1/iNat588095.ogg,4
rubthr1/XC474195.ogg,2
rubthr1/XC313981.ogg,1
rubthr1/XC82477.ogg,1
rubthr1/XC793156.ogg,2
rubthr1/XC293505.ogg,4
rubthr1/iNat546228.ogg,0
rubthr1/iNat856943.ogg,2
rubthr1/XC940068.ogg,2
rubthr1/XC200174.ogg,3
rubthr1/iNat1241813.ogg,3
rubthr1/iNat1251399.ogg,0
rubthr1/XC1011087.ogg,1
rubthr1/iNat1694816.ogg,0
rubthr1/XC293500.ogg,4
rubthr1/XC440383.ogg,3
rubthr1/XC491660.ogg,4
rubthr1/iNat1680675.ogg,4
rubthr1/XC118703.ogg,3
rubthr1/XC235495.ogg,1
rubthr1/iNat1666862.ogg,4
rubthr1/iNat850316.ogg,2
rubthr1/XC421912.ogg,0
rubthr1/iNat1151816.ogg,0
rubthr1/XC52189.ogg,3
rubthr1/XC214654.ogg,1
rubthr1/XC176297.ogg,2
rubthr1/iNat1707784.ogg,4
rubthr1/XC836834.ogg,4
rubthr1/iNat1650335.ogg,0
rubthr1/iNat1251487.ogg,4
rubthr1/XC419342.ogg,2
rubthr1/iNat1281125.ogg,0
rubthr1/iNat546227.ogg,0
rubthr1/iNat850317.ogg,2
rubthr1/iNat344147.ogg,1
rubthr1/iNat1615216.ogg,1
rubthr1/XC200397.ogg,4
rubthr1/iNat320856.ogg,3
rubthr1/iNat1625495.ogg,2
rubthr1/XC284280.ogg,4
rubthr1/iNat1275366.ogg,4
rubthr1/iNat264731.ogg,2
rubthr1/iNat772222.ogg,3
rubthr1/XC605935.ogg,2
rubthr1/iNat559048.ogg,1
rubthr1/XC812895.ogg,3
rubthr1/iNat1689240.ogg,2
rubthr1/XC824641.ogg,4
rubthr1/iNat573857.ogg,4
rubthr1/iNat264183.ogg,2
rubthr1/XC293511.ogg,4
rubthr1/iNat851551.ogg,2
rubthr1/iNat1684067.ogg,2
rubthr1/iNat302253.ogg,3
rubthr1/XC164996.ogg,2
rubthr1/XC292648.ogg,4
rubthr1/iNat1199240.ogg,3
rubthr1/iNat1622144.ogg,3
rubthr1/iNat1627934.ogg,2
rubthr1/iNat1268034.ogg,2
rubthr1/XC289111.ogg,4
rubthr1/XC1050568.ogg,0
rubthr1/XC393257.ogg,1
rubthr1/XC293494.ogg,4
rubthr1/XC677767.ogg,2
rubthr1/XC838400.ogg,2
rubthr1/XC695280.ogg,3
rubthr1/iNat544274.ogg,2
rubthr1/XC293503.ogg,4
rubthr1/iNat1654873.ogg,4
rubthr1/XC812902.ogg,3
rubthr1/XC472331.ogg,3
rubthr1/XC422745.ogg,0
rubthr1/XC390666.ogg,4
rubthr1/XC169868.ogg,4
rubthr1/XC144606.ogg,1
rubthr1/iNat1248624.ogg,0
rubthr1/XC974027.ogg,2
rubthr1/iNat363018.ogg,0
rubthr1/iNat1285898.ogg,0
rubthr1/iNat835288.ogg,0
rubthr1/XC838233.ogg,4
rubthr1/iNat1622143.ogg,3
rubthr1/XC664118.ogg,3
rubthr1/XC82495.ogg,1
rubthr1/XC422746.ogg,0
rubthr1/iNat1622234.ogg,3
rubthr1/iNat312537.ogg,4
rubthr1/XC422277.ogg,0
rubthr1/XC174817.ogg,2
rubthr1/XC422231.ogg,0
rubthr1/iNat386697.ogg,3
rubthr1/iNat856789.ogg,3
rubthr1/iNat588516.ogg,3
rubthr1/XC342094.ogg,1
rubthr1/XC293347.ogg,4
rubthr1/XC750296.ogg,3
rubthr1/XC389545.ogg,3
rubthr1/XC289116.ogg,4
rubthr1/iNat51132.ogg,0
rubthr1/iNat851734.ogg,4
rubthr1/XC289061.ogg,4
rubthr1/iNat312467.ogg,3
rubthr1/XC512533.ogg,2
rubthr1/XC292635.ogg,4
rubthr1/XC1051800.ogg,3
rubthr1/iNat1094287.ogg,2
rubthr1/iNat776743.ogg,2
rubthr1/iNat606507.ogg,4
rubthr1/XC293507.ogg,4
rubthr1/iNat332657.ogg,1
rubthr1/iNat1630816.ogg,4
rubthr1/XC614076.ogg,1
rubthr1/XC293370.ogg,4
rubthr1/iNat1651462.ogg,2
rubthr1/iNat1309794.ogg,2
rubthr1/iNat1686285.ogg,2
rubthr1/XC678142.ogg,1
rubthr1/XC586910.ogg,4
rubthr1/XC1050619.ogg,0
rubthr1/XC1723.ogg,0
rubthr1/XC394261.ogg,1
rubthr1/iNat554940.ogg,0
rubthr1/iNat798410.ogg,0
rubthr1/XC896056.ogg,1
rubthr1/XC188005.ogg,4
rubthr1/XC169856.ogg,4
rubthr1/XC577278.ogg,2
rubthr1/XC1053005.ogg,2
rubthr1/XC293368.ogg,4
rubthr1/iNat1656411.ogg,0
rubthr1/iNat421698.ogg,2
rubthr1/XC1051859.ogg,3
rubthr1/XC599526.ogg,2
rubthr1/XC349028.ogg,1
rubthr1/iNat1691551.ogg,0
rubthr1/XC587128.ogg,4
rubthr1/XC1003072.ogg,3
rubthr1/XC82476.ogg,1
rubthr1/XC286714.ogg,4
rubthr1/XC1049910.ogg,4
rubthr1/iNat1662806.ogg,4
rubthr1/iNat307187.ogg,2
rubthr1/XC325857.ogg,0
rubthr1/XC162280.ogg,1
rubthr1/iNat1227683.ogg,0
rubthr1/iNat1438943.ogg,3
rubthr1/iNat1691430.ogg,1
rubthr1/iNat544635.ogg,4
rubthr1/XC648127.ogg,2
rubthr1/iNat1318270.ogg,3
rubthr1/iNat48324.ogg,1
rubthr1/iNat1247499.ogg,2
rubthr1/iNat1688310.ogg,4
rubthr1/iNat551817.ogg,1
rubthr1/XC293358.ogg,4
rubthr1/XC131424.ogg,3
rubthr1/XC611393.ogg,3
rubthr1/XC1665.ogg,0
rubthr1/XC400267.ogg,4
rubthr1/iNat1278985.ogg,0
rubthr1/iNat1205025.ogg,4
rubthr1/iNat838375.ogg,3
rufcac2/XC854909.ogg,2
rufcac2/iNat396776.ogg,0
rufcac2/XC844058.ogg,3
rufcac2/XC277443.ogg,1
rufcac2/XC123671.ogg,3
rufcac2/XC128562.ogg,3
rufcac2/XC123672.ogg,3
rufcac2/XC654326.ogg,3
rufcac2/XC654334.ogg,3
rufcac2/XC111519.ogg,2
rufcac2/XC111518.ogg,2
rufcac2/XC277445.ogg,1
rufcac2/XC80871.ogg,1
rufcac2/XC602730.ogg,3
rufcac2/XC413842.ogg,2
rufcac2/XC171672.ogg,3
rufcac2/XC896246.ogg,0
rufcac2/XC144552.ogg,1
rufcac2/XC702756.ogg,3
rufcac2/XC702755.ogg,3
rufcac2/XC3496.ogg,0
rufcac2/XC1063975.ogg,4
rufcac2/XC1024876.ogg,4
rufcac2/XC702754.ogg,3
rufcac2/XC702753.ogg,3
rufcac2/XC1063886.ogg,4
rufcac2/XC1061044.ogg,4
rufcac2/XC878525.ogg,0
rufcas2/XC563229.ogg,0
rufcas2/XC687749.ogg,3
rufcas2/XC687715.ogg,3
rufcas2/XC931284.ogg,4
rufcas2/iNat1191045.ogg,1
rufcas2/XC443342.ogg,1
rufcas2/XC615599.ogg,1
rufcas2/XC973682.ogg,3
rufcas2/XC50746.ogg,3
rufcas2/XC50745.ogg,3
rufcas2/XC82177.ogg,1
rufcas2/XC82176.ogg,1
rufcas2/XC325896.ogg,0
rufcas2/XC304385.ogg,0
rufcas2/XC1008351.ogg,3
rufcas2/XC863839.ogg,2
rufcas2/XC863836.ogg,2
rufcas2/XC838531.ogg,2
rufcas2/XC838440.ogg,2
rufcas2/XC628875.ogg,3
rufcas2/XC2651.ogg,0
rufcas2/XC2735.ogg,0
rufcas2/XC2726.ogg,0
rufcas2/XC2230.ogg,0
rufcas2/XC665929.ogg,2
rufcas2/XC809931.ogg,2
rufcas2/XC657804.ogg,3
rufcas2/XC602676.ogg,3
rufcas2/XC602671.ogg,3
rufcas2/XC428860.ogg,2
rufcas2/XC459341.ogg,2
rufcas2/XC654258.ogg,2
rufcas2/XC1017287.ogg,2
rufcas2/XC1017286.ogg,2
rufcas2/XC800332.ogg,2
rufcas2/XC800322.ogg,2
rufcas2/XC419073.ogg,2
rufcas2/XC857485.ogg,2
rufcas2/XC761507.ogg,2
rufcas2/XC748036.ogg,2
rufcas2/XC692040.ogg,2
rufcas2/XC404454.ogg,3
rufcas2/XC1037409.ogg,3
rufcas2/XC722091.ogg,2
rufcas2/XC613971.ogg,2
rufcas2/XC572943.ogg,2
rufcas2/XC482445.ogg,2
rufcas2/XC448474.ogg,2
rufcas2/XC572958.ogg,2
rufcas2/XC859097.ogg,3
rufcas2/XC859094.ogg,3
rufcas2/XC1024903.ogg,4
rufcas2/XC901264.ogg,2
rufcas2/XC901263.ogg,2
rufcas2/XC129752.ogg,3
rufcas2/XC13323.ogg,3
rufcas2/XC669558.ogg,3
rufcas2/XC150303.ogg,1
rufgna3/XC212147.ogg,3
rufgna3/XC308464.ogg,3
rufgna3/iNat1613583.ogg,4
rufgna3/XC336043.ogg,4
rufgna3/XC337876.ogg,4
rufgna3/XC898005.ogg,1
rufgna3/XC173698.ogg,1
rufgna3/iNat891008.ogg,1
rufgna3/iNat1589507.ogg,2
rufgna3/XC333058.ogg,1
rufgna3/XC294703.ogg,1
rufgna3/iNat69199.ogg,4
rufgna3/XC537642.ogg,2
rufgna3/XC580548.ogg,2
rufgna3/iNat330466.ogg,4
rufgna3/XC550757.ogg,3
rufgna3/XC550756.ogg,3
rufgna3/XC550622.ogg,3
rufgna3/XC550624.ogg,3
rufgna3/XC550623.ogg,3
rufgna3/XC550621.ogg,3
rufgna3/XC172127.ogg,0
rufgna3/XC172124.ogg,0
rufgna3/XC459040.ogg,3
rufgna3/XC598525.ogg,2
rufgna3/XC581207.ogg,2
rufgna3/XC1013591.ogg,3
rufgna3/XC256065.ogg,4
rufgna3/iNat897390.ogg,2
rufgna3/iNat1270000.ogg,3
rufgna3/iNat278095.ogg,4
rufgna3/XC798243.ogg,2
rufgna3/XC620617.ogg,2
rufgna3/XC620416.ogg,2
rufgna3/XC620689.ogg,2
rufgna3/XC1018307.ogg,3
rufgna3/XC585139.ogg,4
rufgna3/XC495731.ogg,4
rufgna3/XC476202.ogg,2
rufgna3/XC288344.ogg,2
rufgna3/iNat1684490.ogg,2
rufgna3/iNat1467896.ogg,3
rufgna3/XC358880.ogg,4
rufgna3/iNat326922.ogg,3
rufgna3/XC995024.ogg,3
rufgna3/XC469272.ogg,2
rufgna3/XC421823.ogg,0
rufgna3/XC421822.ogg,0
rufgna3/XC252355.ogg,1
rufgna3/XC332036.ogg,1
rufgna3/XC334809.ogg,4
rufgna3/XC80422.ogg,1
rufgna3/iNat540137.ogg,1
rufgna3/XC996085.ogg,3
rufgna3/XC313527.ogg,1
rufgna3/XC313528.ogg,1
rufgna3/XC4650.ogg,1
rufgna3/XC532098.ogg,3
rufgna3/XC912289.ogg,1
rufgna3/XC912259.ogg,1
rufgna3/XC186188.ogg,0
rufgna3/XC186187.ogg,0
rufgna3/XC186186.ogg,0
rufgna3/iNat1129162.ogg,2
rufgna3/XC531911.ogg,1
rufgna3/iNat368850.ogg,0
rufgna3/XC637343.ogg,3
rufgna3/XC80417.ogg,1
rufgna3/XC80416.ogg,1
rufgna3/iNat1588644.ogg,3
rufgna3/iNat407185.ogg,4
rufgna3/XC1002596.ogg,3
rufgna3/XC973692.ogg,3
rufgna3/XC973690.ogg,3
rufgna3/XC252366.ogg,1
rufgna3/iNat1722247.ogg,0
rufgna3/XC331736.ogg,0
rufgna3/XC433998.ogg,2
rufgna3/XC80418.ogg,1
rufgna3/XC252354.ogg,1
rufgna3/iNat161679.ogg,0
rufgna3/XC177590.ogg,1
rufgna3/XC389450.ogg,4
rufgna3/XC121862.ogg,3
rufgna3/XC815316.ogg,3
rufgna3/XC80421.ogg,1
rufgna3/XC331429.ogg,1
rufgna3/XC417047.ogg,2
rufgna3/XC118899.ogg,3
rufgna3/XC344153.ogg,1
rufgna3/XC344738.ogg,1
rufgna3/XC252363.ogg,1
rufgna3/XC344634.ogg,1
rufgna3/XC344739.ogg,1
rufgna3/XC377519.ogg,1
rufgna3/XC618500.ogg,3
rufgna3/XC621730.ogg,3
rufgna3/XC706685.ogg,1
rufgna3/XC548874.ogg,1
rufgna3/XC80420.ogg,1
rufgna3/XC113478.ogg,1
rufgna3/XC123193.ogg,3
rufgna3/XC499706.ogg,0
rufgna3/XC499711.ogg,0
rufgna3/XC973664.ogg,3
rufgna3/iNat230894.ogg,0
rufgna3/XC3961.ogg,3
rufgna3/XC252356.ogg,1
rufgna3/XC288586.ogg,4
rufgna3/XC727639.ogg,2
rufgna3/XC727641.ogg,2
rufgna3/XC727640.ogg,2
rufgna3/XC511383.ogg,1
rufgna3/XC332671.ogg,4
rufgna3/XC252364.ogg,1
rufgna3/XC252361.ogg,1
rufgna3/XC689028.ogg,3
rufgna3/XC726732.ogg,2
rufgna3/XC80423.ogg,1
rufgna3/XC252357.ogg,1
rufgna3/XC297866.ogg,4
rufgna3/XC297865.ogg,4
rufgna3/XC582860.ogg,3
rufgna3/XC576255.ogg,3
rufgna3/XC513021.ogg,0
rufgna3/XC388063.ogg,3
rufgna3/XC291976.ogg,4
rufgna3/XC987467.ogg,3
rufgna3/XC234975.ogg,4
rufgna3/XC743824.ogg,4
rufgna3/XC113854.ogg,4
rufgna3/XC427246.ogg,2
rufgna3/XC727708.ogg,2
rufgna3/iNat1277855.ogg,2
rufgna3/XC417588.ogg,4
rufgna3/XC707238.ogg,3
rufgna3/XC340031.ogg,4
rufgna3/XC540536.ogg,1
rufgna3/XC540533.ogg,1
rufgna3/XC414067.ogg,2
rufgna3/XC340413.ogg,4
rufgna3/XC338073.ogg,4
rufgna3/XC714686.ogg,2
rufgna3/XC427249.ogg,2
rufgna3/XC938344.ogg,3
rufgna3/XC774357.ogg,2
rufgna3/XC581511.ogg,3
rufgna3/XC546039.ogg,3
rufgna3/iNat1290108.ogg,4
rufgna3/XC80419.ogg,1
rufgna3/XC828879.ogg,0
rufgna3/XC340981.ogg,1
rufgna3/XC576482.ogg,3
rufgna3/XC435927.ogg,1
rufgna3/XC728410.ogg,2
rufgna3/XC728435.ogg,2
rufgna3/XC728434.ogg,2
rufgna3/XC330455.ogg,1
rufgna3/XC659523.ogg,2
rufhor2/iNat591934.ogg,3
rufhor2/XC994632.ogg,3
rufhor2/XC994620.ogg,3
rufhor2/XC994613.ogg,3
rufhor2/XC597913.ogg,0
rufhor2/iNat70561.ogg,4
rufhor2/iNat102311.ogg,4
rufhor2/iNat102312.ogg,4
rufhor2/iNat86126.ogg,4
rufhor2/iNat79807.ogg,4
rufhor2/iNat759168.ogg,3
rufhor2/iNat1281122.ogg,0
rufhor2/iNat1397840.ogg,3
rufhor2/iNat1083534.ogg,4
rufhor2/iNat895519.ogg,0
rufhor2/iNat135527.ogg,3
rufhor2/iNat1061682.ogg,0
rufhor2/iNat848855.ogg,3
rufhor2/iNat336121.ogg,3
rufhor2/iNat589111.ogg,3
rufhor2/iNat589112.ogg,3
rufhor2/XC463372.ogg,3
rufhor2/XC462513.ogg,3
rufhor2/iNat144726.ogg,4
rufhor2/iNat605520.ogg,4
rufhor2/iNat146111.ogg,4
rufhor2/iNat1249179.ogg,2
rufhor2/iNat1249182.ogg,2
rufhor2/iNat822053.ogg,0
rufhor2/iNat376487.ogg,2
rufhor2/iNat418611.ogg,3
rufhor2/XC298518.ogg,0
rufhor2/iNat1014212.ogg,1
rufhor2/iNat339542.ogg,0
rufhor2/iNat851096.ogg,4
rufhor2/iNat852143.ogg,2
rufhor2/iNat526155.ogg,4
rufhor2/iNat1724860.ogg,3
rufhor2/iNat400775.ogg,0
rufhor2/iNat151179.ogg,2
rufhor2/iNat138287.ogg,2
rufhor2/iNat856503.ogg,0
rufhor2/XC856184.ogg,0
rufhor2/iNat1584075.ogg,1
rufhor2/iNat1201129.ogg,0
rufhor2/iNat881269.ogg,0
rufhor2/iNat1268486.ogg,3
rufhor2/iNat1316609.ogg,4
rufhor2/iNat1022923.ogg,0
rufhor2/iNat1238757.ogg,0
rufhor2/iNat1095811.ogg,0
rufhor2/iNat999793.ogg,0
rufhor2/iNat911082.ogg,0
rufhor2/iNat1245427.ogg,0
rufhor2/iNat1328435.ogg,0
rufhor2/iNat1639767.ogg,1
rufhor2/iNat504258.ogg,2
rufhor2/iNat862584.ogg,0
rufhor2/XC149726.ogg,4
rufhor2/iNat1277653.ogg,0
rufhor2/iNat1567783.ogg,4
rufhor2/iNat851095.ogg,1
rufhor2/iNat416521.ogg,3
rufhor2/iNat593541.ogg,4
rufhor2/XC748509.ogg,2
rufhor2/iNat1162425.ogg,0
rufhor2/XC985697.ogg,2
rufhor2/XC932468.ogg,2
rufhor2/XC746284.ogg,2
rufhor2/XC573497.ogg,2
rufhor2/XC574151.ogg,2
rufhor2/XC573939.ogg,3
rufhor2/XC428437.ogg,4
rufhor2/XC428435.ogg,4
rufhor2/XC551940.ogg,1
rufhor2/XC545555.ogg,1
rufhor2/XC545553.ogg,1
rufhor2/XC686953.ogg,2
rufhor2/iNat139219.ogg,3
rufhor2/XC545557.ogg,1
rufhor2/XC992354.ogg,1
rufhor2/XC838919.ogg,4
rufhor2/XC836209.ogg,4
rufhor2/XC839719.ogg,4
rufhor2/XC755002.ogg,1
rufhor2/XC503600.ogg,1
rufhor2/XC620631.ogg,2
rufhor2/iNat547594.ogg,3
rufhor2/XC620687.ogg,2
rufhor2/iNat321946.ogg,3
rufhor2/iNat488606.ogg,3
rufhor2/iNat79379.ogg,3
rufhor2/iNat762566.ogg,3
rufhor2/iNat1199259.ogg,3
rufhor2/iNat211557.ogg,3
rufhor2/iNat473246.ogg,3
rufhor2/iNat769747.ogg,3
rufhor2/iNat791263.ogg,3
rufhor2/iNat271234.ogg,0
rufhor2/iNat262648.ogg,0
rufhor2/iNat516495.ogg,3
rufhor2/iNat473219.ogg,3
rufhor2/iNat763130.ogg,3
rufhor2/iNat473248.ogg,3
rufhor2/iNat513584.ogg,3
rufhor2/iNat532624.ogg,3
rufhor2/iNat566150.ogg,4
rufhor2/iNat1686499.ogg,1
rufhor2/XC326486.ogg,3
rufhor2/XC834180.ogg,4
rufhor2/XC828151.ogg,4
rufhor2/XC686695.ogg,2
rufhor2/XC510830.ogg,3
rufhor2/iNat764994.ogg,1
rufhor2/XC170795.ogg,1
rufhor2/XC823658.ogg,4
rufhor2/XC620627.ogg,2
rufhor2/XC620626.ogg,2
rufhor2/XC545558.ogg,1
rufhor2/XC620688.ogg,2
rufhor2/XC620686.ogg,2
rufhor2/iNat584374.ogg,4
rufhor2/iNat438414.ogg,4
rufhor2/XC823942.ogg,4
rufhor2/XC823928.ogg,4
rufhor2/XC823461.ogg,4
rufhor2/XC80814.ogg,1
rufhor2/XC80813.ogg,1
rufhor2/iNat1459507.ogg,3
rufhor2/XC840152.ogg,4
rufhor2/iNat1518808.ogg,4
rufhor2/iNat158452.ogg,1
rufhor2/iNat1705236.ogg,3
rufhor2/XC399398.ogg,2
rufhor2/XC369817.ogg,2
rufhor2/XC186319.ogg,0
rufhor2/XC186317.ogg,0
rufhor2/iNat1624267.ogg,4
rufhor2/iNat208302.ogg,4
rufhor2/iNat345825.ogg,4
rufhor2/iNat210665.ogg,4
rufhor2/iNat786896.ogg,4
rufhor2/iNat207994.ogg,4
rufhor2/iNat205926.ogg,4
rufhor2/iNat213565.ogg,4
rufhor2/iNat213579.ogg,4
rufhor2/iNat321323.ogg,4
rufhor2/iNat77642.ogg,4
rufhor2/iNat154376.ogg,2
rufhor2/XC364730.ogg,3
rufhor2/XC927110.ogg,2
rufhor2/iNat166003.ogg,4
rufhor2/XC550486.ogg,3
rufhor2/XC32503.ogg,3
rufhor2/XC943374.ogg,3
rufhor2/XC687828.ogg,3
rufhor2/iNat386073.ogg,2
rufhor2/XC809528.ogg,2
rufhor2/iNat1298591.ogg,1
rufhor2/iNat995849.ogg,2
rufhor2/iNat679892.ogg,4
rufhor2/XC653328.ogg,2
rufhor2/iNat728232.ogg,4
rufhor2/iNat729631.ogg,4
rufhor2/XC1009595.ogg,3
rufhor2/XC172628.ogg,2
rufhor2/XC415458.ogg,2
rufhor2/iNat1333274.ogg,2
rufhor2/iNat984378.ogg,2
rufhor2/XC648130.ogg,2
rufhor2/XC361100.ogg,3
rufhor2/XC212723.ogg,3
rufhor2/XC182618.ogg,1
rufhor2/iNat139622.ogg,3
rufhor2/iNat146880.ogg,3
rufhor2/iNat146881.ogg,3
rufhor2/iNat1505548.ogg,4
rufhor2/iNat1576750.ogg,4
rufhor2/iNat1505700.ogg,4
rufhor2/iNat1549188.ogg,4
rufhor2/XC186321.ogg,0
rufhor2/XC625375.ogg,1
rufhor2/XC165356.ogg,1
rufhor2/iNat284572.ogg,2
rufhor2/XC342567.ogg,1
rufhor2/XC571866.ogg,4
rufhor2/XC614651.ogg,1
rufhor2/XC119873.ogg,3
rufhor2/iNat1699117.ogg,4
rufhor2/XC302801.ogg,1
rufhor2/XC472007.ogg,3
rufhor2/XC119105.ogg,3
rufhor2/iNat1719464.ogg,4
rufhor2/iNat1653678.ogg,4
rufhor2/iNat577719.ogg,2
rufhor2/XC17217.ogg,3
rufhor2/iNat1423041.ogg,4
rufhor2/XC642618.ogg,1
rufhor2/iNat1706220.ogg,2
rufhor2/iNat1512288.ogg,0
rufhor2/iNat348046.ogg,0
rufhor2/XC454946.ogg,4
rufhor2/XC418809.ogg,1
rufhor2/XC616376.ogg,4
rufhor2/XC391815.ogg,3
rufhor2/iNat376863.ogg,4
rufhor2/iNat1372713.ogg,3
rufhor2/iNat874671.ogg,4
rufhor2/iNat345764.ogg,3
rufhor2/XC114244.ogg,4
rufhor2/XC833946.ogg,3
rufhor2/XC393692.ogg,1
rufhor2/iNat1705880.ogg,0
rufhor2/iNat397572.ogg,0
rufhor2/XC272247.ogg,1
rufhor2/XC272186.ogg,1
rufhor2/XC272103.ogg,1
rufhor2/iNat1732705.ogg,4
rufhor2/iNat1653980.ogg,4
rufhor2/XC879302.ogg,3
rufhor2/iNat1265879.ogg,4
rufhor2/XC80809.ogg,1
rufhor2/XC336363.ogg,4
rufhor2/XC80808.ogg,1
rufhor2/XC169973.ogg,4
rufhor2/XC407340.ogg,2
rufhor2/XC863820.ogg,2
rufhor2/XC47629.ogg,3
rufhor2/XC155706.ogg,0
rufhor2/XC351054.ogg,4
rufhor2/XC289545.ogg,2
rufhor2/iNat1437782.ogg,1
rufhor2/XC2244.ogg,0
rufhor2/iNat75871.ogg,1
rufhor2/iNat1379725.ogg,1
rufhor2/iNat1002822.ogg,1
rufhor2/iNat851191.ogg,1
rufhor2/iNat1423043.ogg,0
rufhor2/XC674067.ogg,3
rufhor2/iNat999005.ogg,4
rufhor2/XC2742.ogg,0
rufhor2/iNat1411706.ogg,1
rufhor2/iNat1414434.ogg,1
rufhor2/XC9570.ogg,3
rufhor2/XC9571.ogg,3
rufhor2/XC811938.ogg,2
rufhor2/XC2176.ogg,0
rufhor2/XC272301.ogg,1
rufhor2/XC124537.ogg,3
rufhor2/XC123673.ogg,3
rufhor2/XC123638.ogg,3
rufhor2/XC720697.ogg,3
rufhor2/XC654347.ogg,3
rufhor2/XC654344.ogg,3
rufhor2/XC834080.ogg,3
rufhor2/XC834079.ogg,3
rufhor2/iNat1631930.ogg,3
rufhor2/XC872654.ogg,2
rufhor2/XC872643.ogg,2
rufhor2/XC699811.ogg,2
rufhor2/XC699810.ogg,2
rufhor2/XC298311.ogg,1
rufhor2/XC498207.ogg,2
rufhor2/XC609696.ogg,2
rufhor2/XC279555.ogg,1
rufhor2/XC272296.ogg,1
rufhor2/XC80810.ogg,1
rufhor2/XC80812.ogg,1
rufhor2/XC50098.ogg,3
rufhor2/XC381849.ogg,1
rufhor2/XC800253.ogg,2
rufhor2/XC931759.ogg,2
rufhor2/XC921848.ogg,2
rufhor2/XC524949.ogg,3
rufhor2/XC171681.ogg,3
rufhor2/XC896232.ogg,0
rufhor2/XC737044.ogg,2
rufhor2/XC736995.ogg,2
rufhor2/iNat1164107.ogg,1
rufhor2/XC699634.ogg,2
rufhor2/XC419529.ogg,0
rufhor2/iNat152119.ogg,2
rufhor2/XC674836.ogg,2
rufhor2/iNat572214.ogg,1
rufhor2/iNat784800.ogg,1
rufhor2/iNat428521.ogg,1
rufhor2/iNat428522.ogg,1
rufhor2/iNat151275.ogg,1
rufhor2/iNat138421.ogg,1
rufhor2/iNat852398.ogg,4
rufhor2/iNat62119.ogg,2
rufhor2/iNat161585.ogg,1
rufhor2/XC1053496.ogg,3
rufhor2/XC393401.ogg,1
rufhor2/XC393150.ogg,1
rufhor2/XC704769.ogg,3
rufhor2/XC704767.ogg,3
rufhor2/XC2755.ogg,0
rufhor2/XC704771.ogg,3
rufhor2/XC443119.ogg,1
rufhor2/XC413526.ogg,2
rufhor2/XC704765.ogg,3
rufhor2/XC704763.ogg,3
rufhor2/XC704762.ogg,3
rufhor2/XC704759.ogg,3
rufhor2/XC704757.ogg,3
rufhor2/XC704754.ogg,3
rufhor2/XC704749.ogg,3
rufhor2/XC704745.ogg,3
rufhor2/XC704760.ogg,3
rufhor2/XC789014.ogg,2
rufhor2/XC80811.ogg,1
rufhor2/iNat1289853.ogg,4
rufhor2/XC127173.ogg,1
rufhor2/XC1035764.ogg,2
rufnig1/XC440799.ogg,4
rufnig1/XC141508.ogg,1
rufnig1/iNat1231827.ogg,1
rufnig1/iNat1360055.ogg,3
rufnig1/XC336726.ogg,4
rufnig1/XC645524.ogg,1
rufnig1/iNat1459454.ogg,3
rufnig1/iNat1459453.ogg,3
rufnig1/iNat40821.ogg,3
rufnig1/iNat1203023.ogg,3
rufnig1/iNat364757.ogg,0
rufnig1/iNat828162.ogg,4
rufnig1/XC834888.ogg,4
rufnig1/iNat823382.ogg,4
rufnig1/XC399496.ogg,3
rufnig1/iNat563547.ogg,4
rufnig1/XC690791.ogg,3
rufnig1/XC690790.ogg,3
rufnig1/XC504466.ogg,0
rufnig1/XC503433.ogg,3
rufnig1/XC448143.ogg,3
rufnig1/iNat1244090.ogg,1
rufnig1/iNat1244093.ogg,1
rufnig1/iNat546173.ogg,4
rufnig1/iNat549787.ogg,4
rufnig1/iNat621582.ogg,3
rufnig1/iNat831316.ogg,1
rufnig1/XC831464.ogg,0
rufnig1/XC944334.ogg,3
rufnig1/iNat1390502.ogg,3
rufnig1/XC12462.ogg,3
rufnig1/XC942940.ogg,0
rufnig1/XC942939.ogg,0
rufnig1/XC1033118.ogg,4
rufnig1/XC431970.ogg,4
rufnig1/iNat796113.ogg,0
rufnig1/iNat796862.ogg,0
rufnig1/XC585442.ogg,3
rufnig1/XC585441.ogg,3
rufnig1/XC202794.ogg,4
rufnig1/XC809104.ogg,1
rufnig1/XC657547.ogg,1
rufnig1/XC1064448.ogg,3
rufnig1/XC493291.ogg,2
rufnig1/XC472084.ogg,3
rufnig1/iNat799154.ogg,3
rufnig1/XC51582.ogg,3
rufnig1/XC51581.ogg,3
rufnig1/iNat177924.ogg,0
rufnig1/XC723663.ogg,1
rufnig1/XC304384.ogg,0
rufnig1/XC1006020.ogg,3
rufnig1/XC744392.ogg,4
rufnig1/XC184568.ogg,1
rufnig1/iNat1069577.ogg,2
rufnig1/XC1018884.ogg,1
rufnig1/XC838522.ogg,2
rufnig1/XC607923.ogg,4
rufnig1/XC296774.ogg,0
rufnig1/XC706290.ogg,3
rufnig1/XC748079.ogg,0
rufnig1/XC2732.ogg,0
rufnig1/XC437664.ogg,2
rufnig1/XC743974.ogg,2
rufnig1/XC1019623.ogg,2
rufnig1/XC1019622.ogg,2
rufnig1/XC572938.ogg,2
rufnig1/XC415457.ogg,2
rufnig1/XC415456.ogg,2
rufnig1/XC728394.ogg,2
rufnig1/XC387948.ogg,4
rufnig1/XC935963.ogg,3
rufnig1/XC933337.ogg,3
rufnig1/XC1038665.ogg,3
rufnig1/XC923333.ogg,3
rufnig1/XC1049631.ogg,3
rufnig1/XC1051705.ogg,3
rufnig1/XC833304.ogg,3
rufnig1/XC833295.ogg,3
rufnig1/XC837277.ogg,3
rufnig1/XC844091.ogg,3
rufnig1/XC952321.ogg,1
rufnig1/XC496555.ogg,3
rufnig1/XC834024.ogg,3
rufnig1/XC511763.ogg,0
rufnig1/XC84970.ogg,1
rufnig1/XC432331.ogg,2
rufnig1/XC722026.ogg,2
rufnig1/XC722012.ogg,2
rufnig1/XC717565.ogg,2
rufnig1/XC760332.ogg,2
rufnig1/XC760333.ogg,2
rufnig1/XC838561.ogg,2
rufnig1/XC901190.ogg,2
rufnig1/XC924724.ogg,4
rufnig1/iNat1228947.ogg,1
rufnig1/XC530515.ogg,3
rufnig1/XC728462.ogg,2
rufnig1/XC585128.ogg,3
rufnig1/XC323265.ogg,1
rufnig1/XC167119.ogg,0
rufnig1/iNat554640.ogg,2
rufnig1/XC737763.ogg,2
rufnig1/XC595110.ogg,3
rufnig1/XC983215.ogg,1
rufnig1/iNat1735651.ogg,0
rufnig1/iNat1735652.ogg,0
rufnig1/XC131499.ogg,4
rufnig1/XC84971.ogg,1
rufnig1/XC329868.ogg,2
rufnig1/XC427078.ogg,2
rufnig1/iNat848426.ogg,3
rufnig1/XC944048.ogg,2
rufnig1/XC257050.ogg,2
rufnig1/XC343030.ogg,0
rufnig1/XC343028.ogg,0
rufnig1/iNat1657250.ogg,0
rufnig1/XC883493.ogg,2
rufnig1/XC599031.ogg,3
rufnig1/XC556137.ogg,2
rufnig1/iNat145187.ogg,4
rufnig1/XC430029.ogg,2
rufnig1/XC427077.ogg,2
rufnig1/iNat284631.ogg,0
rufnig1/XC196404.ogg,2
rufnig1/iNat1212373.ogg,2
rufnig1/iNat1212515.ogg,2
rufnig1/iNat1212379.ogg,2
rufnig1/iNat1212495.ogg,2
rufnig1/iNat1212524.ogg,2
rufnig1/iNat1212439.ogg,2
rufnig1/iNat1212497.ogg,2
rufnig1/iNat1212459.ogg,2
rufnig1/iNat1212408.ogg,2
rufnig1/iNat1212389.ogg,2
rufnig1/iNat1166574.ogg,2
rufnig1/iNat1166564.ogg,2
rufnig1/iNat1166578.ogg,2
rufnig1/iNat1166579.ogg,2
rufnig1/iNat1166566.ogg,2
rufnig1/iNat1166565.ogg,2
rufnig1/iNat1166577.ogg,2
rufnig1/iNat1166570.ogg,2
rufnig1/iNat1166576.ogg,2
rufnig1/iNat1166568.ogg,2
rufnig1/iNat1175471.ogg,4
rufnig1/iNat1175473.ogg,4
rufnig1/iNat1175478.ogg,4
rufnig1/iNat1175484.ogg,4
rufnig1/iNat1177370.ogg,4
rufnig1/iNat1177372.ogg,4
rufnig1/iNat1177373.ogg,4
rufnig1/iNat1177374.ogg,4
rufnig1/iNat1175452.ogg,4
rufnig1/iNat1175456.ogg,4
rufnig1/iNat1175461.ogg,4
rufnig1/iNat1175465.ogg,4
rufnig1/iNat1166447.ogg,2
rufnig1/iNat1166452.ogg,2
rufnig1/iNat1166455.ogg,2
rufnig1/iNat1166459.ogg,2
rufnig1/iNat1166465.ogg,2
rufnig1/iNat1166472.ogg,2
rufnig1/iNat1166475.ogg,2
rufnig1/iNat1212611.ogg,2
rufnig1/iNat1212612.ogg,2
rufnig1/iNat1168703.ogg,2
rufnig1/iNat1212675.ogg,2
rufnig1/iNat1212653.ogg,2
rufnig1/iNat1212691.ogg,2
rufnig1/iNat1212708.ogg,2
rufnig1/iNat1212634.ogg,2
rufnig1/iNat1212659.ogg,2
rufnig1/iNat1212674.ogg,2
rufnig1/iNat1212702.ogg,2
rufnig1/iNat1212642.ogg,2
rufnig1/iNat1212678.ogg,2
rufnig1/iNat1212603.ogg,2
rufnig1/iNat1212604.ogg,2
rufnig1/iNat1212605.ogg,2
rufnig1/iNat1212606.ogg,2
rufnig1/iNat1212607.ogg,2
rufnig1/iNat1212608.ogg,2
rufnig1/iNat1212610.ogg,2
rufnig1/iNat1212609.ogg,2
rufnig1/iNat1166673.ogg,2
rufnig1/iNat1166666.ogg,2
rufnig1/iNat1166662.ogg,2
rufnig1/iNat1166661.ogg,2
rufnig1/iNat1166658.ogg,2
rufnig1/iNat1166747.ogg,2
rufnig1/iNat1166751.ogg,2
rufnig1/iNat1166769.ogg,2
rufnig1/iNat1166752.ogg,2
rufnig1/iNat1166755.ogg,2
rufnig1/iNat1166758.ogg,2
rufnig1/iNat1166759.ogg,2
rufnig1/iNat1166744.ogg,2
rufnig1/iNat1166756.ogg,2
rufnig1/iNat1166753.ogg,2
rufnig1/iNat1166641.ogg,2
rufnig1/iNat1166640.ogg,2
rufnig1/iNat1166639.ogg,2
rufnig1/iNat1212623.ogg,2
rufnig1/iNat1212624.ogg,2
rufnig1/iNat1212614.ogg,2
rufnig1/iNat1212627.ogg,2
rufnig1/iNat1212620.ogg,2
rufnig1/iNat1212621.ogg,2
rufnig1/iNat1212616.ogg,2
rufnig1/iNat1212615.ogg,2
rufnig1/iNat1212628.ogg,2
rufnig1/iNat1212618.ogg,2
rufnig1/iNat1166837.ogg,2
rufnig1/iNat1166832.ogg,2
rufnig1/iNat1166830.ogg,2
rufnig1/iNat1166828.ogg,2
rufnig1/iNat1166826.ogg,2
rufnig1/iNat1166823.ogg,2
rufnig1/iNat1166819.ogg,2
rufnig1/iNat1166514.ogg,2
rufnig1/iNat1166515.ogg,2
rufnig1/iNat1166538.ogg,2
rufnig1/iNat1166553.ogg,2
rufnig1/iNat1166921.ogg,2
rufnig1/iNat1166916.ogg,2
rufnig1/iNat1166912.ogg,2
rufnig1/iNat517155.ogg,0
rufnig1/XC255559.ogg,4
rufnig1/XC494090.ogg,2
rufnig1/XC1067291.ogg,3
rufnig1/XC442178.ogg,3
rufnig1/XC859022.ogg,2
rufnig1/XC859023.ogg,2
rufnig1/iNat790377.ogg,2
rufnig1/XC540496.ogg,3
rufnig1/iNat406397.ogg,3
rufnig1/XC399709.ogg,2
rufnig1/XC410253.ogg,2
rufnig1/XC410252.ogg,2
rufnig1/iNat470804.ogg,0
rufnig1/XC538287.ogg,2
rufnig1/XC405410.ogg,2
rufnig1/iNat584890.ogg,3
rufnig1/iNat584891.ogg,3
rufnig1/iNat596086.ogg,3
rufnig1/iNat1435896.ogg,2
rufnig1/iNat1435894.ogg,2
rufnig1/iNat896890.ogg,2
rufnig1/iNat641378.ogg,2
rufnig1/XC452371.ogg,3
rufnig1/iNat1359140.ogg,4
rufnig1/XC9443.ogg,3
rufnig1/XC9442.ogg,3
rufnig1/XC9444.ogg,3
rufnig1/XC9441.ogg,3
ruftho1/iNat149766.ogg,4
ruftho1/XC48321.ogg,4
ruftho1/XC29258.ogg,3
ruftho1/XC29256.ogg,3
ruftho1/XC29259.ogg,3
ruftho1/XC29257.ogg,3
ruftho1/XC34543.ogg,3
ruftho1/XC724872.ogg,1
ruftho1/XC471119.ogg,3
ruftho1/XC52170.ogg,3
ruftho1/iNat397584.ogg,0
ruftho1/XC145506.ogg,1
ruftho1/XC854878.ogg,2
ruftho1/iNat345580.ogg,3
ruftho1/XC114242.ogg,4
ruftho1/XC304381.ogg,0
ruftho1/XC996122.ogg,3
ruftho1/XC427754.ogg,2
ruftho1/XC1030251.ogg,3
ruftho1/XC178084.ogg,1
ruftho1/XC173345.ogg,2
ruftho1/XC732173.ogg,4
ruftho1/XC1017636.ogg,3
ruftho1/XC169872.ogg,4
ruftho1/XC1067277.ogg,1
ruftho1/XC1067276.ogg,1
ruftho1/XC658635.ogg,1
ruftho1/XC423028.ogg,0
ruftho1/XC350960.ogg,4
ruftho1/XC155479.ogg,0
ruftho1/XC832949.ogg,2
ruftho1/XC832943.ogg,2
ruftho1/XC832942.ogg,2
ruftho1/XC325586.ogg,1
ruftho1/XC146472.ogg,1
ruftho1/XC439198.ogg,2
ruftho1/XC720693.ogg,3
ruftho1/XC439755.ogg,1
ruftho1/XC419251.ogg,0
ruftho1/XC419249.ogg,0
ruftho1/XC2364.ogg,0
ruftho1/XC2366.ogg,0
ruftho1/XC2365.ogg,0
ruftho1/XC415459.ogg,2
ruftho1/XC427757.ogg,2
ruftho1/XC760314.ogg,2
ruftho1/XC797236.ogg,2
ruftho1/XC797235.ogg,2
ruftho1/XC752774.ogg,3
ruftho1/XC256714.ogg,1
ruftho1/XC256713.ogg,1
ruftho1/XC277463.ogg,1
ruftho1/XC80845.ogg,1
ruftho1/XC80800.ogg,1
ruftho1/XC127174.ogg,1
ruftho1/XC320679.ogg,1
ruftho1/XC1017689.ogg,3
ruftho1/XC697463.ogg,2
ruftho1/XC521964.ogg,3
ruftho1/XC118699.ogg,3
ruftho1/iNat1338080.ogg,3
ruftho1/iNat196103.ogg,3
ruftho1/iNat196953.ogg,3
ruftho1/iNat393921.ogg,3
ruftho1/iNat399829.ogg,3
ruftho1/XC427756.ogg,2
ruftho1/XC427755.ogg,2
ruftho1/XC786340.ogg,2
ruftho1/iNat1196754.ogg,3
ruftho1/iNat1196755.ogg,3
ruftho1/XC181069.ogg,4
ruftho1/XC446776.ogg,0
ruftho1/XC47768.ogg,3
ruftho1/XC543064.ogg,1
ruftho1/XC856001.ogg,4
ruftho1/XC856000.ogg,4
ruftho1/XC296855.ogg,4
ruftho1/XC264536.ogg,4
ruftho1/XC276344.ogg,1
ruftho1/XC258166.ogg,4
ruftho1/XC823122.ogg,1
ruftho1/XC1019052.ogg,4
ruftho1/XC250430.ogg,3
ruftho1/XC250429.ogg,3
ruftho1/XC250428.ogg,3
ruftho1/XC251316.ogg,3
ruftho1/XC209780.ogg,4
ruftho1/XC258165.ogg,4
ruftho1/XC264537.ogg,4
ruftho1/XC341442.ogg,0
ruftho1/XC521004.ogg,3
ruftho1/XC974446.ogg,3
ruftho1/XC974442.ogg,3
ruftho1/XC974129.ogg,3
ruftho1/XC974119.ogg,3
ruftho1/XC711636.ogg,3
ruftho1/XC838750.ogg,1
ruftho1/XC661066.ogg,1
ruftof1/XC757599.ogg,3
ruftof1/XC757600.ogg,3
ruftof1/XC594649.ogg,1
ruftof1/XC589395.ogg,1
ruftof1/XC704305.ogg,0
ruftof1/XC304404.ogg,0
ruftof1/XC295385.ogg,0
ruftof1/XC1000942.ogg,3
ruftof1/iNat397322.ogg,0
ruftof1/XC81695.ogg,1
ruftof1/XC739195.ogg,4
ruftof1/XC738465.ogg,4
ruftof1/XC738464.ogg,4
ruftof1/XC283998.ogg,1
ruftof1/XC283997.ogg,1
ruftof1/XC2579.ogg,0
ruftof1/XC665922.ogg,2
ruftof1/XC809960.ogg,2
ruftof1/XC809936.ogg,2
ruftof1/XC711250.ogg,2
ruftof1/XC128578.ogg,3
ruftof1/XC657809.ogg,3
ruftof1/XC550392.ogg,3
ruftof1/XC437661.ogg,2
ruftof1/XC437660.ogg,2
ruftof1/XC880836.ogg,2
ruftof1/XC747357.ogg,2
ruftof1/XC763707.ogg,2
ruftof1/XC995226.ogg,2
ruftof1/XC965402.ogg,2
ruftof1/XC965396.ogg,2
ruftof1/XC428172.ogg,1
ruftof1/XC800721.ogg,2
ruftof1/XC961360.ogg,2
ruftof1/XC960461.ogg,2
ruftof1/XC413488.ogg,2
ruftof1/XC414204.ogg,2
ruftof1/XC414203.ogg,2
ruftof1/XC174774.ogg,3
ruftof1/XC484639.ogg,2
ruftof1/XC738932.ogg,2
ruftof1/XC699629.ogg,2
ruftof1/XC734439.ogg,2
ruftof1/XC699617.ogg,2
ruftof1/XC785297.ogg,2
ruftof1/XC695927.ogg,2
ruftof1/XC432368.ogg,2
ruftof1/XC1064100.ogg,3
ruftof1/XC178511.ogg,1
ruftof1/XC174044.ogg,2
ruftof1/XC572966.ogg,2
ruftof1/XC722087.ogg,2
ruftof1/XC1945.ogg,0
ruftof1/XC1921.ogg,0
ruftof1/XC901140.ogg,2
ruftof1/XC901443.ogg,2
ruftof1/XC898293.ogg,2
ruftof1/XC898292.ogg,2
ruftof1/XC965467.ogg,3
ruftof1/iNat142864.ogg,4
ruftof1/XC10818.ogg,3
ruftof1/XC154783.ogg,1
ruftof1/XC332207.ogg,0
ruftof1/XC332205.ogg,0
ruftof1/XC20679.ogg,3
ruftof1/XC119089.ogg,3
ruftof1/XC556517.ogg,2
ruftof1/XC646811.ogg,3
ruftof1/XC806620.ogg,3
ruftof1/XC794828.ogg,3
ruftof1/XC323647.ogg,1
ruftof1/XC81726.ogg,1
ruftof1/XC705495.ogg,0
ruftof1/XC384494.ogg,1
ruftof1/XC1011798.ogg,4
ruftof1/XC187729.ogg,1
ruftof1/XC435895.ogg,4
ruftof1/XC435894.ogg,4
ruftof1/XC452952.ogg,4
ruftof1/XC440625.ogg,4
ruftof1/XC452939.ogg,4
ruftof1/XC1011713.ogg,1
ruftof1/XC1064619.ogg,4
ruftof1/XC1064618.ogg,4
ruftof1/XC249894.ogg,3
ruftof1/XC258790.ogg,4
ruftof1/XC258789.ogg,4
ruftof1/XC260907.ogg,0
ruftof1/XC249852.ogg,3
ruftof1/XC282821.ogg,4
ruftof1/XC579191.ogg,2
ruftof1/XC579192.ogg,2
ruftof1/XC249590.ogg,3
ruftof1/XC191780.ogg,3
ruftof1/XC890485.ogg,1
ruftof1/XC890491.ogg,1
ruftof1/XC591106.ogg,1
ruftof1/XC591107.ogg,1
rumfly1/XC746643.ogg,3
rumfly1/XC147694.ogg,1
rumfly1/XC778754.ogg,1
rumfly1/XC872931.ogg,1
rumfly1/iNat524534.ogg,0
rumfly1/iNat524263.ogg,1
rumfly1/iNat1734627.ogg,0
rumfly1/XC513660.ogg,0
rumfly1/XC304401.ogg,0
rumfly1/XC304400.ogg,0
rumfly1/XC304402.ogg,0
rumfly1/XC427664.ogg,2
rumfly1/iNat396695.ogg,0
rumfly1/iNat1703765.ogg,4
rumfly1/XC82269.ogg,1
rumfly1/XC699678.ogg,2
rumfly1/XC145414.ogg,1
rumfly1/XC737438.ogg,2
rumfly1/XC737437.ogg,2
rumfly1/XC288547.ogg,2
rumfly1/XC123674.ogg,3
rumfly1/XC123644.ogg,3
rumfly1/XC654348.ogg,3
rumfly1/XC419092.ogg,2
rumfly1/XC599444.ogg,2
rumfly1/XC301611.ogg,1
rumfly1/XC804030.ogg,2
rumfly1/XC746475.ogg,2
rumfly1/XC407706.ogg,2
rumfly1/iNat1655192.ogg,4
rumfly1/iNat798311.ogg,3
rumfly1/XC800373.ogg,2
rumfly1/XC918663.ogg,2
rumfly1/XC113473.ogg,1
rumfly1/XC466586.ogg,4
rumfly1/XC737031.ogg,2
rumfly1/XC857500.ogg,2
rumfly1/XC706945.ogg,2
rumfly1/XC699659.ogg,2
rumfly1/XC387956.ogg,4
rumfly1/XC952264.ogg,1
rumfly1/XC393146.ogg,1
rumfly1/XC704017.ogg,3
rumfly1/XC377335.ogg,0
rumfly1/XC2752.ogg,0
rumfly1/XC174029.ogg,2
rumfly1/XC704015.ogg,3
rumfly1/XC704016.ogg,3
rumfly1/XC790457.ogg,2
rumfly1/XC407709.ogg,2
rumfly1/XC837891.ogg,2
rumfly1/XC901431.ogg,2
rumfly1/XC898414.ogg,2
rumfly1/XC2329.ogg,0
rumfly1/XC2265.ogg,0
rumfly1/XC789520.ogg,2
rumfly1/XC188843.ogg,0
rumfly1/XC962957.ogg,3
rumfly1/XC995240.ogg,2
rumfly1/XC755191.ogg,2
rumfly1/XC429281.ogg,3
rumfly1/XC118868.ogg,3
rumfly1/XC339479.ogg,1
rumfly1/iNat1643017.ogg,2
rumfly1/XC433185.ogg,3
rumfly1/XC129961.ogg,3
rumfly1/XC708776.ogg,3
rumfly1/XC437961.ogg,3
rumfly1/XC394781.ogg,1
rumfly1/XC898389.ogg,3
rumfly1/XC167312.ogg,3
rumfly1/XC537847.ogg,0
rumfly1/XC536761.ogg,0
rumfly1/XC821797.ogg,2
rumfly1/XC816899.ogg,2
rumfly1/XC816886.ogg,2
rumfly1/XC1035660.ogg,2
rumfly1/XC1035625.ogg,2
rumfly1/XC1035624.ogg,2
rumfly1/XC427665.ogg,2
rumfly1/XC817021.ogg,2
rumfly1/XC768805.ogg,2
rumfly1/XC817229.ogg,2
rumfly1/XC769558.ogg,2
rumfly1/XC769485.ogg,2
rumfly1/XC883503.ogg,2
rumfly1/XC210835.ogg,1
rumfly1/XC323862.ogg,1
rumfly1/iNat1273561.ogg,3
rumfly1/XC830854.ogg,2
rumfly1/XC303294.ogg,1
rumfly1/XC753415.ogg,2
rumfly1/iNat1439983.ogg,4
rumfly1/iNat1243769.ogg,3
rumfly1/XC974567.ogg,2
rumfly1/XC974373.ogg,2
rumfly1/XC974460.ogg,2
rumfly1/XC974396.ogg,2
rumfly1/iNat1292595.ogg,1
rumfly1/iNat1292596.ogg,1
rumfly1/iNat346956.ogg,0
rumfly1/iNat1484978.ogg,3
rumfly1/XC259002.ogg,4
rumfly1/XC845098.ogg,1
rumfly1/XC845097.ogg,1
rumfly1/XC792399.ogg,3
rumfly1/XC837046.ogg,1
rumfly1/XC836863.ogg,1
rumfly1/XC843950.ogg,1
rumfly1/XC118234.ogg,3
rumfly1/XC169040.ogg,1
rumfly1/XC158448.ogg,1
rumfly1/XC11283.ogg,3
rumfly1/XC259003.ogg,4
rumfly1/XC933270.ogg,0
rumfly1/XC333230.ogg,3
rumfly1/iNat148029.ogg,4
rumfly1/XC495468.ogg,3
rumfly1/XC128451.ogg,4
rumfly1/XC495469.ogg,3
rumfly1/XC845076.ogg,1
rumfly1/XC217484.ogg,4
rumfly1/XC1001088.ogg,0
rumfly1/XC858722.ogg,1
rumfly1/XC390712.ogg,4
rumfly1/XC251202.ogg,3
rumfly1/XC1067284.ogg,3
rumfly1/XC120669.ogg,1
rumfly1/XC262245.ogg,1
rumfly1/XC262244.ogg,1
rumfly1/XC262243.ogg,1
rumfly1/XC262242.ogg,1
rumfly1/XC275464.ogg,0
rumfly1/XC248260.ogg,3
rumfly1/XC248259.ogg,3
rumfly1/XC248173.ogg,3
rumfly1/XC248166.ogg,3
rumfly1/XC248165.ogg,3
rumfly1/XC303194.ogg,3
rumfly1/XC939954.ogg,2
rumfly1/XC939924.ogg,2
rumfly1/XC939923.ogg,2
rumfly1/XC148307.ogg,3
rumfly1/XC697638.ogg,1
rumfly1/XC210836.ogg,1
rumfly1/XC977046.ogg,3
rumfly1/XC987967.ogg,3
rumfly1/XC609264.ogg,4
rumfly1/XC437830.ogg,1
rumfly1/XC549490.ogg,3
rumfly1/XC1041027.ogg,1
rumfly1/XC946163.ogg,4
rumfly1/XC946161.ogg,4
rumfly1/XC456415.ogg,4
rumfly1/iNat71924.ogg,1
rumfly1/iNat81164.ogg,1
rumfly1/XC127205.ogg,4
rumfly1/XC127204.ogg,4
rumfly1/XC561663.ogg,4
rumfly1/XC468186.ogg,4
rumfly1/XC566752.ogg,4
rumfly1/XC566751.ogg,4
rumfly1/XC544560.ogg,4
rumfly1/XC543427.ogg,4
rumfly1/XC541901.ogg,4
rumfly1/XC540380.ogg,4
rumfly1/XC533974.ogg,4
rumfly1/iNat865422.ogg,0
rumfly1/XC975736.ogg,3
rumfly1/XC975740.ogg,3
rumfly1/XC716456.ogg,2
rumfly1/XC423695.ogg,2
rumfly1/XC572757.ogg,4
rumfly1/XC439770.ogg,2
rumfly1/XC664402.ogg,2
rumfly1/XC433202.ogg,0
rumfly1/XC913410.ogg,2
rumfly1/XC520902.ogg,2
rumfly1/XC128468.ogg,4
rumfly1/XC1031658.ogg,3
rumfly1/XC508234.ogg,4
rumfly1/XC508233.ogg,4
rumfly1/XC410473.ogg,4
rumfly1/XC461014.ogg,0
rumfly1/XC461013.ogg,0
rumfly1/XC607767.ogg,4
rumfly1/XC484431.ogg,4
rumfly1/XC459230.ogg,0
rumfly1/iNat577878.ogg,3
rumfly1/iNat577880.ogg,3
rumfly1/iNat769259.ogg,3
rumfly1/iNat1419464.ogg,3
rumfly1/iNat1008688.ogg,3
rumfly1/iNat1412176.ogg,3
rumfly1/iNat1412177.ogg,3
rumfly1/XC816665.ogg,0
rumfly1/XC457252.ogg,0
rumfly1/XC878610.ogg,3
rumfly1/XC825890.ogg,3
rumfly1/XC573791.ogg,0
rumfly1/XC777376.ogg,2
rumfly1/XC388413.ogg,3
rumfly1/XC244839.ogg,2
rumfly1/XC244949.ogg,2
rumfly1/XC532376.ogg,3
rumfly1/XC532375.ogg,3
rumfly1/XC532374.ogg,3
rumfly1/XC420112.ogg,2
rumfly1/XC401274.ogg,3
rumfly1/iNat73206.ogg,2
rumfly1/iNat52946.ogg,0
rumfly1/XC901836.ogg,3
rumfly1/XC813769.ogg,2
rumfly1/XC148074.ogg,3
rumfly1/XC374407.ogg,1
rumfly1/XC156308.ogg,3
rumfly1/XC156306.ogg,3
rumfly1/XC153170.ogg,3
rumfly1/iNat681531.ogg,2
rumfly1/iNat681481.ogg,2
rumfly1/XC432827.ogg,4
rumfly1/XC433513.ogg,3
rumfly1/XC332146.ogg,4
rumfly1/XC332145.ogg,4
rumfly1/XC197488.ogg,4
rumfly1/XC197492.ogg,4
rumfly1/XC9196.ogg,3
rumfly1/XC857005.ogg,1
rumfly1/XC857004.ogg,1
rumfly1/XC950049.ogg,4
rumfly1/XC387068.ogg,1
rumfly1/XC387881.ogg,1
rumfly1/XC65918.ogg,1
rumfly1/XC56458.ogg,4
rumfly1/XC374701.ogg,2
rumfly1/iNat38919.ogg,4
rumfly1/XC454266.ogg,4
rumfly1/XC56459.ogg,4
rumfly1/XC406578.ogg,2
rumfly1/XC464412.ogg,0
rumfly1/XC456638.ogg,4
rumfly1/iNat183982.ogg,2
rumfly1/iNat183991.ogg,2
rumfly1/iNat196523.ogg,2
rumfly1/XC360727.ogg,1
rumfly1/XC360378.ogg,1
rumfly1/iNat1131423.ogg,2
ruther1/iNat682015.ogg,2
ruther1/XC512534.ogg,2
ruther1/iNat621680.ogg,3
ruther1/XC395182.ogg,3
ruther1/XC973329.ogg,2
ruther1/XC368384.ogg,2
ruther1/iNat1460182.ogg,4
ruther1/XC458068.ogg,3
ruther1/XC176913.ogg,1
ruther1/iNat1000641.ogg,0
ruther1/iNat1000643.ogg,0
ruther1/XC365183.ogg,3
ruther1/XC300941.ogg,3
ruther1/XC743056.ogg,4
ruther1/XC415203.ogg,2
ruther1/XC300940.ogg,3
ruther1/XC300938.ogg,3
ruther1/XC300937.ogg,3
ruther1/XC300939.ogg,3
ruther1/XC819373.ogg,4
ruther1/XC451336.ogg,0
ruther1/XC593187.ogg,1
ruther1/XC593186.ogg,1
ruther1/XC770313.ogg,0
ruther1/XC251886.ogg,3
ruther1/XC243694.ogg,3
ruther1/XC691247.ogg,1
ruther1/XC496105.ogg,0
ruther1/XC52205.ogg,3
ruther1/XC178070.ogg,1
ruther1/XC708677.ogg,0
ruther1/iNat1309747.ogg,4
ruther1/iNat1309744.ogg,4
ruther1/XC681215.ogg,2
ruther1/XC657827.ogg,3
ruther1/XC657821.ogg,3
ruther1/XC550366.ogg,2
ruther1/XC534094.ogg,2
ruther1/XC648839.ogg,2
ruther1/iNat514294.ogg,4
ruther1/XC896253.ogg,0
ruther1/XC896252.ogg,0
ruther1/XC2753.ogg,0
ruther1/XC702231.ogg,4
ruther1/XC702225.ogg,4
ruther1/XC1064549.ogg,4
ruther1/XC1064547.ogg,4
ruther1/XC1064538.ogg,4
ruther1/XC708492.ogg,3
ruther1/XC708491.ogg,3
ruther1/XC708498.ogg,3
ruther1/XC708497.ogg,3
ruther1/XC2268.ogg,0
ruther1/XC2423.ogg,0
ruther1/XC119211.ogg,3
ruther1/XC504763.ogg,3
ruther1/XC843910.ogg,0
ruther1/XC206497.ogg,4
ruther1/XC817038.ogg,2
ruther1/XC325566.ogg,3
ruther1/XC357714.ogg,3
ruther1/XC274912.ogg,0
ruther1/XC257302.ogg,4
ruther1/XC257299.ogg,4
ruther1/XC239085.ogg,3
ruther1/XC239084.ogg,3
ruther1/XC239083.ogg,3
ruther1/XC257297.ogg,4
ruther1/XC257303.ogg,4
ruther1/XC257301.ogg,4
ruther1/XC257300.ogg,4
ruther1/XC257298.ogg,4
ruther1/XC472232.ogg,4
ruther1/XC120559.ogg,1
ruther1/XC239086.ogg,3
ruther1/XC589896.ogg,1
ruther1/XC624692.ogg,4
ruther1/XC117947.ogg,4
ruther1/XC117968.ogg,4
ruther1/XC514092.ogg,4
ruther1/iNat1483642.ogg,4
ruther1/XC972719.ogg,2
ruther1/XC116097.ogg,4
ruther1/XC174289.ogg,3
ruther1/XC943092.ogg,2
ruther1/XC221587.ogg,4
rutjac1/XC726715.ogg,2
rutjac1/XC85143.ogg,1
rutjac1/iNat596777.ogg,1
rutjac1/XC815317.ogg,3
rutjac1/XC663686.ogg,3
rutjac1/iNat278192.ogg,3
rutjac1/XC85146.ogg,1
rutjac1/XC85145.ogg,1
rutjac1/iNat366531.ogg,1
rutjac1/XC496090.ogg,0
rutjac1/XC447983.ogg,2
rutjac1/XC528018.ogg,1
rutjac1/XC769865.ogg,1
rutjac1/XC696015.ogg,1
rutjac1/XC720976.ogg,1
rutjac1/XC655057.ogg,1
rutjac1/XC133976.ogg,1
rutjac1/XC319592.ogg,1
rutjac1/XC388078.ogg,3
rutjac1/XC291481.ogg,4
rutjac1/XC278200.ogg,4
rutjac1/XC291485.ogg,4
rutjac1/XC291483.ogg,4
rutjac1/XC513633.ogg,0
rutjac1/XC576260.ogg,3
rutjac1/XC186322.ogg,0
rutjac1/XC452471.ogg,2
rutjac1/iNat1734708.ogg,0
rutjac1/XC130919.ogg,4
rutjac1/XC130918.ogg,4
rutjac1/XC130916.ogg,4
rutjac1/XC304420.ogg,0
rutjac1/XC178086.ogg,1
rutjac1/XC173323.ogg,2
rutjac1/XC348976.ogg,1
rutjac1/iNat787499.ogg,4
rutjac1/iNat1238562.ogg,4
rutjac1/iNat1412278.ogg,0
rutjac1/iNat1412282.ogg,0
rutjac1/iNat1411935.ogg,0
rutjac1/XC121548.ogg,4
rutjac1/XC169874.ogg,4
rutjac1/XC169851.ogg,4
rutjac1/XC170044.ogg,4
rutjac1/XC169852.ogg,4
rutjac1/XC247258.ogg,4
rutjac1/XC85142.ogg,1
rutjac1/XC658432.ogg,1
rutjac1/XC838393.ogg,2
rutjac1/XC838361.ogg,2
rutjac1/iNat341296.ogg,1
rutjac1/XC748088.ogg,0
rutjac1/XC403890.ogg,2
rutjac1/XC711277.ogg,2
rutjac1/XC711276.ogg,2
rutjac1/XC123677.ogg,3
rutjac1/XC657803.ogg,3
rutjac1/XC708064.ogg,2
rutjac1/XC872650.ogg,2
rutjac1/XC476475.ogg,2
rutjac1/XC476474.ogg,2
rutjac1/XC445236.ogg,2
rutjac1/XC872683.ogg,2
rutjac1/XC552804.ogg,2
rutjac1/XC741885.ogg,2
rutjac1/iNat601962.ogg,0
rutjac1/XC50370.ogg,3
rutjac1/XC963336.ogg,2
rutjac1/XC448569.ogg,2
rutjac1/XC265029.ogg,2
rutjac1/XC956623.ogg,2
rutjac1/XC252394.ogg,2
rutjac1/XC700796.ogg,2
rutjac1/XC857488.ogg,2
rutjac1/XC857548.ogg,2
rutjac1/XC748041.ogg,2
rutjac1/XC691975.ogg,2
rutjac1/XC1006657.ogg,2
rutjac1/XC1006656.ogg,2
rutjac1/iNat177307.ogg,1
rutjac1/XC393400.ogg,1
rutjac1/XC145555.ogg,1
rutjac1/XC145536.ogg,1
rutjac1/iNat1290109.ogg,4
rutjac1/XC80121.ogg,1
rutjac1/XC150502.ogg,0
rutjac1/XC705033.ogg,3
rutjac1/XC403893.ogg,2
rutjac1/XC403891.ogg,2
rutjac1/XC1949.ogg,0
rutjac1/XC315650.ogg,1
rutjac1/XC85144.ogg,1
rutjac1/XC837923.ogg,2
rutjac1/XC837915.ogg,2
rutjac1/XC837878.ogg,2
rutjac1/XC901423.ogg,2
rutjac1/XC898278.ogg,2
rutjac1/XC898249.ogg,2
rutjac1/XC2308.ogg,0
rutjac1/XC63459.ogg,1
rutjac1/XC63458.ogg,1
rutjac1/XC789015.ogg,2
rutjac1/XC789064.ogg,2
rutjac1/XC303851.ogg,1
rutjac1/XC578494.ogg,3
rutjac1/XC287566.ogg,1
rutjac1/XC233566.ogg,1
rutjac1/iNat396546.ogg,0
rutjac1/XC754909.ogg,2
rutjac1/XC341473.ogg,1
rutjac1/XC2695.ogg,0
rutjac1/XC676367.ogg,4
rutjac1/XC118855.ogg,3
rutjac1/XC697158.ogg,2
rutjac1/XC697458.ogg,2
rutjac1/XC697390.ogg,2
rutjac1/XC289787.ogg,1
rutjac1/iNat52966.ogg,4
rutjac1/XC1044943.ogg,2
rutjac1/iNat1289326.ogg,4
rutjac1/XC663839.ogg,3
rutjac1/XC342727.ogg,0
rutjac1/XC483314.ogg,3
rutjac1/XC483313.ogg,3
rutjac1/iNat193253.ogg,3
rutjac1/XC816936.ogg,2
rutjac1/XC427405.ogg,2
rutjac1/XC427404.ogg,2
rutjac1/XC427403.ogg,2
rutjac1/iNat764724.ogg,3
rutjac1/iNat843881.ogg,3
rutjac1/XC816938.ogg,2
rutjac1/XC643364.ogg,3
rutjac1/XC698619.ogg,0
rutjac1/XC428508.ogg,2
rutjac1/XC575364.ogg,4
rutjac1/iNat1259478.ogg,0
rutjac1/iNat1692252.ogg,0
rutjac1/XC119178.ogg,3
rutjac1/iNat1510219.ogg,4
rutjac1/XC844749.ogg,4
rutjac1/XC417781.ogg,3
rutjac1/XC325550.ogg,3
rutjac1/XC276007.ogg,1
rutjac1/XC238282.ogg,3
rutjac1/XC276006.ogg,1
rutjac1/XC71258.ogg,1
rutjac1/XC238283.ogg,3
rutjac1/XC186942.ogg,3
rutjac1/XC250855.ogg,3
rutjac1/XC250854.ogg,3
rutjac1/XC71120.ogg,1
rutjac1/XC6704.ogg,3
rutjac1/XC730080.ogg,2
rutjac1/XC261832.ogg,1
rutjac1/XC261831.ogg,1
rutjac1/XC261830.ogg,1
rutjac1/XC275289.ogg,0
rutjac1/XC275288.ogg,0
rutjac1/XC275287.ogg,0
rutjac1/XC275286.ogg,0
rutjac1/XC275285.ogg,0
rutjac1/XC276008.ogg,1
rutjac1/XC71466.ogg,1
rutjac1/XC148296.ogg,3
rutjac1/XC609229.ogg,4
rutjac1/XC609227.ogg,4
rutjac1/XC960307.ogg,2
rutjac1/XC960306.ogg,2
rutjac1/XC289690.ogg,4
rutjac1/XC763565.ogg,2
rutjac1/XC561654.ogg,4
rutjac1/XC560182.ogg,4
rutjac1/XC552732.ogg,4
rutjac1/XC552729.ogg,4
rutjac1/XC533985.ogg,4
rutjac1/XC420247.ogg,2
rutjac1/XC716469.ogg,2
rutjac1/XC664311.ogg,2
rutjac1/XC520575.ogg,2
rutjac1/XC520572.ogg,2
rutjac1/XC433385.ogg,0
rutjac1/XC825909.ogg,3
rutjac1/XC825886.ogg,3
rutjac1/XC388860.ogg,3
rutjac1/XC244978.ogg,2
rutjac1/XC420596.ogg,2
rutjac1/XC919376.ogg,3
rutjac1/XC439950.ogg,0
rutjac1/XC245377.ogg,4
rutjac1/XC431960.ogg,0
rutjac1/XC353393.ogg,4
rutjac1/XC246930.ogg,4
rutjac1/XC246929.ogg,4
rutjac1/XC246928.ogg,4
rutjac1/XC389685.ogg,3
rutjac1/XC298078.ogg,1
rutjac1/XC297981.ogg,4
rutjac1/XC297980.ogg,1
rutjac1/XC162287.ogg,1
rutjac1/XC402070.ogg,2
rutjac1/XC402069.ogg,2
rutjac1/iNat1235941.ogg,3
rutjac1/iNat375072.ogg,2
rutjac1/iNat375779.ogg,4
rutjac1/XC947366.ogg,4
rutjac1/XC360991.ogg,1
rutjac1/XC512048.ogg,4
rutjac1/XC166039.ogg,4
rutjac1/XC166038.ogg,4
rutjac1/XC166035.ogg,4
rutjac1/XC166445.ogg,4
rutjac1/XC955337.ogg,1
rutjac1/XC955336.ogg,1
rutjac1/XC382483.ogg,3
rutjac1/XC382459.ogg,3
rutjac1/XC494586.ogg,1
rutjac1/XC298291.ogg,1
rutjac1/XC439333.ogg,1
rutjac1/iNat1124815.ogg,2
rutjac1/XC489597.ogg,3
rutjac1/XC498089.ogg,4
rutjac1/XC489469.ogg,3
rutjac1/iNat757953.ogg,2
rutjac1/iNat1108096.ogg,2
rutjac1/iNat1108097.ogg,2
rutjac1/XC509511.ogg,1
rutjac1/iNat51568.ogg,1
rutjac1/iNat896888.ogg,2
rutjac1/iNat796817.ogg,2
rutjac1/XC56993.ogg,3
rutjac1/XC56994.ogg,3
rutjac1/XC838840.ogg,1
rutjac1/XC312915.ogg,3
rutjac1/XC387266.ogg,3
rutjac1/XC1039073.ogg,0
rutjac1/XC664267.ogg,1
rutjac1/XC744309.ogg,2
rutjac1/XC308313.ogg,4
rutjac1/XC177966.ogg,0
rutjac1/iNat70082.ogg,1
rutjac1/iNat70096.ogg,1
rutjac1/XC283487.ogg,0
rutjac1/iNat1385510.ogg,0
rutjac1/XC263522.ogg,1
rutjac1/XC286751.ogg,2
rutjac1/XC170159.ogg,0
rutjac1/XC170164.ogg,0
rutjac1/iNat727734.ogg,2
rutjac1/XC798099.ogg,1
rutjac1/XC796954.ogg,1
rutjac1/XC126158.ogg,4
rutjac1/XC126156.ogg,4
rutjac1/XC126154.ogg,4
rutjac1/XC349760.ogg,1
rutjac1/XC349758.ogg,1
rutjac1/XC798080.ogg,1
rutjac1/XC798075.ogg,1
rutjac1/iNat1491290.ogg,1
rutjac1/XC522879.ogg,1
rutjac1/XC522878.ogg,1
rutjac1/XC774204.ogg,1
rutjac1/XC28361.ogg,1
rutjac1/XC28509.ogg,1
rutjac1/XC332696.ogg,4
sabspa1/iNat326977.ogg,4
sabspa1/iNat818154.ogg,1
sabspa1/iNat321325.ogg,4
sabspa1/XC440426.ogg,1
sabspa1/iNat557891.ogg,4
sabspa1/iNat714752.ogg,3
sabspa1/iNat714753.ogg,3
sabspa1/XC363217.ogg,3
sabspa1/XC364692.ogg,3
sabspa1/iNat149417.ogg,4
sabspa1/XC457356.ogg,3
sabspa1/XC194657.ogg,0
sabspa1/XC194656.ogg,0
sabspa1/XC772649.ogg,2
sabspa1/XC84414.ogg,1
sabspa1/XC1029210.ogg,3
sabspa1/XC348501.ogg,0
sabspa1/XC518966.ogg,2
sabspa1/XC422129.ogg,2
sabspa1/XC589891.ogg,2
sabspa1/XC253763.ogg,1
sabspa1/XC600268.ogg,1
sabspa1/XC568553.ogg,1
sabspa1/XC1067632.ogg,4
sabspa1/XC768289.ogg,4
sabspa1/XC779852.ogg,1
sabspa1/XC402637.ogg,4
sabspa1/iNat321378.ogg,3
sabspa1/XC995659.ogg,3
sabspa1/XC993120.ogg,3
sabspa1/XC490735.ogg,0
sabspa1/XC490734.ogg,0
sabspa1/XC165003.ogg,2
sabspa1/XC433830.ogg,2
sabspa1/XC185722.ogg,0
sabspa1/XC185721.ogg,0
sabspa1/XC389170.ogg,4
sabspa1/XC389026.ogg,2
sabspa1/iNat1061150.ogg,0
sabspa1/iNat396181.ogg,0
sabspa1/XC844037.ogg,3
sabspa1/XC707628.ogg,0
sabspa1/XC345347.ogg,0
sabspa1/XC854901.ogg,2
sabspa1/XC844050.ogg,3
sabspa1/XC84413.ogg,1
sabspa1/XC70101.ogg,1
sabspa1/iNat1227711.ogg,4
sabspa1/iNat590757.ogg,1
sabspa1/XC158739.ogg,3
sabspa1/XC78175.ogg,0
sabspa1/XC78174.ogg,0
sabspa1/XC189510.ogg,3
sabspa1/XC738367.ogg,4
sabspa1/XC318912.ogg,1
sabspa1/XC521430.ogg,2
sabspa1/XC556144.ogg,2
sabspa1/iNat507249.ogg,4
sabspa1/XC677224.ogg,3
sabspa1/XC422128.ogg,2
sabspa1/XC388185.ogg,4
sabspa1/XC404275.ogg,3
sabspa1/XC116391.ogg,2
sabspa1/XC951964.ogg,1
sabspa1/XC952756.ogg,2
sabspa1/XC952755.ogg,2
sabspa1/XC732925.ogg,2
sabspa1/XC674576.ogg,2
sabspa1/XC731597.ogg,2
saffin/XC997647.ogg,3
saffin/iNat69303.ogg,4
saffin/iNat143109.ogg,4
saffin/iNat143110.ogg,4
saffin/iNat144880.ogg,4
saffin/iNat1290074.ogg,4
saffin/XC942584.ogg,4
saffin/XC942582.ogg,4
saffin/iNat877389.ogg,2
saffin/iNat1296559.ogg,2
saffin/iNat1719271.ogg,3
saffin/iNat1692175.ogg,3
saffin/iNat889487.ogg,3
saffin/iNat889488.ogg,3
saffin/iNat1105013.ogg,3
saffin/iNat897084.ogg,2
saffin/XC345274.ogg,2
saffin/iNat1257703.ogg,0
saffin/iNat1257702.ogg,0
saffin/iNat1257701.ogg,0
saffin/iNat1257704.ogg,0
saffin/iNat1257705.ogg,0
saffin/iNat1279091.ogg,0
saffin/iNat1282802.ogg,0
saffin/iNat1282803.ogg,0
saffin/iNat881330.ogg,2
saffin/XC47489.ogg,3
saffin/iNat1302374.ogg,4
saffin/iNat1302377.ogg,4
saffin/iNat1307561.ogg,4
saffin/iNat157525.ogg,3
saffin/iNat336128.ogg,3
saffin/iNat336124.ogg,3
saffin/iNat848856.ogg,3
saffin/XC462514.ogg,3
saffin/iNat605526.ogg,4
saffin/iNat147370.ogg,4
saffin/iNat1249187.ogg,2
saffin/iNat321537.ogg,0
saffin/iNat848039.ogg,4
saffin/iNat848040.ogg,4
saffin/iNat1682635.ogg,2
saffin/iNat586656.ogg,0
saffin/iNat848768.ogg,0
saffin/iNat849600.ogg,0
saffin/iNat338021.ogg,0
saffin/iNat580793.ogg,0
saffin/iNat339538.ogg,0
saffin/iNat556426.ogg,3
saffin/iNat910883.ogg,4
saffin/iNat852145.ogg,2
saffin/iNat1651356.ogg,2
saffin/iNat1724857.ogg,3
saffin/iNat301250.ogg,3
saffin/XC856188.ogg,0
saffin/iNat579787.ogg,4
saffin/iNat1294849.ogg,1
saffin/iNat858660.ogg,2
saffin/iNat910911.ogg,4
saffin/iNat910912.ogg,4
saffin/iNat911080.ogg,4
saffin/iNat1685571.ogg,3
saffin/iNat155857.ogg,4
saffin/iNat894127.ogg,0
saffin/iNat1315132.ogg,0
saffin/iNat1228538.ogg,2
saffin/iNat295154.ogg,2
saffin/iNat532350.ogg,0
saffin/iNat1303743.ogg,2
saffin/iNat1313823.ogg,2
saffin/iNat1292450.ogg,2
saffin/iNat532019.ogg,0
saffin/iNat335063.ogg,4
saffin/iNat1275149.ogg,0
saffin/iNat907322.ogg,0
saffin/iNat874806.ogg,0
saffin/XC50969.ogg,3
saffin/XC50968.ogg,3
saffin/XC50967.ogg,3
saffin/iNat148452.ogg,4
saffin/iNat889668.ogg,0
saffin/iNat852717.ogg,1
saffin/iNat153770.ogg,4
saffin/XC677030.ogg,2
saffin/XC708581.ogg,2
saffin/XC607187.ogg,2
saffin/XC573151.ogg,2
saffin/iNat1255179.ogg,1
saffin/iNat1685964.ogg,1
saffin/iNat1208249.ogg,1
saffin/iNat336261.ogg,3
saffin/iNat556794.ogg,1
saffin/XC630558.ogg,1
saffin/XC212769.ogg,3
saffin/XC553897.ogg,1
saffin/XC553896.ogg,1
saffin/iNat331676.ogg,3
saffin/iNat850181.ogg,0
saffin/iNat697233.ogg,3
saffin/iNat148530.ogg,4
saffin/XC826554.ogg,4
saffin/XC620754.ogg,2
saffin/iNat855306.ogg,0
saffin/iNat772228.ogg,3
saffin/iNat769071.ogg,3
saffin/iNat587298.ogg,3
saffin/iNat871742.ogg,3
saffin/iNat587006.ogg,3
saffin/iNat592628.ogg,3
saffin/iNat91506.ogg,0
saffin/XC833926.ogg,4
saffin/XC845919.ogg,3
saffin/XC210395.ogg,3
saffin/XC845921.ogg,3
saffin/XC458984.ogg,4
saffin/iNat315381.ogg,0
saffin/XC170759.ogg,1
saffin/XC620879.ogg,2
saffin/XC620684.ogg,2
saffin/XC620682.ogg,2
saffin/XC510939.ogg,3
saffin/XC898399.ogg,3
saffin/iNat330152.ogg,1
saffin/XC686600.ogg,2
saffin/XC686396.ogg,2
saffin/XC686395.ogg,2
saffin/XC686394.ogg,2
saffin/XC344621.ogg,1
saffin/XC84696.ogg,1
saffin/XC84694.ogg,1
saffin/iNat57237.ogg,0
saffin/iNat1276475.ogg,4
saffin/iNat1141717.ogg,4
saffin/XC1052997.ogg,2
saffin/XC84693.ogg,1
saffin/iNat55733.ogg,4
saffin/XC112708.ogg,1
saffin/XC197761.ogg,1
saffin/iNat148539.ogg,4
saffin/iNat1705870.ogg,3
saffin/XC70548.ogg,3
saffin/XC725026.ogg,2
saffin/iNat1664518.ogg,4
saffin/iNat1258307.ogg,4
saffin/iNat325690.ogg,4
saffin/XC345707.ogg,4
saffin/XC173705.ogg,1
saffin/XC755481.ogg,0
saffin/iNat1248889.ogg,3
saffin/iNat1209446.ogg,3
saffin/iNat988640.ogg,1
saffin/iNat354356.ogg,2
saffin/iNat455658.ogg,2
saffin/XC927017.ogg,2
saffin/iNat145877.ogg,4
saffin/XC323517.ogg,1
saffin/iNat166001.ogg,4
saffin/XC366345.ogg,3
saffin/iNat159770.ogg,4
saffin/iNat863424.ogg,0
saffin/XC551936.ogg,3
saffin/iNat850823.ogg,4
saffin/XC332194.ogg,1
saffin/XC84692.ogg,1
saffin/XC84691.ogg,1
saffin/iNat326931.ogg,3
saffin/XC397656.ogg,4
saffin/XC1025753.ogg,2
saffin/iNat1148498.ogg,2
saffin/iNat1120289.ogg,2
saffin/iNat1296829.ogg,1
saffin/iNat1448428.ogg,3
saffin/XC592030.ogg,2
saffin/iNat998321.ogg,0
saffin/XC1053969.ogg,3
saffin/iNat1688304.ogg,4
saffin/iNat1713400.ogg,1
saffin/iNat852517.ogg,3
saffin/iNat852558.ogg,3
saffin/iNat852559.ogg,3
saffin/XC554175.ogg,2
saffin/iNat576292.ogg,2
saffin/XC212725.ogg,3
saffin/XC32291.ogg,3
saffin/XC212724.ogg,3
saffin/XC325854.ogg,0
saffin/XC556590.ogg,2
saffin/iNat864030.ogg,0
saffin/XC347916.ogg,1
saffin/XC206957.ogg,1
saffin/XC209526.ogg,1
saffin/iNat1285874.ogg,0
saffin/iNat1300076.ogg,3
saffin/iNat1300148.ogg,3
saffin/XC1061030.ogg,1
saffin/iNat1505484.ogg,4
saffin/iNat1505704.ogg,4
saffin/iNat585011.ogg,4
saffin/XC342570.ogg,1
saffin/iNat1505688.ogg,4
saffin/XC632554.ogg,1
saffin/XC632553.ogg,1
saffin/XC48762.ogg,4
saffin/iNat1479045.ogg,3
saffin/iNat1720295.ogg,0
saffin/iNat1720297.ogg,0
saffin/XC549154.ogg,3
saffin/iNat1545867.ogg,3
saffin/iNat1040200.ogg,3
saffin/iNat1609436.ogg,3
saffin/iNat1224380.ogg,3
saffin/iNat346712.ogg,1
saffin/iNat1293171.ogg,0
saffin/iNat1017760.ogg,4
saffin/XC706686.ogg,1
saffin/iNat838857.ogg,4
saffin/iNat1653408.ogg,4
saffin/XC17222.ogg,3
saffin/XC291557.ogg,4
saffin/XC286818.ogg,4
saffin/XC288955.ogg,4
saffin/XC165354.ogg,1
saffin/XC530671.ogg,1
saffin/XC454938.ogg,4
saffin/XC782932.ogg,1
saffin/XC783086.ogg,1
saffin/iNat348668.ogg,3
saffin/XC521880.ogg,4
saffin/XC50970.ogg,3
saffin/XC783145.ogg,1
saffin/iNat1326429.ogg,3
saffin/XC890721.ogg,4
saffin/XC704308.ogg,0
saffin/iNat396748.ogg,0
saffin/iNat299635.ogg,0
saffin/iNat582555.ogg,4
saffin/XC419104.ogg,0
saffin/XC113880.ogg,4
saffin/iNat1450358.ogg,4
saffin/XC343093.ogg,1
saffin/XC394279.ogg,1
saffin/XC394278.ogg,1
saffin/iNat880093.ogg,0
saffin/iNat881952.ogg,0
saffin/XC173052.ogg,2
saffin/XC427952.ogg,2
saffin/XC215723.ogg,1
saffin/XC215722.ogg,1
saffin/iNat129514.ogg,1
saffin/iNat164263.ogg,1
saffin/iNat779546.ogg,4
saffin/iNat180205.ogg,3
saffin/XC325730.ogg,0
saffin/iNat1667770.ogg,1
saffin/XC84689.ogg,1
saffin/XC169965.ogg,4
saffin/XC264126.ogg,4
saffin/XC78199.ogg,0
saffin/XC1018580.ogg,1
saffin/XC353961.ogg,1
saffin/XC863815.ogg,2
saffin/XC863720.ogg,2
saffin/iNat343134.ogg,1
saffin/XC64186.ogg,1
saffin/XC1768.ogg,0
saffin/XC703835.ogg,3
saffin/XC423040.ogg,0
saffin/XC423038.ogg,0
saffin/XC127043.ogg,0
saffin/XC703834.ogg,3
saffin/XC126991.ogg,0
saffin/XC288336.ogg,2
saffin/iNat512771.ogg,1
saffin/iNat1679853.ogg,1
saffin/iNat578540.ogg,1
saffin/XC627061.ogg,3
saffin/XC683246.ogg,3
saffin/XC2744.ogg,0
saffin/XC2743.ogg,0
saffin/iNat985395.ogg,4
saffin/XC737487.ogg,2
saffin/XC811935.ogg,2
saffin/XC314166.ogg,1
saffin/XC84690.ogg,1
saffin/iNat628300.ogg,0
saffin/XC517586.ogg,1
saffin/XC708072.ogg,2
saffin/XC709774.ogg,2
saffin/XC1017275.ogg,2
saffin/XC695950.ogg,2
saffin/XC443346.ogg,2
saffin/XC412183.ogg,2
saffin/XC412071.ogg,2
saffin/XC743255.ogg,2
saffin/XC800382.ogg,2
saffin/XC800365.ogg,2
saffin/XC140999.ogg,2
saffin/XC484923.ogg,2
saffin/XC957943.ogg,2
saffin/XC921854.ogg,2
saffin/XC695937.ogg,2
saffin/XC695920.ogg,2
saffin/iNat876313.ogg,3
saffin/XC1006617.ogg,2
saffin/XC964058.ogg,2
saffin/iNat555584.ogg,3
saffin/iNat555585.ogg,3
saffin/iNat80563.ogg,1
saffin/iNat199391.ogg,2
saffin/iNat24593.ogg,4
saffin/iNat30530.ogg,4
saffin/iNat156277.ogg,4
saffin/iNat144806.ogg,4
saffin/iNat545016.ogg,4
saffin/iNat588719.ogg,4
saffin/iNat613753.ogg,1
saffin/XC879442.ogg,3
saffin/XC145468.ogg,1
saffin/XC165893.ogg,1
saffin/iNat1070741.ogg,1
saffin/XC884358.ogg,2
saffin/XC2786.ogg,0
saffin/XC572940.ogg,2
saffin/XC412195.ogg,2
saffin/XC412184.ogg,2
saffin/XC790470.ogg,2
saffin/XC341136.ogg,1
saffin/XC774832.ogg,2
saffin/XC773336.ogg,2
saffin/iNat29008.ogg,4
saffin/iNat44509.ogg,4
saffin/XC789000.ogg,2
saffin/iNat1729974.ogg,3
saffin/iNat1449859.ogg,1
saffin/iNat662631.ogg,1
saffin/iNat1729955.ogg,3
saffin/iNat1729973.ogg,3
saffin/iNat1566690.ogg,1
saffin/iNat1715640.ogg,1
saffin/iNat390986.ogg,4
saffin/iNat357452.ogg,4
saffin/iNat1565262.ogg,1
saffin/iNat1696919.ogg,1
saffin/iNat353849.ogg,4
saffin/iNat342301.ogg,4
saffin/iNat342302.ogg,4
saffin/iNat565446.ogg,4
saffin/iNat580790.ogg,1
saffin/iNat874307.ogg,2
saffin/iNat614144.ogg,1
saffin/XC47488.ogg,3
saffin/XC47487.ogg,3
saffin/XC493213.ogg,2
saffin/XC709654.ogg,3
saffin/XC37672.ogg,1
saffin/XC180781.ogg,4
saffin/XC180780.ogg,4
saffin/XC1034566.ogg,2
saffin/iNat891433.ogg,0
saffin/iNat626214.ogg,4
saffin/iNat1034017.ogg,2
saffin/XC210963.ogg,4
saffin/XC259892.ogg,4
saffin/XC275150.ogg,0
saffin/XC302294.ogg,0
saffin/XC229391.ogg,0
saffin/XC437443.ogg,0
saffin/iNat1354634.ogg,0
saffin/XC264871.ogg,4
saffin/iNat333543.ogg,0
saffin/iNat337785.ogg,4
saffin/iNat307815.ogg,1
saffin/XC767433.ogg,0
saffin/iNat197800.ogg,3
saffin/iNat336108.ogg,3
saffin/iNat289204.ogg,3
saffin/XC694916.ogg,4
saffin/XC879458.ogg,3
saffin/iNat1125521.ogg,3
saffin/iNat359748.ogg,3
saffin/iNat188529.ogg,0
saffin/XC343729.ogg,3
saffin/XC498067.ogg,3
saffin/XC924694.ogg,0
saffin/XC774816.ogg,4
saffin/XC807430.ogg,1
saffin/XC543736.ogg,1
saffin/XC939913.ogg,2
saffin/XC939089.ogg,2
saffin/XC939043.ogg,2
saffin/XC630016.ogg,1
saffin/XC946213.ogg,4
saffin/XC946212.ogg,4
saffin/XC946211.ogg,4
saffin/XC946148.ogg,4
saffin/XC148218.ogg,3
saffin/XC915942.ogg,0
saffin/XC727617.ogg,2
saffin/XC723341.ogg,2
saffin/XC561361.ogg,3
saffin/XC561357.ogg,3
saffin/XC541904.ogg,4
saffin/XC540978.ogg,4
saffin/XC537298.ogg,4
saffin/XC537297.ogg,4
saffin/XC424729.ogg,2
saffin/XC974481.ogg,3
saffin/XC1000551.ogg,3
saffin/XC959535.ogg,0
saffin/XC975681.ogg,3
saffin/XC974512.ogg,3
saffin/XC664424.ogg,2
saffin/XC762544.ogg,2
saffin/iNat450428.ogg,0
saffin/iNat124691.ogg,1
saffin/XC528006.ogg,4
saffin/XC432991.ogg,0
saffin/XC128407.ogg,4
saffin/iNat56107.ogg,2
saffin/XC483577.ogg,2
saffin/iNat128816.ogg,2
saffin/iNat1542004.ogg,4
saffin/iNat91251.ogg,4
saffin/XC455166.ogg,0
saffin/XC327118.ogg,4
saffin/XC1019732.ogg,3
saffin/XC842650.ogg,0
saffin/XC840928.ogg,3
saffin/XC365074.ogg,4
saffin/XC843995.ogg,1
saffin/XC435925.ogg,4
saffin/XC435924.ogg,4
saffin/iNat58637.ogg,2
saffin/iNat1036176.ogg,0
saffin/XC947671.ogg,2
saffin/XC181555.ogg,3
saffin/XC245147.ogg,3
saffin/iNat1618161.ogg,1
saffin/iNat681464.ogg,2
saffin/iNat203969.ogg,4
saffin/iNat411614.ogg,4
saffin/XC250644.ogg,4
saffin/iNat70227.ogg,3
saffin/XC245461.ogg,3
saffin/XC359236.ogg,2
saffin/XC573426.ogg,2
saffin/XC562697.ogg,2
saffin/XC562696.ogg,2
saffin/XC562695.ogg,2
saffin/XC552498.ogg,2
saffin/XC396045.ogg,2
saffin/XC433635.ogg,3
saffin/iNat360374.ogg,3
saffin/iNat163000.ogg,2
saffin/iNat163001.ogg,2
saffin/iNat1208854.ogg,2
saffin/XC303480.ogg,1
saffin/iNat617938.ogg,2
saffin/iNat1328411.ogg,2
saffin/iNat610126.ogg,2
saffin/XC838479.ogg,1
saffin/XC678779.ogg,1
saffin/XC582161.ogg,1
saffin/iNat869981.ogg,3
saffin/XC175221.ogg,0
saffin/iNat50010.ogg,4
saffin/iNat790770.ogg,3
saffin/iNat1234122.ogg,4
saffin/iNat922215.ogg,4
saffin/iNat906021.ogg,1
saffin/iNat1164477.ogg,2
saffin/iNat1207356.ogg,4
saffin/iNat1624895.ogg,1
saffin/iNat1738276.ogg,1
saffin/iNat353621.ogg,2
saffin/iNat1705432.ogg,1
saffin/iNat875304.ogg,1
saffin/iNat455410.ogg,3
saffin/iNat276767.ogg,3
saytan1/iNat1659978.ogg,3
saytan1/iNat140545.ogg,0
saytan1/iNat311552.ogg,4
saytan1/iNat1686420.ogg,2
saytan1/iNat1715974.ogg,2
saytan1/iNat1687821.ogg,2
saytan1/iNat400779.ogg,0
saytan1/iNat1328388.ogg,0
saytan1/XC872312.ogg,1
saytan1/XC879088.ogg,1
saytan1/iNat293174.ogg,2
saytan1/iNat140015.ogg,2
saytan1/iNat485893.ogg,4
saytan1/iNat1022922.ogg,0
saytan1/iNat1009246.ogg,0
saytan1/iNat1009249.ogg,0
saytan1/iNat1206636.ogg,0
saytan1/iNat168805.ogg,2
saytan1/iNat1641838.ogg,4
saytan1/iNat556109.ogg,2
saytan1/iNat1190203.ogg,0
saytan1/XC1018761.ogg,2
saytan1/XC551951.ogg,1
saytan1/iNat811574.ogg,3
saytan1/XC898641.ogg,1
saytan1/XC827719.ogg,4
saytan1/XC827433.ogg,4
saytan1/iNat815711.ogg,1
saytan1/iNat769752.ogg,3
saytan1/iNat769753.ogg,3
saytan1/iNat74995.ogg,0
saytan1/iNat768857.ogg,3
saytan1/iNat769086.ogg,3
saytan1/iNat79381.ogg,3
saytan1/iNat321930.ogg,3
saytan1/iNat321931.ogg,3
saytan1/iNat368203.ogg,3
saytan1/iNat473275.ogg,3
saytan1/iNat524853.ogg,3
saytan1/iNat588079.ogg,3
saytan1/iNat769094.ogg,3
saytan1/iNat1293908.ogg,3
saytan1/iNat768841.ogg,3
saytan1/iNat1246167.ogg,3
saytan1/iNat539800.ogg,3
saytan1/iNat766950.ogg,3
saytan1/iNat769085.ogg,3
saytan1/iNat853801.ogg,3
saytan1/iNat1270810.ogg,3
saytan1/iNat769757.ogg,3
saytan1/iNat1158709.ogg,3
saytan1/iNat763126.ogg,3
saytan1/iNat766824.ogg,3
saytan1/iNat332900.ogg,1
saytan1/iNat845479.ogg,1
saytan1/XC217017.ogg,3
saytan1/XC193165.ogg,3
saytan1/XC972928.ogg,3
saytan1/iNat315388.ogg,0
saytan1/iNat772588.ogg,0
saytan1/XC146978.ogg,1
saytan1/XC170804.ogg,1
saytan1/iNat518634.ogg,0
saytan1/iNat518635.ogg,0
saytan1/iNat151969.ogg,4
saytan1/iNat1724826.ogg,2
saytan1/iNat186168.ogg,4
saytan1/iNat319803.ogg,4
saytan1/iNat559494.ogg,4
saytan1/iNat847921.ogg,4
saytan1/iNat1564599.ogg,4
saytan1/iNat1459476.ogg,3
saytan1/iNat320492.ogg,4
saytan1/iNat320497.ogg,4
saytan1/iNat325665.ogg,4
saytan1/iNat325670.ogg,4
saytan1/iNat557883.ogg,4
saytan1/iNat1467970.ogg,3
saytan1/iNat1467980.ogg,3
saytan1/iNat348863.ogg,2
saytan1/XC698366.ogg,2
saytan1/iNat145580.ogg,3
saytan1/iNat890442.ogg,2
saytan1/iNat786772.ogg,2
saytan1/iNat139086.ogg,2
saytan1/iNat842424.ogg,2
saytan1/XC363028.ogg,3
saytan1/XC445778.ogg,3
saytan1/XC551889.ogg,3
saytan1/XC551888.ogg,3
saytan1/iNat885602.ogg,4
saytan1/XC113593.ogg,4
saytan1/iNat1710719.ogg,4
saytan1/XC687703.ogg,3
saytan1/XC660599.ogg,2
saytan1/iNat1449833.ogg,3
saytan1/XC785113.ogg,2
saytan1/XC687847.ogg,3
saytan1/iNat862102.ogg,1
saytan1/XC809504.ogg,2
saytan1/iNat1025913.ogg,2
saytan1/iNat333888.ogg,4
saytan1/iNat1448425.ogg,3
saytan1/XC592936.ogg,2
saytan1/iNat852516.ogg,3
saytan1/XC1053972.ogg,3
saytan1/XC570870.ogg,3
saytan1/XC648128.ogg,2
saytan1/iNat318349.ogg,0
saytan1/iNat139997.ogg,0
saytan1/XC291310.ogg,0
saytan1/XC291309.ogg,0
saytan1/XC84793.ogg,1
saytan1/iNat1655491.ogg,2
saytan1/XC422958.ogg,0
saytan1/XC4515.ogg,1
saytan1/XC4651.ogg,1
saytan1/iNat1274352.ogg,3
saytan1/iNat303607.ogg,3
saytan1/iNat303608.ogg,3
saytan1/iNat1147978.ogg,2
saytan1/iNat1625501.ogg,2
saytan1/iNat1637644.ogg,2
saytan1/iNat1643761.ogg,2
saytan1/iNat1505710.ogg,4
saytan1/XC714042.ogg,0
saytan1/iNat1654612.ogg,3
saytan1/XC212427.ogg,0
saytan1/XC212425.ogg,0
saytan1/XC212424.ogg,0
saytan1/XC32465.ogg,3
saytan1/XC32466.ogg,3
saytan1/XC32467.ogg,3
saytan1/iNat1517973.ogg,2
saytan1/iNat584090.ogg,2
saytan1/iNat804473.ogg,1
saytan1/iNat499405.ogg,4
saytan1/XC149236.ogg,1
saytan1/XC395245.ogg,0
saytan1/XC285538.ogg,3
saytan1/XC215418.ogg,1
saytan1/iNat998527.ogg,1
saytan1/iNat998717.ogg,1
saytan1/iNat261125.ogg,2
saytan1/XC587182.ogg,4
saytan1/iNat1324062.ogg,0
saytan1/XC590466.ogg,4
saytan1/XC587682.ogg,4
saytan1/XC84788.ogg,1
saytan1/XC981397.ogg,3
saytan1/iNat1645089.ogg,4
saytan1/XC215419.ogg,1
saytan1/iNat1109999.ogg,3
saytan1/iNat1110007.ogg,3
saytan1/iNat1134072.ogg,3
saytan1/XC941381.ogg,1
saytan1/iNat1051487.ogg,3
saytan1/XC145695.ogg,1
saytan1/XC448164.ogg,2
saytan1/iNat1535725.ogg,0
saytan1/XC119108.ogg,3
saytan1/iNat1653551.ogg,4
saytan1/XC993197.ogg,3
saytan1/XC668349.ogg,1
saytan1/iNat882619.ogg,3
saytan1/XC17477.ogg,3
saytan1/XC283758.ogg,4
saytan1/XC1063370.ogg,4
saytan1/XC247233.ogg,3
saytan1/XC247226.ogg,3
saytan1/XC131137.ogg,3
saytan1/XC292128.ogg,4
saytan1/XC274862.ogg,4
saytan1/iNat1681270.ogg,4
saytan1/XC430832.ogg,1
saytan1/iNat316042.ogg,1
saytan1/XC84795.ogg,1
saytan1/XC488974.ogg,4
saytan1/XC52117.ogg,3
saytan1/XC52116.ogg,3
saytan1/XC52115.ogg,3
saytan1/XC52114.ogg,3
saytan1/XC52113.ogg,3
saytan1/XC175784.ogg,2
saytan1/XC1678.ogg,0
saytan1/XC212428.ogg,0
saytan1/iNat376884.ogg,4
saytan1/iNat398111.ogg,0
saytan1/XC744325.ogg,4
saytan1/XC84792.ogg,1
saytan1/XC115074.ogg,4
saytan1/iNat768024.ogg,0
saytan1/iNat768025.ogg,0
saytan1/iNat1677185.ogg,2
saytan1/XC215355.ogg,1
saytan1/XC84791.ogg,1
saytan1/XC500232.ogg,3
saytan1/XC343269.ogg,1
saytan1/XC268635.ogg,4
saytan1/XC169859.ogg,4
saytan1/iNat1390811.ogg,3
saytan1/XC215417.ogg,1
saytan1/XC863925.ogg,2
saytan1/XC838405.ogg,2
saytan1/XC708200.ogg,3
saytan1/XC708199.ogg,3
saytan1/XC708198.ogg,3
saytan1/XC708201.ogg,3
saytan1/XC708197.ogg,3
saytan1/XC708196.ogg,3
saytan1/XC110417.ogg,0
saytan1/XC683247.ogg,3
saytan1/iNat81012.ogg,2
saytan1/XC310455.ogg,1
saytan1/XC2745.ogg,0
saytan1/iNat986054.ogg,4
saytan1/iNat986019.ogg,4
saytan1/XC737479.ogg,2
saytan1/XC811939.ogg,2
saytan1/XC811892.ogg,2
saytan1/XC607995.ogg,2
saytan1/XC690714.ogg,2
saytan1/XC652541.ogg,2
saytan1/XC500024.ogg,2
saytan1/XC421598.ogg,2
saytan1/XC743981.ogg,2
saytan1/XC743980.ogg,2
saytan1/XC800203.ogg,2
saytan1/XC421329.ogg,0
saytan1/XC326008.ogg,0
saytan1/XC930897.ogg,2
saytan1/XC930888.ogg,2
saytan1/XC116274.ogg,2
saytan1/XC44396.ogg,2
saytan1/XC736997.ogg,2
saytan1/XC857495.ogg,2
saytan1/XC695908.ogg,2
saytan1/XC326042.ogg,0
saytan1/XC638824.ogg,3
saytan1/XC400257.ogg,4
saytan1/XC152655.ogg,1
saytan1/XC385774.ogg,0
saytan1/XC862697.ogg,3
saytan1/XC572248.ogg,3
saytan1/XC674317.ogg,2
saytan1/XC421599.ogg,2
saytan1/XC215424.ogg,1
saytan1/XC215416.ogg,1
saytan1/XC154007.ogg,1
saytan1/XC299636.ogg,1
saytan1/XC708195.ogg,3
saytan1/XC708192.ogg,3
saytan1/XC708163.ogg,3
saytan1/XC708194.ogg,3
saytan1/XC789055.ogg,2
saytan1/XC782491.ogg,4
saytan1/iNat1714208.ogg,4
saytan1/XC215350.ogg,1
saytan1/XC754968.ogg,2
saytan1/XC396332.ogg,4
saytan1/iNat855363.ogg,1
saytan1/XC697140.ogg,2
saytan1/XC84789.ogg,1
saytan1/XC697477.ogg,2
saytan1/XC697232.ogg,2
saytan1/iNat578072.ogg,3
saytan1/XC974159.ogg,2
saytan1/XC974090.ogg,2
saytan1/iNat193246.ogg,3
saytan1/iNat193264.ogg,3
saytan1/iNat919640.ogg,2
saytan1/iNat1677297.ogg,2
saytan1/XC974579.ogg,2
saytan1/XC974389.ogg,2
saytan1/XC974341.ogg,2
saytan1/XC428045.ogg,2
saytan1/iNat1274077.ogg,0
saytan1/iNat1207050.ogg,0
scadov1/XC957531.ogg,3
scadov1/XC956154.ogg,2
scadov1/XC955826.ogg,2
scadov1/XC956155.ogg,2
scadov1/iNat765329.ogg,3
scadov1/iNat836022.ogg,1
scadov1/XC699205.ogg,2
scadov1/XC600278.ogg,1
scadov1/XC836819.ogg,2
scadov1/iNat885628.ogg,4
scadov1/XC204111.ogg,4
scadov1/XC174624.ogg,2
scadov1/iNat1599559.ogg,2
scadov1/XC561817.ogg,2
scadov1/XC561814.ogg,2
scadov1/iNat728233.ogg,4
scadov1/iNat728234.ogg,4
scadov1/iNat729636.ogg,4
scadov1/iNat566392.ogg,1
scadov1/XC831737.ogg,4
scadov1/iNat818981.ogg,1
scadov1/XC983882.ogg,3
scadov1/XC119332.ogg,3
scadov1/XC592097.ogg,0
scadov1/iNat621081.ogg,3
scadov1/XC497158.ogg,0
scadov1/iNat53345.ogg,3
scadov1/XC513015.ogg,0
scadov1/XC186144.ogg,0
scadov1/iNat1353043.ogg,3
scadov1/iNat398066.ogg,0
scadov1/iNat619907.ogg,4
scadov1/iNat585339.ogg,4
scadov1/iNat376847.ogg,4
scadov1/iNat879688.ogg,2
scadov1/iNat1365367.ogg,0
scadov1/XC178060.ogg,1
scadov1/XC295499.ogg,0
scadov1/iNat1299298.ogg,1
scadov1/XC296526.ogg,3
scadov1/iNat1283287.ogg,0
scadov1/XC145415.ogg,1
scadov1/iNat1621651.ogg,3
scadov1/XC1007454.ogg,3
scadov1/XC124379.ogg,4
scadov1/iNat1349438.ogg,1
scadov1/XC144502.ogg,4
scadov1/iNat340472.ogg,3
scadov1/XC169867.ogg,4
scadov1/XC78200.ogg,0
scadov1/XC658500.ogg,1
scadov1/XC738078.ogg,4
scadov1/XC738445.ogg,4
scadov1/XC85411.ogg,1
scadov1/XC737497.ogg,2
scadov1/XC811916.ogg,2
scadov1/XC124535.ogg,3
scadov1/XC872649.ogg,2
scadov1/XC530414.ogg,2
scadov1/XC708940.ogg,1
scadov1/XC414333.ogg,2
scadov1/XC50362.ogg,3
scadov1/XC800335.ogg,2
scadov1/XC800162.ogg,2
scadov1/XC422701.ogg,0
scadov1/XC496962.ogg,2
scadov1/XC140998.ogg,2
scadov1/XC930910.ogg,2
scadov1/XC606605.ogg,2
scadov1/XC606602.ogg,2
scadov1/XC896229.ogg,0
scadov1/iNat600179.ogg,3
scadov1/iNat600204.ogg,3
scadov1/iNat1491465.ogg,3
scadov1/XC699696.ogg,2
scadov1/XC699653.ogg,2
scadov1/XC699620.ogg,2
scadov1/XC393169.ogg,1
scadov1/XC879861.ogg,3
scadov1/XC145017.ogg,1
scadov1/iNat1264933.ogg,1
scadov1/XC741145.ogg,2
scadov1/XC732915.ogg,2
scadov1/XC444164.ogg,2
scadov1/iNat500751.ogg,4
scadov1/iNat1289713.ogg,4
scadov1/XC85410.ogg,1
scadov1/XC788991.ogg,2
scadov1/XC788976.ogg,2
scadov1/XC788940.ogg,2
scadov1/XC156397.ogg,4
scadov1/iNat1471774.ogg,2
scadov1/iNat1474152.ogg,2
scadov1/XC782338.ogg,2
scadov1/iNat586608.ogg,1
scadov1/XC330934.ogg,1
scadov1/XC119029.ogg,3
scadov1/XC521577.ogg,3
scadov1/XC186143.ogg,0
scadov1/XC974175.ogg,2
scadov1/XC974173.ogg,2
scadov1/XC1030195.ogg,3
scadov1/iNat1216385.ogg,2
scadov1/iNat377384.ogg,3
scadov1/iNat855404.ogg,1
scadov1/XC983218.ogg,1
scadov1/iNat192769.ogg,3
scadov1/iNat193251.ogg,3
scadov1/XC816909.ogg,2
scadov1/XC427237.ogg,2
scadov1/iNat970815.ogg,4
scadov1/XC817041.ogg,2
scadov1/XC816952.ogg,2
scadov1/XC816946.ogg,2
scadov1/XC213048.ogg,3
scadov1/XC769497.ogg,2
scadov1/XC434039.ogg,3
scadov1/iNat124894.ogg,2
scadov1/XC1035958.ogg,2
scadov1/iNat1425277.ogg,4
scadov1/iNat992671.ogg,0
scadov1/iNat986279.ogg,0
scadov1/iNat985891.ogg,4
scadov1/iNat990891.ogg,0
scadov1/XC562189.ogg,2
scadov1/XC455320.ogg,4
scadov1/XC974458.ogg,2
scadov1/XC943697.ogg,3
scadov1/iNat768028.ogg,0
scadov1/XC343994.ogg,3
scadov1/XC1000544.ogg,3
scadov1/XC1035368.ogg,2
scadov1/XC1039909.ogg,2
scadov1/XC244900.ogg,2
scadov1/iNat1276971.ogg,3
scadov1/iNat1276953.ogg,3
scadov1/iNat1277118.ogg,3
scadov1/XC244957.ogg,2
scadov1/XC244956.ogg,2
scadov1/XC1018907.ogg,2
scadov1/XC431969.ogg,0
scadov1/XC197445.ogg,4
scadov1/XC254100.ogg,4
scadov1/XC246932.ogg,4
scadov1/XC65952.ogg,1
scadov1/XC488646.ogg,3
scadov1/XC204041.ogg,1
scadov1/XC204040.ogg,1
scadov1/XC204043.ogg,1
scadov1/XC204042.ogg,1
scadov1/XC204036.ogg,1
scadov1/XC204039.ogg,1
scadov1/XC204038.ogg,1
scadov1/XC342056.ogg,1
scadov1/XC465065.ogg,4
scadov1/iNat886872.ogg,2
scadov1/XC343246.ogg,4
scadov1/XC445038.ogg,4
scadov1/XC841618.ogg,1
scadov1/XC48680.ogg,3
scadov1/XC844099.ogg,1
scadov1/XC838714.ogg,1
scadov1/XC963949.ogg,3
scadov1/XC454250.ogg,1
schpar1/iNat1293642.ogg,4
schpar1/XC277174.ogg,3
schpar1/XC189188.ogg,3
schpar1/XC578151.ogg,2
schpar1/XC186493.ogg,1
schpar1/XC154370.ogg,3
schpar1/XC455004.ogg,3
schpar1/XC192867.ogg,0
schpar1/iNat294983.ogg,4
schpar1/iNat512012.ogg,2
schpar1/iNat512013.ogg,2
schpar1/iNat895270.ogg,2
schpar1/iNat914637.ogg,2
schpar1/iNat604475.ogg,2
schpar1/iNat78044.ogg,2
schpar1/XC549828.ogg,3
schpar1/iNat743521.ogg,4
schpar1/XC166269.ogg,0
schpar1/iNat1474676.ogg,3
schpar1/XC458925.ogg,3
schpar1/iNat799908.ogg,1
schpar1/XC489837.ogg,2
schpar1/XC470921.ogg,2
schpar1/XC305227.ogg,4
schpar1/iNat1485356.ogg,3
schpar1/iNat1527674.ogg,2
schpar1/XC394327.ogg,4
schpar1/iNat1189050.ogg,2
schpar1/XC415539.ogg,2
schpar1/XC469288.ogg,2
schpar1/XC361130.ogg,3
schpar1/iNat1688231.ogg,4
schpar1/XC144789.ogg,1
schpar1/XC425367.ogg,2
schpar1/XC145574.ogg,1
schpar1/XC1045592.ogg,3
schpar1/XC211730.ogg,0
schpar1/XC151472.ogg,1
schpar1/XC589737.ogg,4
schpar1/XC4811.ogg,1
schpar1/XC348399.ogg,1
schpar1/XC235484.ogg,1
schpar1/XC912290.ogg,1
schpar1/XC187604.ogg,4
schpar1/XC211724.ogg,0
schpar1/iNat1043575.ogg,2
schpar1/iNat1147948.ogg,2
schpar1/iNat1627945.ogg,2
schpar1/iNat1705081.ogg,2
schpar1/XC1027123.ogg,3
schpar1/iNat316729.ogg,4
schpar1/XC29119.ogg,3
schpar1/XC506446.ogg,0
schpar1/XC29122.ogg,3
schpar1/XC29121.ogg,3
schpar1/XC29120.ogg,3
schpar1/XC556505.ogg,2
schpar1/XC85337.ogg,1
schpar1/XC235487.ogg,1
schpar1/XC349885.ogg,1
schpar1/XC85339.ogg,1
schpar1/XC349872.ogg,1
schpar1/XC1064315.ogg,0
schpar1/iNat430880.ogg,0
schpar1/iNat1722233.ogg,0
schpar1/XC211723.ogg,0
schpar1/iNat399541.ogg,0
schpar1/XC1049868.ogg,4
schpar1/XC389725.ogg,0
schpar1/XC340107.ogg,1
schpar1/XC144657.ogg,1
schpar1/XC550374.ogg,3
schpar1/XC119344.ogg,3
schpar1/XC144835.ogg,4
schpar1/XC330682.ogg,1
schpar1/iNat366529.ogg,1
schpar1/XC823312.ogg,4
schpar1/XC823311.ogg,4
schpar1/XC623035.ogg,1
schpar1/XC419775.ogg,2
schpar1/XC349930.ogg,4
schpar1/XC668884.ogg,1
schpar1/XC336084.ogg,1
schpar1/iNat542238.ogg,4
schpar1/XC17220.ogg,3
schpar1/XC206765.ogg,3
schpar1/iNat734014.ogg,4
schpar1/XC165271.ogg,1
schpar1/XC291189.ogg,1
schpar1/XC999798.ogg,3
schpar1/XC1009425.ogg,1
schpar1/XC51684.ogg,3
schpar1/XC51683.ogg,3
schpar1/iNat1634050.ogg,4
schpar1/XC143406.ogg,3
schpar1/XC1696.ogg,0
schpar1/XC611387.ogg,3
schpar1/XC414511.ogg,1
schpar1/XC663672.ogg,4
schpar1/XC663663.ogg,4
schpar1/XC1517.ogg,0
schpar1/XC1523.ogg,0
schpar1/XC134841.ogg,4
schpar1/XC114656.ogg,4
schpar1/XC430744.ogg,1
schpar1/XC235486.ogg,1
schpar1/XC235485.ogg,1
schpar1/XC85338.ogg,1
schpar1/XC267038.ogg,4
schpar1/XC1017617.ogg,3
schpar1/XC1017641.ogg,3
schpar1/XC309748.ogg,1
schpar1/XC309751.ogg,1
schpar1/XC172972.ogg,4
schpar1/XC1031987.ogg,4
schpar1/XC1031981.ogg,4
schpar1/XC1018600.ogg,1
schpar1/XC658505.ogg,1
schpar1/XC705711.ogg,0
schpar1/XC705710.ogg,0
schpar1/XC628856.ogg,3
schpar1/XC627069.ogg,3
schpar1/iNat1676468.ogg,1
schpar1/XC521425.ogg,2
schpar1/XC556506.ogg,2
schpar1/XC124626.ogg,3
schpar1/XC124624.ogg,3
schpar1/XC542187.ogg,2
schpar1/XC906403.ogg,2
schpar1/XC246609.ogg,2
schpar1/XC896241.ogg,0
schpar1/XC896240.ogg,0
schpar1/XC253731.ogg,2
schpar1/XC705101.ogg,0
schpar1/XC705100.ogg,0
schpar1/XC705099.ogg,0
schpar1/XC514665.ogg,3
schpar1/XC790466.ogg,2
schpar1/XC722114.ogg,2
schpar1/XC722113.ogg,2
schpar1/XC540399.ogg,2
schpar1/XC788956.ogg,2
schpar1/XC530513.ogg,3
schpar1/XC482229.ogg,0
schpar1/iNat1063812.ogg,0
scther1/XC206904.ogg,3
scther1/XC141592.ogg,1
scther1/XC176296.ogg,2
scther1/XC173957.ogg,1
scther1/XC154386.ogg,3
scther1/XC154385.ogg,3
scther1/XC971468.ogg,2
scther1/XC501013.ogg,1
scther1/XC483813.ogg,3
scther1/XC725047.ogg,2
scther1/XC957969.ogg,4
scther1/iNat1583217.ogg,2
scther1/iNat1580589.ogg,2
scther1/XC48789.ogg,3
scther1/XC51338.ogg,3
scther1/XC51337.ogg,3
scther1/XC843413.ogg,2
scther1/XC561824.ogg,2
scther1/XC358660.ogg,4
scther1/XC469309.ogg,2
scther1/XC70810.ogg,1
scther1/XC232824.ogg,1
scther1/XC85286.ogg,1
scther1/XC665653.ogg,1
scther1/XC342001.ogg,1
scther1/XC422962.ogg,0
scther1/XC299642.ogg,0
scther1/XC295937.ogg,0
scther1/XC75555.ogg,1
scther1/XC85287.ogg,1
scther1/XC85285.ogg,1
scther1/XC232804.ogg,1
scther1/XC416012.ogg,2
scther1/XC4812.ogg,1
scther1/XC85289.ogg,1
scther1/XC912285.ogg,1
scther1/XC435615.ogg,2
scther1/XC435613.ogg,2
scther1/XC435611.ogg,2
scther1/XC211682.ogg,0
scther1/XC211685.ogg,0
scther1/XC113217.ogg,4
scther1/XC464544.ogg,4
scther1/XC750763.ogg,3
scther1/XC85302.ogg,1
scther1/XC85281.ogg,1
scther1/XC85280.ogg,1
scther1/iNat353461.ogg,4
scther1/XC177602.ogg,1
scther1/iNat451075.ogg,0
scther1/XC211683.ogg,0
scther1/XC118511.ogg,3
scther1/XC333390.ogg,3
scther1/XC481899.ogg,2
scther1/XC232817.ogg,1
scther1/XC134199.ogg,4
scther1/XC586400.ogg,0
scther1/XC586399.ogg,0
scther1/XC344132.ogg,1
scther1/XC546419.ogg,3
scther1/XC85288.ogg,1
scther1/XC348835.ogg,1
scther1/XC472439.ogg,3
scther1/XC558700.ogg,3
scther1/XC996106.ogg,3
scther1/XC194438.ogg,0
scther1/XC304584.ogg,1
scther1/XC232821.ogg,1
scther1/XC232820.ogg,1
scther1/XC85282.ogg,1
scther1/XC391830.ogg,3
scther1/XC391829.ogg,3
scther1/XC308985.ogg,4
scther1/XC667825.ogg,1
scther1/XC700112.ogg,3
scther1/XC332203.ogg,1
scther1/XC340958.ogg,1
scther1/XC324819.ogg,1
scther1/XC375208.ogg,1
scther1/XC677735.ogg,2
scther1/XC3960.ogg,3
scther1/XC194437.ogg,0
scther1/XC138555.ogg,4
scther1/XC427761.ogg,2
scther1/XC427760.ogg,2
scther1/XC156610.ogg,2
scther1/XC337075.ogg,1
scther1/XC727729.ogg,2
scther1/XC292073.ogg,1
scther1/XC85279.ogg,1
scther1/XC581275.ogg,3
scther1/XC938372.ogg,3
scther1/XC774809.ogg,2
scther1/XC556484.ogg,2
scther1/XC374225.ogg,3
scther1/XC85283.ogg,1
scther1/XC537356.ogg,3
scther1/XC427759.ogg,2
scther1/XC497416.ogg,3
scther1/XC752760.ogg,3
scther1/iNat354462.ogg,0
scther1/XC15607.ogg,3
scther1/XC85284.ogg,1
shcfly1/XC689894.ogg,3
shcfly1/XC943863.ogg,0
shcfly1/XC338298.ogg,0
shcfly1/iNat1589870.ogg,4
shcfly1/XC307087.ogg,0
shcfly1/XC880714.ogg,2
shcfly1/iNat1500230.ogg,2
shcfly1/iNat890199.ogg,1
shcfly1/XC828498.ogg,0
shcfly1/iNat1684076.ogg,2
shcfly1/iNat1485358.ogg,3
shcfly1/XC716941.ogg,4
shcfly1/iNat1458723.ogg,3
shcfly1/iNat761486.ogg,3
shcfly1/iNat1448414.ogg,3
shcfly1/iNat728247.ogg,4
shcfly1/XC469289.ogg,2
shcfly1/XC504147.ogg,2
shcfly1/iNat804223.ogg,0
shcfly1/XC996075.ogg,3
shcfly1/XC996074.ogg,3
shcfly1/iNat1643746.ogg,2
shcfly1/iNat397650.ogg,0
shcfly1/XC119081.ogg,3
shcfly1/XC1017192.ogg,3
shcfly1/XC207808.ogg,1
shcfly1/XC588088.ogg,1
shcfly1/iNat564878.ogg,3
shcfly1/iNat1566348.ogg,0
shcfly1/iNat1319154.ogg,0
shcfly1/XC501444.ogg,1
shcfly1/iNat1720286.ogg,0
shcfly1/XC568509.ogg,0
shcfly1/XC206813.ogg,1
shcfly1/XC419472.ogg,2
shcfly1/XC428415.ogg,2
shcfly1/iNat320273.ogg,3
shcfly1/iNat1325636.ogg,0
shcfly1/iNat1321023.ogg,0
shcfly1/iNat1532661.ogg,2
shcfly1/XC6052.ogg,3
shcfly1/XC283757.ogg,4
shcfly1/XC396169.ogg,3
shcfly1/XC388181.ogg,3
shcfly1/XC247502.ogg,3
shcfly1/XC207282.ogg,3
shcfly1/XC291478.ogg,4
shcfly1/XC291476.ogg,4
shcfly1/XC287281.ogg,4
shcfly1/XC279501.ogg,4
shcfly1/XC70068.ogg,1
shcfly1/iNat1345739.ogg,0
shcfly1/iNat1512304.ogg,0
shcfly1/iNat1683777.ogg,0
shcfly1/XC491925.ogg,0
shcfly1/iNat1471076.ogg,0
shcfly1/XC678061.ogg,2
shcfly1/XC284652.ogg,4
shcfly1/XC470851.ogg,3
shcfly1/XC438746.ogg,2
shcfly1/XC835402.ogg,1
shcfly1/XC835401.ogg,1
shcfly1/XC211385.ogg,0
shcfly1/XC211408.ogg,0
shcfly1/XC299138.ogg,0
shcfly1/XC115303.ogg,4
shcfly1/XC809368.ogg,0
shcfly1/XC987472.ogg,3
shcfly1/XC299183.ogg,0
shcfly1/XC325900.ogg,0
shcfly1/XC744388.ogg,4
shcfly1/XC178100.ogg,1
shcfly1/XC173385.ogg,2
shcfly1/iNat684277.ogg,1
shcfly1/iNat164855.ogg,1
shcfly1/iNat784231.ogg,4
shcfly1/iNat1411922.ogg,0
shcfly1/XC285337.ogg,4
shcfly1/XC285336.ogg,4
shcfly1/XC1017623.ogg,3
shcfly1/XC169966.ogg,4
shcfly1/XC838439.ogg,2
shcfly1/XC863906.ogg,2
shcfly1/XC838534.ogg,2
shcfly1/XC507907.ogg,2
shcfly1/XC832950.ogg,2
shcfly1/XC82272.ogg,1
shcfly1/iNat1290711.ogg,4
shcfly1/XC737421.ogg,2
shcfly1/XC811917.ogg,2
shcfly1/XC711287.ogg,2
shcfly1/XC476506.ogg,2
shcfly1/XC457478.ogg,2
shcfly1/XC403208.ogg,3
shcfly1/XC645756.ogg,2
shcfly1/XC713704.ogg,2
shcfly1/XC920620.ogg,2
shcfly1/XC741159.ogg,2
shcfly1/XC800114.ogg,2
shcfly1/XC325695.ogg,0
shcfly1/XC957941.ogg,2
shcfly1/XC415584.ogg,2
shcfly1/XC421488.ogg,0
shcfly1/XC82271.ogg,1
shcfly1/XC419443.ogg,0
shcfly1/XC857489.ogg,2
shcfly1/XC707718.ogg,2
shcfly1/XC785299.ogg,2
shcfly1/XC777934.ogg,2
shcfly1/XC705091.ogg,0
shcfly1/XC902641.ogg,0
shcfly1/iNat823639.ogg,2
shcfly1/XC404569.ogg,3
shcfly1/XC432371.ogg,2
shcfly1/XC704019.ogg,3
shcfly1/XC443446.ogg,2
shcfly1/XC443445.ogg,2
shcfly1/XC1932.ogg,0
shcfly1/XC838061.ogg,2
shcfly1/XC837926.ogg,2
shcfly1/XC837921.ogg,2
shcfly1/XC704020.ogg,3
shcfly1/XC264093.ogg,3
shcfly1/XC63671.ogg,1
shcfly1/XC1887.ogg,0
shcfly1/XC793143.ogg,2
shcfly1/XC789076.ogg,2
shcfly1/XC836081.ogg,4
shcfly1/XC488898.ogg,0
shcfly1/XC440951.ogg,2
shcfly1/XC482226.ogg,0
shcfly1/XC761058.ogg,4
shcfly1/XC387343.ogg,0
shcfly1/XC2419.ogg,0
shcfly1/XC859264.ogg,3
shcfly1/XC759539.ogg,4
shcfly1/XC332963.ogg,1
shcfly1/XC152417.ogg,1
shcfly1/XC676491.ogg,4
shcfly1/XC192575.ogg,1
shcfly1/XC427600.ogg,2
shcfly1/XC427602.ogg,2
shcfly1/XC427601.ogg,2
shcfly1/XC129012.ogg,3
shcfly1/XC521556.ogg,3
shcfly1/XC206812.ogg,1
shcfly1/XC206811.ogg,1
shcfly1/XC431412.ogg,3
shcfly1/XC490280.ogg,3
shcfly1/XC564684.ogg,3
shcfly1/XC697402.ogg,2
shcfly1/XC206810.ogg,1
shcfly1/XC206809.ogg,1
shcfly1/XC342747.ogg,0
shcfly1/XC1045337.ogg,2
shcfly1/iNat346729.ogg,4
shcfly1/XC816913.ogg,2
shcfly1/XC1035147.ogg,2
shcfly1/XC944055.ogg,2
shcfly1/XC816984.ogg,2
shcfly1/XC213054.ogg,3
shcfly1/XC769614.ogg,2
shcfly1/XC817247.ogg,2
shcfly1/XC769424.ogg,2
shcfly1/XC769422.ogg,2
shcfly1/XC469160.ogg,3
shcfly1/XC589931.ogg,3
shcfly1/XC830208.ogg,2
shcfly1/XC830873.ogg,2
shcfly1/XC410733.ogg,0
shcfly1/iNat1631964.ogg,0
shcfly1/iNat587910.ogg,1
shcfly1/iNat1547613.ogg,4
shcfly1/iNat313479.ogg,0
shcfly1/XC187741.ogg,1
shcfly1/XC659204.ogg,3
shcfly1/XC598814.ogg,4
shcfly1/XC427603.ogg,2
shcfly1/XC235498.ogg,4
shcfly1/XC251150.ogg,3
shcfly1/XC144286.ogg,0
shcfly1/XC197212.ogg,2
shcfly1/XC135304.ogg,2
shcfly1/XC82270.ogg,1
shcfly1/XC206814.ogg,1
shcfly1/iNat331030.ogg,0
shcfly1/XC144162.ogg,1
shcfly1/XC249913.ogg,3
shcfly1/XC249860.ogg,3
shcfly1/XC249859.ogg,3
shcfly1/XC565211.ogg,3
shcfly1/XC258960.ogg,4
shcfly1/XC258963.ogg,4
shcfly1/XC258962.ogg,4
shcfly1/XC258959.ogg,4
shcfly1/XC214578.ogg,0
shcfly1/XC258961.ogg,4
shcfly1/XC135042.ogg,1
shcfly1/XC518041.ogg,3
shcfly1/XC332849.ogg,4
shcfly1/XC689035.ogg,3
shcfly1/XC691660.ogg,3
shcfly1/XC636068.ogg,1
shcfly1/XC636069.ogg,1
shcfly1/XC639260.ogg,1
shcfly1/XC561401.ogg,1
shcfly1/XC592824.ogg,1
shcfly1/XC1035921.ogg,4
shcfly1/XC939952.ogg,2
shcfly1/XC304278.ogg,3
shcfly1/XC939133.ogg,2
shcfly1/XC127966.ogg,4
shcfly1/XC127593.ogg,4
shcfly1/XC148260.ogg,3
shcfly1/XC401400.ogg,3
shcfly1/iNat1431290.ogg,2
shcfly1/XC508235.ogg,4
shcfly1/XC115510.ogg,4
shcfly1/XC115509.ogg,4
shcfly1/XC506063.ogg,4
shcfly1/XC781248.ogg,2
shcfly1/XC401275.ogg,3
shcfly1/XC856876.ogg,1
shshaw/iNat590535.ogg,3
shshaw/iNat575101.ogg,2
shshaw/XC791005.ogg,3
shshaw/iNat56590.ogg,4
shshaw/iNat1613452.ogg,4
shshaw/iNat621256.ogg,4
shshaw/iNat362399.ogg,0
shshaw/iNat1451376.ogg,3
shshaw/XC981457.ogg,3
shshaw/XC481896.ogg,2
shshaw/XC872905.ogg,1
shshaw/XC600402.ogg,4
shshaw/XC451365.ogg,3
shshaw/iNat1123352.ogg,2
shshaw/XC857653.ogg,2
shshaw/iNat812271.ogg,0
shshaw/XC676528.ogg,3
shshaw/XC771853.ogg,3
shshaw/XC973880.ogg,3
shshaw/XC626060.ogg,3
shshaw/XC626062.ogg,3
shshaw/XC626057.ogg,3
shshaw/XC710944.ogg,1
shshaw/XC939383.ogg,1
shshaw/iNat288804.ogg,4
shshaw/XC576894.ogg,4
shshaw/iNat121828.ogg,4
shshaw/XC600053.ogg,3
shshaw/XC444203.ogg,1
shshaw/iNat1578901.ogg,4
shshaw/iNat1578902.ogg,4
shshaw/iNat1578903.ogg,4
shshaw/iNat496128.ogg,1
shshaw/iNat1590156.ogg,2
shshaw/iNat25060.ogg,2
shshaw/iNat1313983.ogg,0
shshaw/XC371793.ogg,3
shshaw/iNat1131475.ogg,1
shshaw/XC139841.ogg,1
shshaw/XC285551.ogg,1
shshaw/XC285550.ogg,1
shshaw/XC285549.ogg,1
shshaw/XC285548.ogg,1
shshaw/XC146994.ogg,1
shshaw/XC778070.ogg,1
shshaw/XC778069.ogg,1
shshaw/XC154300.ogg,1
shshaw/iNat773169.ogg,3
shshaw/XC497793.ogg,4
shshaw/iNat251106.ogg,0
shshaw/iNat251107.ogg,0
shshaw/iNat251109.ogg,0
shshaw/XC278832.ogg,4
shshaw/XC278831.ogg,4
shshaw/iNat787694.ogg,4
shshaw/XC488351.ogg,0
shshaw/iNat789167.ogg,4
shshaw/iNat204576.ogg,4
shshaw/iNat1254869.ogg,0
shshaw/iNat31285.ogg,0
shshaw/iNat450511.ogg,1
shshaw/iNat1142748.ogg,2
shshaw/iNat224122.ogg,1
shshaw/iNat511725.ogg,0
shshaw/XC923859.ogg,0
shshaw/iNat1602640.ogg,0
shshaw/iNat291503.ogg,0
shshaw/iNat794817.ogg,0
shshaw/iNat1440234.ogg,2
shshaw/iNat1440235.ogg,2
shshaw/iNat523819.ogg,3
shshaw/iNat824331.ogg,4
shshaw/iNat252741.ogg,1
shshaw/XC445080.ogg,4
shshaw/iNat1592387.ogg,2
shshaw/XC1039650.ogg,4
shshaw/XC934600.ogg,4
shshaw/iNat1587891.ogg,3
shshaw/XC468117.ogg,1
shshaw/iNat1200809.ogg,3
shshaw/iNat1350037.ogg,4
shshaw/iNat512326.ogg,1
shshaw/iNat512360.ogg,1
shshaw/iNat783363.ogg,4
shshaw/XC1014685.ogg,2
shshaw/XC1014684.ogg,2
shshaw/XC210106.ogg,0
shshaw/XC141884.ogg,0
shshaw/XC141883.ogg,0
shshaw/XC141882.ogg,0
shshaw/XC141871.ogg,0
shshaw/XC824361.ogg,1
shshaw/XC824362.ogg,1
shshaw/iNat1615799.ogg,4
shshaw/iNat821973.ogg,4
shshaw/iNat1260487.ogg,3
shshaw/iNat816760.ogg,2
shshaw/iNat294323.ogg,2
shshaw/iNat1445208.ogg,3
shshaw/iNat410700.ogg,2
shshaw/iNat324456.ogg,3
shtnig1/XC953703.ogg,2
shtnig1/XC70819.ogg,1
shtnig1/XC212148.ogg,3
shtnig1/XC200717.ogg,3
shtnig1/iNat885662.ogg,4
shtnig1/XC965188.ogg,3
shtnig1/iNat1613508.ogg,4
shtnig1/iNat553184.ogg,0
shtnig1/XC174634.ogg,1
shtnig1/XC645499.ogg,1
shtnig1/iNat869228.ogg,2
shtnig1/iNat870997.ogg,2
shtnig1/iNat870998.ogg,2
shtnig1/iNat871000.ogg,2
shtnig1/iNat1627804.ogg,1
shtnig1/XC508489.ogg,1
shtnig1/XC294683.ogg,1
shtnig1/XC450247.ogg,3
shtnig1/XC550050.ogg,3
shtnig1/XC550048.ogg,3
shtnig1/XC550046.ogg,3
shtnig1/XC550049.ogg,3
shtnig1/iNat1670422.ogg,1
shtnig1/XC632548.ogg,2
shtnig1/XC632552.ogg,2
shtnig1/XC611179.ogg,3
shtnig1/XC843369.ogg,2
shtnig1/iNat163659.ogg,1
shtnig1/XC403678.ogg,4
shtnig1/XC621066.ogg,2
shtnig1/XC793437.ogg,2
shtnig1/iNat897456.ogg,2
shtnig1/XC590887.ogg,2
shtnig1/iNat580802.ogg,2
shtnig1/XC677022.ogg,3
shtnig1/XC145888.ogg,1
shtnig1/XC325775.ogg,0
shtnig1/XC325774.ogg,0
shtnig1/XC325773.ogg,0
shtnig1/XC4272.ogg,1
shtnig1/XC680230.ogg,1
shtnig1/XC292359.ogg,1
shtnig1/iNat944541.ogg,2
shtnig1/iNat981606.ogg,2
shtnig1/iNat1629105.ogg,2
shtnig1/iNat1244075.ogg,1
shtnig1/XC144780.ogg,1
shtnig1/XC594626.ogg,4
shtnig1/iNat549788.ogg,4
shtnig1/XC211140.ogg,0
shtnig1/iNat378027.ogg,4
shtnig1/XC393072.ogg,3
shtnig1/XC884428.ogg,3
shtnig1/iNat1696713.ogg,3
shtnig1/iNat1698646.ogg,0
shtnig1/iNat1560846.ogg,2
shtnig1/XC593180.ogg,1
shtnig1/XC120022.ogg,3
shtnig1/XC614759.ogg,3
shtnig1/XC345980.ogg,1
shtnig1/XC472442.ogg,3
shtnig1/XC993159.ogg,3
shtnig1/iNat1706437.ogg,4
shtnig1/iNat1281666.ogg,4
shtnig1/XC1048931.ogg,1
shtnig1/XC773186.ogg,1
shtnig1/XC503659.ogg,1
shtnig1/XC113124.ogg,4
shtnig1/iNat307107.ogg,0
shtnig1/iNat1646452.ogg,1
shtnig1/XC211142.ogg,0
shtnig1/XC51574.ogg,3
shtnig1/XC158236.ogg,2
shtnig1/XC158234.ogg,2
shtnig1/XC115723.ogg,4
shtnig1/iNat854248.ogg,4
shtnig1/XC201562.ogg,0
shtnig1/iNat1262494.ogg,2
shtnig1/iNat1281309.ogg,2
shtnig1/XC504380.ogg,2
shtnig1/XC838557.ogg,2
shtnig1/XC189502.ogg,3
shtnig1/XC422225.ogg,2
shtnig1/XC210726.ogg,2
shtnig1/XC505155.ogg,2
shtnig1/XC607807.ogg,2
shtnig1/XC505156.ogg,2
shtnig1/XC298310.ogg,1
shtnig1/XC158107.ogg,1
shtnig1/XC403217.ogg,3
shtnig1/XC761756.ogg,2
shtnig1/XC1059997.ogg,2
shtnig1/XC1027562.ogg,2
shtnig1/XC830933.ogg,0
shtnig1/XC422734.ogg,0
shtnig1/XC785301.ogg,2
shtnig1/XC691960.ogg,2
shtnig1/XC395165.ogg,4
shtnig1/XC1054415.ogg,3
shtnig1/XC619779.ogg,2
shtnig1/XC85203.ogg,1
shtnig1/XC453610.ogg,1
shtnig1/XC854632.ogg,0
shtnig1/XC698603.ogg,0
shtnig1/XC620657.ogg,3
shtnig1/XC461916.ogg,4
shtnig1/XC129707.ogg,3
shtnig1/XC557619.ogg,3
shtnig1/XC211208.ogg,4
shtnig1/XC427556.ogg,2
shtnig1/XC504975.ogg,3
shtnig1/XC235420.ogg,0
shtnig1/XC512363.ogg,3
shtnig1/XC511849.ogg,3
shtnig1/XC511848.ogg,3
shtnig1/XC342716.ogg,0
shtnig1/XC292593.ogg,1
shtnig1/XC1035664.ogg,2
shtnig1/XC257043.ogg,2
shtnig1/XC235419.ogg,0
shtnig1/XC1034577.ogg,2
shtnig1/iNat398196.ogg,0
shtnig1/XC238443.ogg,3
shtnig1/XC238440.ogg,3
shtnig1/XC393362.ogg,0
shtnig1/XC266579.ogg,4
shtnig1/XC238441.ogg,3
shtnig1/XC206420.ogg,1
shtnig1/XC238442.ogg,3
shtnig1/XC126458.ogg,4
shtnig1/iNat1055696.ogg,3
shtnig1/XC191361.ogg,3
shtnig1/XC884593.ogg,2
shtnig1/XC861650.ogg,2
shtnig1/XC860671.ogg,2
shtnig1/XC1015391.ogg,2
shtnig1/XC884592.ogg,2
shtnig1/XC884591.ogg,2
shtnig1/XC884590.ogg,2
shtnig1/XC801291.ogg,2
shtnig1/XC583527.ogg,2
shtnig1/XC935900.ogg,2
shtnig1/XC952209.ogg,1
shtnig1/XC261664.ogg,1
shtnig1/XC261662.ogg,1
shtnig1/XC261663.ogg,1
shtnig1/XC261661.ogg,1
shtnig1/XC261660.ogg,1
shtnig1/XC71407.ogg,1
shtnig1/XC71406.ogg,1
shtnig1/XC303184.ogg,3
shtnig1/XC456459.ogg,3
shtnig1/XC501217.ogg,0
shtnig1/XC1032112.ogg,3
shtnig1/XC539729.ogg,4
shtnig1/XC403319.ogg,4
shtnig1/XC403318.ogg,4
shtnig1/XC506023.ogg,4
shtnig1/XC122488.ogg,2
shtnig1/XC679725.ogg,4
shtnig1/XC610572.ogg,2
shtnig1/XC371113.ogg,1
shtnig1/XC371110.ogg,1
sibtan2/XC594653.ogg,1
sibtan2/XC589397.ogg,1
sibtan2/XC589402.ogg,1
sibtan2/XC737832.ogg,3
sibtan2/XC496469.ogg,0
sibtan2/XC496467.ogg,0
sibtan2/XC428632.ogg,2
sibtan2/XC448166.ogg,2
sibtan2/XC423628.ogg,2
sibtan2/XC496466.ogg,0
sibtan2/XC210148.ogg,1
sibtan2/XC513627.ogg,0
sibtan2/XC455113.ogg,4
sibtan2/XC212166.ogg,0
sibtan2/XC468127.ogg,4
sibtan2/XC212167.ogg,0
sibtan2/XC325735.ogg,0
sibtan2/XC863773.ogg,2
sibtan2/XC635083.ogg,3
sibtan2/XC635082.ogg,3
sibtan2/XC635081.ogg,3
sibtan2/XC348791.ogg,0
sibtan2/XC144953.ogg,0
sibtan2/XC441328.ogg,1
sibtan2/XC2571.ogg,0
sibtan2/XC290323.ogg,4
sibtan2/XC419213.ogg,2
sibtan2/XC626238.ogg,2
sibtan2/XC447017.ogg,2
sibtan2/XC157500.ogg,4
sibtan2/XC800256.ogg,2
sibtan2/XC155794.ogg,2
sibtan2/XC924672.ogg,2
sibtan2/XC864663.ogg,4
sibtan2/XC44435.ogg,2
sibtan2/XC737000.ogg,2
sibtan2/XC832911.ogg,2
sibtan2/XC832909.ogg,2
sibtan2/XC174558.ogg,2
sibtan2/XC506359.ogg,2
sibtan2/XC413509.ogg,2
sibtan2/XC708290.ogg,3
sibtan2/XC613992.ogg,2
sibtan2/XC613989.ogg,2
sibtan2/XC577472.ogg,2
sibtan2/XC949474.ogg,2
sibtan2/XC838048.ogg,2
sibtan2/XC837974.ogg,2
sibtan2/XC837973.ogg,2
sibtan2/XC901341.ogg,2
sibtan2/XC708288.ogg,3
sibtan2/XC708289.ogg,3
sibtan2/XC63973.ogg,1
sibtan2/XC788972.ogg,2
sibtan2/XC788942.ogg,2
sibtan2/XC965315.ogg,3
sibtan2/XC112536.ogg,1
sibtan2/XC63972.ogg,1
sibtan2/XC446748.ogg,0
sibtan2/iNat142855.ogg,4
sibtan2/XC59811.ogg,2
sibtan2/XC920353.ogg,1
sibtan2/XC123107.ogg,3
sibtan2/XC63476.ogg,1
sibtan2/XC127058.ogg,1
sibtan2/XC127020.ogg,1
sibtan2/XC74141.ogg,1
sibtan2/XC74140.ogg,1
sibtan2/XC74139.ogg,1
sibtan2/XC818428.ogg,3
sibtan2/XC782381.ogg,2
sibtan2/XC154780.ogg,1
sibtan2/XC755344.ogg,2
sibtan2/XC753990.ogg,2
sibtan2/XC754390.ogg,2
sibtan2/XC754383.ogg,2
sibtan2/XC782205.ogg,2
sibtan2/XC146544.ogg,0
sibtan2/XC435632.ogg,4
sibtan2/XC355055.ogg,0
sibtan2/XC676291.ogg,4
sibtan2/XC314318.ogg,4
sibtan2/XC118881.ogg,3
sibtan2/XC556550.ogg,2
sibtan2/XC341884.ogg,1
sibtan2/XC201251.ogg,1
sibtan2/XC646810.ogg,3
sibtan2/XC646814.ogg,3
sibtan2/XC646796.ogg,3
sibtan2/XC446449.ogg,3
sibtan2/XC144860.ogg,1
sibtan2/XC430959.ogg,3
sibtan2/XC569196.ogg,3
sibtan2/XC306409.ogg,1
sibtan2/XC214934.ogg,1
sibtan2/XC308225.ogg,1
sibtan2/XC1044976.ogg,2
sibtan2/XC556549.ogg,2
sibtan2/iNat803003.ogg,3
sibtan2/XC821683.ogg,2
sibtan2/XC713798.ogg,0
sibtan2/XC816937.ogg,2
sibtan2/XC816919.ogg,2
sibtan2/XC1035588.ogg,2
sibtan2/XC428452.ogg,2
sibtan2/XC817015.ogg,2
sibtan2/XC816995.ogg,2
sibtan2/XC769599.ogg,2
sibtan2/XC817265.ogg,2
sibtan2/XC428541.ogg,2
sibtan2/XC469178.ogg,3
sibtan2/XC830197.ogg,2
sibtan2/XC214936.ogg,1
sibtan2/XC1034690.ogg,2
sibtan2/XC214933.ogg,1
sibtan2/XC659201.ogg,3
sibtan2/XC705267.ogg,0
sibtan2/XC595925.ogg,4
sibtan2/XC497142.ogg,4
sibtan2/XC594788.ogg,4
sibtan2/XC591910.ogg,4
sibtan2/XC743190.ogg,3
sibtan2/XC174356.ogg,0
sibtan2/XC167882.ogg,0
sibtan2/XC505434.ogg,0
sibtan2/XC387106.ogg,1
sibtan2/XC214932.ogg,1
sibtan2/XC243027.ogg,3
sibtan2/XC243026.ogg,3
sibtan2/XC462883.ogg,0
sibtan2/XC462882.ogg,0
sibtan2/XC494069.ogg,2
sibtan2/XC8722.ogg,3
sibtan2/XC217099.ogg,4
sibtan2/XC243030.ogg,3
sibtan2/XC243031.ogg,3
sibtan2/iNat842112.ogg,1
sibtan2/iNat763160.ogg,0
sibtan2/iNat881092.ogg,0
sibtan2/iNat346074.ogg,0
sibtan2/XC940029.ogg,4
sibtan2/XC259697.ogg,4
sibtan2/XC264837.ogg,4
sibtan2/XC243028.ogg,3
sibtan2/XC395704.ogg,4
sibtan2/XC390440.ogg,4
sibtan2/XC892672.ogg,1
sibtan2/XC892670.ogg,1
sibtan2/XC892668.ogg,1
sibtan2/XC892667.ogg,1
sibtan2/XC454292.ogg,4
sibtan2/XC243029.ogg,3
sibtan2/XC259694.ogg,4
sibtan2/XC777006.ogg,3
sibtan2/XC259696.ogg,4
sibtan2/XC259695.ogg,4
sibtan2/XC259698.ogg,4
sibtan2/XC302132.ogg,1
sibtan2/XC214937.ogg,1
sibtan2/XC1067337.ogg,3
sibtan2/XC689040.ogg,3
sibtan2/XC377222.ogg,1
sibtan2/XC303442.ogg,3
sibtan2/XC558088.ogg,1
sibtan2/XC1035905.ogg,4
sibtan2/XC317539.ogg,1
sibtan2/XC939809.ogg,2
sibtan2/XC1008486.ogg,4
sibtan2/iNat1439467.ogg,1
sibtan2/XC1040154.ogg,3
sibtan2/XC389658.ogg,3
sibtan2/XC353363.ogg,4
sibtan2/XC914490.ogg,3
sibtan2/XC914486.ogg,3
sibtan2/XC914485.ogg,3
sibtan2/XC914484.ogg,3
sibtan2/XC914479.ogg,3
sibtan2/XC987292.ogg,3
sibtan2/XC127625.ogg,4
sibtan2/iNat1421668.ogg,0
sibtan2/XC1052907.ogg,3
sibtan2/XC1053669.ogg,3
sibtan2/XC1039755.ogg,2
sibtan2/XC975666.ogg,3
sibtan2/XC975665.ogg,3
sibtan2/XC974511.ogg,3
sibtan2/XC974510.ogg,3
sibtan2/XC960802.ogg,0
sibtan2/XC875289.ogg,3
sibtan2/XC906782.ogg,3
sibtan2/XC1033426.ogg,3
sibtan2/iNat1402979.ogg,2
sibtan2/XC508230.ogg,4
sibtan2/iNat1432743.ogg,0
sibtan2/XC419477.ogg,4
sibtan2/XC450778.ogg,4
sibtan2/iNat995749.ogg,2
sibtan2/iNat1421614.ogg,0
sibtan2/iNat1433194.ogg,0
sibtan2/XC320242.ogg,4
sibtan2/iNat983988.ogg,3
sibtan2/iNat991458.ogg,4
sibtan2/iNat1412178.ogg,3
sibtan2/XC506014.ogg,4
sibtan2/XC144206.ogg,4
sibtan2/XC244868.ogg,2
sibtan2/XC823935.ogg,1
sibtan2/XC244955.ogg,2
sibtan2/XC244909.ogg,2
sibtan2/XC245251.ogg,3
sibtan2/XC245178.ogg,3
sibtan2/XC244659.ogg,1
sibtan2/XC516394.ogg,2
sibtan2/XC245376.ogg,4
sibtan2/XC245484.ogg,3
sibtan2/XC480379.ogg,3
sibtan2/XC197565.ogg,4
sibtan2/XC386686.ogg,1
sibtan2/iNat185196.ogg,2
sibtan2/iNat172837.ogg,2
sibtan2/XC460335.ogg,0
sibtan2/XC839388.ogg,1
sibtan2/XC839384.ogg,1
sibtan2/iNat1713668.ogg,0
sibtan2/iNat1713669.ogg,0
sibtan2/iNat1713670.ogg,0
smbani/iNat769103.ogg,3
smbani/XC963572.ogg,3
smbani/XC398755.ogg,3
smbani/XC704810.ogg,1
smbani/iNat349304.ogg,1
smbani/iNat920803.ogg,4
smbani/XC174703.ogg,2
smbani/XC368220.ogg,2
smbani/iNat560172.ogg,1
smbani/iNat1613532.ogg,4
smbani/XC216151.ogg,2
smbani/iNat1613531.ogg,4
smbani/iNat341098.ogg,4
smbani/XC454604.ogg,3
smbani/iNat1469886.ogg,3
smbani/iNat213641.ogg,4
smbani/XC961906.ogg,4
smbani/iNat1469894.ogg,3
smbani/XC959180.ogg,4
smbani/XC173700.ogg,1
smbani/iNat1000631.ogg,0
smbani/iNat590879.ogg,3
smbani/XC549957.ogg,3
smbani/XC549959.ogg,3
smbani/XC364817.ogg,3
smbani/XC818680.ogg,2
smbani/XC561811.ogg,2
smbani/XC415739.ogg,2
smbani/XC577959.ogg,2
smbani/XC411279.ogg,0
smbani/XC152624.ogg,1
smbani/XC880566.ogg,3
smbani/iNat726347.ogg,0
smbani/iNat617538.ogg,4
smbani/iNat617542.ogg,4
smbani/XC611404.ogg,3
smbani/XC1041247.ogg,3
smbani/iNat1664198.ogg,2
smbani/XC342582.ogg,1
smbani/XC85028.ogg,1
smbani/iNat743608.ogg,1
smbani/XC144626.ogg,1
smbani/iNat915724.ogg,4
smbani/iNat1594767.ogg,0
smbani/iNat245608.ogg,1
smbani/XC645167.ogg,1
smbani/XC526652.ogg,1
smbani/XC589991.ogg,2
smbani/iNat1062029.ogg,4
smbani/XC123195.ogg,3
smbani/XC196393.ogg,1
smbani/XC388079.ogg,3
smbani/iNat1499763.ogg,0
smbani/XC255040.ogg,1
smbani/XC50492.ogg,3
smbani/XC50491.ogg,3
smbani/iNat1678613.ogg,4
smbani/XC470820.ogg,3
smbani/iNat376878.ogg,4
smbani/XC113859.ogg,4
smbani/iNat396431.ogg,0
smbani/XC421673.ogg,0
smbani/XC351256.ogg,1
smbani/XC211852.ogg,1
smbani/XC708654.ogg,0
smbani/iNat1532332.ogg,2
smbani/XC879301.ogg,3
smbani/XC879292.ogg,3
smbani/XC196528.ogg,1
smbani/XC169843.ogg,4
smbani/XC863854.ogg,2
smbani/XC1952.ogg,0
smbani/XC2245.ogg,0
smbani/XC290372.ogg,4
smbani/iNat73775.ogg,0
smbani/XC855927.ogg,3
smbani/XC153893.ogg,1
smbani/XC920696.ogg,2
smbani/XC556061.ogg,2
smbani/XC401625.ogg,2
smbani/XC556066.ogg,2
smbani/XC401624.ogg,2
smbani/XC498195.ogg,2
smbani/XC741876.ogg,2
smbani/XC800086.ogg,2
smbani/XC957942.ogg,2
smbani/XC699663.ogg,2
smbani/XC421477.ogg,0
smbani/XC421476.ogg,0
smbani/XC400252.ogg,4
smbani/XC393399.ogg,1
smbani/XC423506.ogg,2
smbani/XC702060.ogg,3
smbani/XC702058.ogg,3
smbani/XC702059.ogg,3
smbani/XC702057.ogg,3
smbani/XC793189.ogg,2
smbani/XC793130.ogg,2
smbani/XC461360.ogg,3
smbani/iNat1062211.ogg,4
smbani/iNat1169086.ogg,4
smbani/iNat256344.ogg,0
smbani/iNat387902.ogg,3
smbani/XC441180.ogg,3
smbani/XC114983.ogg,1
smbani/XC646545.ogg,1
smbani/XC589584.ogg,1
smbani/XC557608.ogg,3
smbani/iNat602364.ogg,1
smbani/XC697466.ogg,2
smbani/XC1017658.ogg,3
smbani/iNat193269.ogg,3
smbani/iNat193282.ogg,3
smbani/XC816873.ogg,2
smbani/XC427264.ogg,2
smbani/iNat619949.ogg,3
smbani/iNat620032.ogg,3
smbani/XC493250.ogg,2
smbani/XC769461.ogg,2
smbani/XC122247.ogg,3
smbani/XC122246.ogg,3
smbani/iNat1249768.ogg,4
smbani/iNat838255.ogg,1
smbani/XC207594.ogg,0
smbani/XC120089.ogg,3
smbani/XC747131.ogg,3
smbani/XC377900.ogg,1
smbani/XC131222.ogg,0
smbani/iNat1282100.ogg,0
smbani/XC118663.ogg,3
smbani/XC144794.ogg,0
smbani/XC607627.ogg,3
smbani/XC174363.ogg,0
smbani/XC357128.ogg,3
smbani/XC257722.ogg,4
smbani/XC602016.ogg,0
smbani/XC393354.ogg,0
smbani/iNat148096.ogg,1
smbani/XC345638.ogg,0
smbani/XC198031.ogg,0
smbani/iNat1659915.ogg,2
smbani/XC113994.ogg,3
smbani/XC257726.ogg,4
smbani/XC257725.ogg,4
smbani/XC257724.ogg,4
smbani/iNat50381.ogg,4
smbani/XC260417.ogg,0
smbani/XC260416.ogg,0
smbani/XC257723.ogg,4
smbani/XC257721.ogg,4
smbani/XC120554.ogg,1
smbani/iNat717931.ogg,0
smbani/iNat275725.ogg,4
smbani/XC260418.ogg,0
smbani/XC205455.ogg,4
smbani/XC238204.ogg,3
smbani/XC607831.ogg,4
smbani/XC261628.ogg,1
smbani/XC275235.ogg,0
smbani/XC377198.ogg,1
smbani/XC614560.ogg,1
smbani/XC614559.ogg,1
smbani/XC549906.ogg,4
smbani/XC148298.ogg,3
smbani/XC148299.ogg,3
smbani/XC288825.ogg,2
smbani/XC517920.ogg,3
smbani/XC986959.ogg,2
smbani/XC986958.ogg,2
smbani/XC946062.ogg,4
smbani/XC946061.ogg,4
smbani/XC915108.ogg,4
smbani/XC387590.ogg,4
smbani/XC152241.ogg,4
smbani/XC877941.ogg,3
smbani/XC148220.ogg,3
smbani/XC148219.ogg,3
smbani/XC353371.ogg,4
smbani/XC127960.ogg,4
smbani/XC127226.ogg,4
smbani/XC148250.ogg,3
smbani/XC672031.ogg,3
smbani/XC386463.ogg,2
smbani/XC386462.ogg,2
smbani/XC996133.ogg,2
smbani/XC1005797.ogg,3
smbani/XC1018436.ogg,2
smbani/XC974237.ogg,3
smbani/XC974246.ogg,3
smbani/XC974245.ogg,3
smbani/XC995358.ogg,2
smbani/XC995346.ogg,2
smbani/XC975752.ogg,3
smbani/XC52715.ogg,3
smbani/XC518225.ogg,2
smbani/XC517921.ogg,2
smbani/XC128189.ogg,4
smbani/XC131825.ogg,1
smbani/XC240064.ogg,3
smbani/XC244744.ogg,3
smbani/XC456654.ogg,0
smbani/XC326979.ogg,4
smbani/XC320352.ogg,4
smbani/iNat990507.ogg,2
smbani/XC326994.ogg,4
smbani/XC523851.ogg,3
smbani/XC523849.ogg,3
smbani/XC523848.ogg,3
smbani/XC523847.ogg,3
smbani/XC577135.ogg,2
smbani/iNat122263.ogg,4
smbani/XC407293.ogg,4
smbani/XC213482.ogg,3
smbani/XC438407.ogg,0
smbani/XC10772.ogg,3
smbani/XC401278.ogg,3
smbani/XC201027.ogg,3
smbani/XC302309.ogg,1
smbani/XC293802.ogg,4
smbani/XC367226.ogg,4
smbani/XC532797.ogg,1
smbani/XC432603.ogg,4
smbani/iNat1700145.ogg,0
smbani/XC372781.ogg,2
smbani/XC723784.ogg,2
smbani/iNat893616.ogg,0
smbani/iNat79788.ogg,1
smbani/XC387847.ogg,1
smbani/XC387846.ogg,1
smbani/XC387845.ogg,1
smbani/XC410684.ogg,2
smbani/XC378897.ogg,2
smbani/XC371189.ogg,2
smbani/iNat433086.ogg,4
smbani/iNat1316254.ogg,2
smbani/iNat327433.ogg,2
smbani/XC820345.ogg,1
smbani/XC361196.ogg,1
smbani/XC523853.ogg,3
smbani/XC523852.ogg,3
smbani/XC154431.ogg,1
smbani/iNat1373306.ogg,4
smbani/iNat51671.ogg,4
smbani/XC235665.ogg,3
smbani/XC379480.ogg,3
smbani/iNat612364.ogg,4
smbani/XC185219.ogg,0
smbani/XC185231.ogg,0
smbani/XC411526.ogg,2
smbani/XC411521.ogg,2
smbani/XC171408.ogg,2
smbani/XC171406.ogg,2
smbani/XC171387.ogg,2
smbani/XC171389.ogg,2
smbani/XC171405.ogg,2
smbani/XC173686.ogg,3
smbani/XC308506.ogg,4
smbani/iNat581008.ogg,3
smbani/iNat327178.ogg,3
smbani/XC998933.ogg,3
smbani/iNat615324.ogg,3
smbani/iNat138149.ogg,3
smbani/iNat1706838.ogg,4
smbani/iNat1524088.ogg,2
smbani/XC446419.ogg,2
smbani/iNat1730525.ogg,2
smbani/iNat1104660.ogg,3
smbani/iNat1104661.ogg,3
smbani/XC370766.ogg,4
smbani/XC214482.ogg,2
smbani/XC213157.ogg,2
smbani/XC213159.ogg,4
smbani/iNat38402.ogg,0
smbani/iNat38157.ogg,0
smbani/XC830003.ogg,0
smbani/XC995134.ogg,3
smbani/XC995133.ogg,3
smbani/XC995132.ogg,3
smbani/XC277005.ogg,0
smbani/iNat160943.ogg,4
smbani/iNat517142.ogg,4
smbani/iNat371704.ogg,0
smbani/iNat340600.ogg,2
smbani/iNat619407.ogg,1
smbani/iNat25501.ogg,0
smbani/XC269047.ogg,1
smbani/XC269046.ogg,1
smbani/XC268910.ogg,1
smbani/XC268582.ogg,1
smbani/XC268541.ogg,1
smbani/XC316264.ogg,1
smbani/XC269133.ogg,1
smbani/XC269093.ogg,1
smbani/XC268639.ogg,1
smbani/iNat1321618.ogg,2
smbani/iNat1321619.ogg,2
smbani/XC331325.ogg,0
smbani/XC331324.ogg,0
smbani/XC67159.ogg,1
smbani/XC1071052.ogg,0
smbani/XC1070851.ogg,0
smbani/XC455179.ogg,1
smbani/iNat1208579.ogg,2
smbani/XC429066.ogg,4
smbani/XC429065.ogg,4
smbtin1/iNat890420.ogg,2
smbtin1/XC437530.ogg,1
smbtin1/XC179294.ogg,1
smbtin1/XC448635.ogg,2
smbtin1/XC655058.ogg,1
smbtin1/XC472070.ogg,3
smbtin1/XC164044.ogg,4
smbtin1/XC987485.ogg,3
smbtin1/iNat397540.ogg,0
smbtin1/iNat1734628.ogg,0
smbtin1/XC301352.ogg,0
smbtin1/XC470891.ogg,3
smbtin1/XC326056.ogg,0
smbtin1/XC173055.ogg,2
smbtin1/XC600406.ogg,4
smbtin1/XC234768.ogg,4
smbtin1/XC234769.ogg,4
smbtin1/iNat163278.ogg,1
smbtin1/iNat333344.ogg,1
smbtin1/iNat866752.ogg,1
smbtin1/XC593194.ogg,1
smbtin1/XC863826.ogg,2
smbtin1/XC706091.ogg,0
smbtin1/XC422999.ogg,0
smbtin1/XC471053.ogg,2
smbtin1/XC422569.ogg,0
smbtin1/XC2587.ogg,0
smbtin1/iNat1290713.ogg,4
smbtin1/XC737386.ogg,2
smbtin1/XC157489.ogg,4
smbtin1/XC521423.ogg,2
smbtin1/XC704575.ogg,2
smbtin1/XC704661.ogg,2
smbtin1/XC704331.ogg,2
smbtin1/XC704330.ogg,2
smbtin1/XC704328.ogg,2
smbtin1/XC442163.ogg,2
smbtin1/XC1027577.ogg,2
smbtin1/XC804023.ogg,2
smbtin1/XC215753.ogg,2
smbtin1/XC210369.ogg,2
smbtin1/XC210368.ogg,2
smbtin1/XC419581.ogg,0
smbtin1/XC706977.ogg,2
smbtin1/XC2369.ogg,0
smbtin1/iNat81751.ogg,1
smbtin1/XC935830.ogg,3
smbtin1/XC400253.ogg,4
smbtin1/iNat819027.ogg,3
smbtin1/iNat503444.ogg,4
smbtin1/XC2747.ogg,0
smbtin1/XC717552.ogg,2
smbtin1/XC415355.ogg,2
smbtin1/XC415353.ogg,2
smbtin1/XC415352.ogg,2
smbtin1/XC580464.ogg,2
smbtin1/XC266354.ogg,1
smbtin1/iNat1289714.ogg,4
smbtin1/XC211720.ogg,3
smbtin1/XC1880.ogg,0
smbtin1/XC654806.ogg,4
smbtin1/XC654805.ogg,4
smbtin1/XC654572.ogg,4
smbtin1/XC781648.ogg,4
smbtin1/XC85048.ogg,1
smbtin1/XC775249.ogg,4
smbtin1/XC684657.ogg,4
smbtin1/XC146554.ogg,0
smbtin1/XC755392.ogg,2
smbtin1/XC862968.ogg,3
smbtin1/XC862967.ogg,3
smbtin1/XC417325.ogg,0
smbtin1/XC647610.ogg,1
smbtin1/XC114959.ogg,1
smbtin1/XC114958.ogg,1
smbtin1/XC114957.ogg,1
smbtin1/XC682516.ogg,2
smbtin1/XC679420.ogg,3
smbtin1/iNat1289331.ogg,4
smbtin1/iNat1289330.ogg,4
smbtin1/XC698670.ogg,0
smbtin1/XC844646.ogg,0
smbtin1/iNat1185724.ogg,2
smbtin1/iNat1296912.ogg,4
smbtin1/XC427712.ogg,2
smbtin1/XC427266.ogg,2
smbtin1/XC493246.ogg,2
smbtin1/XC1009533.ogg,3
smbtin1/XC430030.ogg,2
smbtin1/iNat1243703.ogg,3
smbtin1/iNat1354674.ogg,0
smbtin1/XC118664.ogg,3
smbtin1/iNat1044866.ogg,2
smbtin1/XC974180.ogg,1
sobcac1/iNat304051.ogg,1
sobcac1/iNat541335.ogg,4
sobcac1/iNat1632006.ogg,4
sobcac1/XC195689.ogg,0
sobcac1/XC195688.ogg,0
sobcac1/XC195687.ogg,0
sobcac1/XC195686.ogg,0
sobcac1/XC195685.ogg,0
sobcac1/XC195684.ogg,0
sobcac1/XC134124.ogg,4
sobcac1/iNat206075.ogg,2
sobcac1/iNat841741.ogg,0
sobcac1/iNat906880.ogg,0
sobcac1/iNat556994.ogg,2
sobcac1/iNat1635554.ogg,4
sobcac1/iNat618779.ogg,3
sobcac1/iNat618780.ogg,3
sobcac1/iNat1684939.ogg,4
sobcac1/iNat889935.ogg,2
sobcac1/XC195690.ogg,0
sobcac1/iNat1197550.ogg,4
sobcac1/iNat1231413.ogg,3
sobcac1/iNat1565923.ogg,4
sobcac1/iNat789232.ogg,4
sobcac1/iNat915439.ogg,4
sobcac1/XC50698.ogg,3
sobcac1/iNat1387094.ogg,3
sobcac1/iNat1387095.ogg,3
sobcac1/iNat1387096.ogg,3
sobcac1/iNat283240.ogg,3
sobcac1/XC463862.ogg,3
sobcac1/iNat251871.ogg,3
sobcac1/iNat1144796.ogg,3
sobcac1/iNat1044551.ogg,3
sobcac1/iNat1044552.ogg,3
sobcac1/iNat1144795.ogg,3
sobcac1/iNat1158725.ogg,3
sobcac1/iNat143030.ogg,0
sobcac1/iNat714867.ogg,3
sobcac1/iNat353000.ogg,1
sobcac1/XC881544.ogg,3
sobcac1/iNat693429.ogg,3
sobcac1/iNat634698.ogg,4
sobcac1/iNat634777.ogg,4
sobcac1/iNat584384.ogg,4
sobcac1/iNat818153.ogg,1
sobcac1/XC246165.ogg,3
sobcac1/iNat1432132.ogg,2
sobcac1/XC686349.ogg,2
sobcac1/XC686348.ogg,2
sobcac1/XC686347.ogg,2
sobcac1/iNat586259.ogg,4
sobcac1/iNat692798.ogg,3
sobcac1/iNat692775.ogg,3
sobcac1/iNat692778.ogg,3
sobcac1/iNat1136472.ogg,1
sobcac1/XC407050.ogg,1
sobcac1/XC407049.ogg,1
sobcac1/XC454152.ogg,3
sobcac1/XC438941.ogg,1
sobcac1/XC947286.ogg,1
sobcac1/XC452132.ogg,3
sobcac1/iNat1200819.ogg,1
sobcac1/XC542221.ogg,1
sobcac1/XC368379.ogg,2
sobcac1/XC368219.ogg,2
sobcac1/XC993767.ogg,1
sobcac1/XC993753.ogg,1
sobcac1/XC438903.ogg,1
sobcac1/XC438902.ogg,1
sobcac1/iNat730759.ogg,4
sobcac1/XC687721.ogg,3
sobcac1/iNat1309743.ogg,4
sobcac1/iNat729630.ogg,4
sobcac1/XC831182.ogg,4
sobcac1/XC415202.ogg,2
sobcac1/XC440825.ogg,1
sobcac1/XC589404.ogg,1
sobcac1/XC437684.ogg,1
sobcac1/XC444254.ogg,3
sobcac1/XC461421.ogg,2
sobcac1/XC732092.ogg,4
sobcac1/XC732090.ogg,4
sobcac1/XC879295.ogg,3
sobcac1/XC2626.ogg,0
sobcac1/XC2625.ogg,0
sobcac1/XC2624.ogg,0
sobcac1/XC2623.ogg,0
sobcac1/XC196527.ogg,1
sobcac1/XC192775.ogg,1
sobcac1/XC441386.ogg,1
sobcac1/iNat1290712.ogg,4
sobcac1/iNat318001.ogg,0
sobcac1/XC720679.ogg,3
sobcac1/XC124530.ogg,3
sobcac1/XC128803.ogg,3
sobcac1/XC581033.ogg,4
sobcac1/XC654361.ogg,3
sobcac1/XC654343.ogg,3
sobcac1/XC795067.ogg,3
sobcac1/XC896219.ogg,0
sobcac1/XC466735.ogg,4
sobcac1/XC774946.ogg,4
sobcac1/XC702770.ogg,3
sobcac1/XC949522.ogg,2
sobcac1/XC949518.ogg,2
sobcac1/XC949495.ogg,2
sobcac1/XC949494.ogg,2
sobcac1/XC702768.ogg,3
sobcac1/XC702758.ogg,3
sobcac1/XC702769.ogg,3
sobcac1/XC702764.ogg,3
sobcac1/XC264110.ogg,3
sobcac1/XC701706.ogg,4
sobcac1/XC10832.ogg,3
sobcac1/XC440930.ogg,2
sobcac1/XC440929.ogg,2
sobcac1/XC63207.ogg,1
sobcac1/XC587705.ogg,3
sobcac1/XC387336.ogg,0
sobcac1/XC2422.ogg,0
sobcac1/iNat155233.ogg,4
sobcac1/XC646541.ogg,1
sobcac1/iNat1552059.ogg,4
sobcac1/XC782559.ogg,3
sobcac1/XC571785.ogg,3
sobcac1/XC568184.ogg,3
sobcac1/XC566906.ogg,3
sobcac1/XC566904.ogg,3
sobcac1/XC566901.ogg,3
sobcac1/XC306304.ogg,1
sobcac1/XC1030219.ogg,3
sobcac1/XC384265.ogg,1
sobcac1/XC284451.ogg,4
sobcac1/XC386547.ogg,0
sobcac1/XC150325.ogg,1
sobcac1/iNat1304303.ogg,3
sobcac1/iNat1304304.ogg,3
sobcac1/iNat1304305.ogg,3
sobcac1/iNat1304306.ogg,3
sobcac1/XC983842.ogg,3
sobcac1/iNat1534043.ogg,0
sobcac1/iNat1626290.ogg,0
sobcac1/XC206728.ogg,3
sobcac1/XC398408.ogg,4
sobcac1/XC187746.ogg,1
sobcac1/iNat52866.ogg,2
sobcac1/iNat587562.ogg,4
sobcac1/XC427838.ogg,2
sobcac1/iNat1028537.ogg,3
sobcac1/XC263023.ogg,1
sobcac1/XC263022.ogg,1
sobcac1/XC263021.ogg,1
sobcac1/XC275793.ogg,1
sobcac1/XC275792.ogg,1
sobcac1/XC275791.ogg,1
sobcac1/XC932035.ogg,1
sobcac1/XC528977.ogg,0
sobcac1/XC191805.ogg,3
sobcac1/XC259979.ogg,4
sobcac1/XC259975.ogg,4
sobcac1/XC259980.ogg,4
sobcac1/XC259978.ogg,4
sobcac1/XC242292.ogg,3
sobcac1/XC259977.ogg,4
sobcac1/XC259976.ogg,4
sobcac1/XC259982.ogg,4
sobcac1/XC259981.ogg,4
sobcac1/XC591113.ogg,1
sobcac1/XC689454.ogg,1
sobcac1/XC689453.ogg,1
sobcac1/XC689452.ogg,1
sobcac1/XC689451.ogg,1
sobcac1/XC689455.ogg,1
sobcac1/XC629878.ogg,4
sobcac1/XC629879.ogg,4
sobcac1/XC357413.ogg,4
sobcac1/XC974502.ogg,3
sobcac1/XC974501.ogg,3
sobcac1/XC244969.ogg,2
sobcac1/XC245285.ogg,1
sobcac1/XC245283.ogg,1
sobcac1/XC245280.ogg,1
sobtyr1/XC258682.ogg,4
sobtyr1/XC548318.ogg,0
sobtyr1/iNat560377.ogg,2
sobtyr1/XC1017621.ogg,3
sobtyr1/iNat1703031.ogg,4
sobtyr1/XC504846.ogg,1
sobtyr1/XC405439.ogg,1
sobtyr1/iNat541327.ogg,4
sobtyr1/iNat621167.ogg,3
sobtyr1/iNat186552.ogg,1
sobtyr1/iNat1248482.ogg,2
sobtyr1/XC65933.ogg,1
sobtyr1/iNat532177.ogg,0
sobtyr1/XC974133.ogg,3
sobtyr1/XC293096.ogg,3
sobtyr1/XC480231.ogg,1
sobtyr1/iNat140186.ogg,3
sobtyr1/XC291623.ogg,2
sobtyr1/XC258683.ogg,4
sobtyr1/XC336333.ogg,2
sobtyr1/XC297090.ogg,4
sobtyr1/iNat1624500.ogg,0
sobtyr1/XC37654.ogg,1
sobtyr1/iNat522964.ogg,0
sobtyr1/XC787306.ogg,4
sobtyr1/XC81500.ogg,1
sobtyr1/iNat1433385.ogg,0
sobtyr1/XC557251.ogg,4
sobtyr1/XC346008.ogg,1
sobtyr1/iNat1274125.ogg,2
sobtyr1/XC146973.ogg,1
sobtyr1/XC258676.ogg,4
sobtyr1/XC745991.ogg,0
sobtyr1/iNat809851.ogg,3
sobtyr1/iNat1718955.ogg,0
sobtyr1/XC144164.ogg,1
sobtyr1/XC146263.ogg,4
sobtyr1/XC933711.ogg,1
sobtyr1/XC343219.ogg,1
sobtyr1/XC577958.ogg,2
sobtyr1/XC81496.ogg,1
sobtyr1/XC257091.ogg,2
sobtyr1/XC1002597.ogg,3
sobtyr1/XC335011.ogg,1
sobtyr1/XC144809.ogg,0
sobtyr1/iNat900888.ogg,1
sobtyr1/XC404563.ogg,3
sobtyr1/XC767451.ogg,3
sobtyr1/XC764623.ogg,3
sobtyr1/iNat870306.ogg,2
sobtyr1/XC550961.ogg,3
sobtyr1/XC534551.ogg,4
sobtyr1/XC493370.ogg,1
sobtyr1/XC367664.ogg,2
sobtyr1/XC419575.ogg,0
sobtyr1/iNat1423103.ogg,3
sobtyr1/XC291664.ogg,1
sobtyr1/XC771586.ogg,0
sobtyr1/XC767432.ogg,0
sobtyr1/XC258680.ogg,4
sobtyr1/XC419304.ogg,2
sobtyr1/XC206698.ogg,4
sobtyr1/XC992031.ogg,1
sobtyr1/iNat1654594.ogg,3
sobtyr1/XC135202.ogg,1
sobtyr1/iNat1385717.ogg,0
sobtyr1/XC176886.ogg,1
sobtyr1/XC454137.ogg,3
sobtyr1/XC694912.ogg,4
sobtyr1/XC550962.ogg,3
sobtyr1/XC653903.ogg,4
sobtyr1/XC418887.ogg,0
sobtyr1/XC831950.ogg,4
sobtyr1/iNat532178.ogg,0
sobtyr1/XC431047.ogg,1
sobtyr1/iNat780717.ogg,0
sobtyr1/iNat140973.ogg,1
sobtyr1/XC789524.ogg,2
sobtyr1/XC760640.ogg,2
sobtyr1/XC81498.ogg,1
sobtyr1/iNat1691179.ogg,2
sobtyr1/iNat138301.ogg,4
sobtyr1/iNat914733.ogg,2
sobtyr1/XC6472.ogg,3
sobtyr1/XC129972.ogg,1
sobtyr1/XC749303.ogg,2
sobtyr1/XC337229.ogg,4
sobtyr1/XC258679.ogg,4
sobtyr1/XC50527.ogg,3
sobtyr1/iNat1696416.ogg,0
sobtyr1/iNat533525.ogg,3
sobtyr1/XC245414.ogg,4
sobtyr1/iNat357669.ogg,1
sobtyr1/XC150916.ogg,1
sobtyr1/iNat1355326.ogg,0
sobtyr1/XC803718.ogg,2
sobtyr1/XC872096.ogg,3
sobtyr1/XC258678.ogg,4
sobtyr1/XC469131.ogg,3
sobtyr1/iNat1419462.ogg,3
sobtyr1/XC723695.ogg,3
sobtyr1/XC341386.ogg,0
sobtyr1/XC534552.ogg,4
sobtyr1/iNat1304683.ogg,4
sobtyr1/XC857552.ogg,2
sobtyr1/XC190692.ogg,3
sobtyr1/XC685534.ogg,4
sobtyr1/XC580800.ogg,1
sobtyr1/iNat1467862.ogg,4
sobtyr1/XC767455.ogg,3
sobtyr1/XC815237.ogg,0
sobtyr1/XC419574.ogg,0
sobtyr1/XC778744.ogg,3
sobtyr1/iNat125191.ogg,1
sobtyr1/XC463038.ogg,0
sobtyr1/XC1006654.ogg,2
sobtyr1/XC119098.ogg,3
sobtyr1/XC987303.ogg,3
sobtyr1/XC1049804.ogg,4
sobtyr1/iNat289169.ogg,3
sobtyr1/XC713683.ogg,2
sobtyr1/iNat856689.ogg,3
sobtyr1/XC257090.ogg,2
sobtyr1/iNat1550683.ogg,4
sobtyr1/XC767408.ogg,0
sobtyr1/XC456241.ogg,3
sobtyr1/iNat886869.ogg,2
sobtyr1/XC737422.ogg,2
sobtyr1/XC627416.ogg,1
sobtyr1/XC957006.ogg,2
sobtyr1/iNat46341.ogg,4
sobtyr1/XC552932.ogg,1
sobtyr1/XC767448.ogg,3
sobtyr1/iNat46338.ogg,4
sobtyr1/XC823808.ogg,3
sobtyr1/XC303846.ogg,1
sobtyr1/XC543019.ogg,1
sobtyr1/iNat221008.ogg,2
sobtyr1/iNat513585.ogg,3
sobtyr1/XC116106.ogg,4
sobtyr1/XC674602.ogg,4
sobtyr1/XC50528.ogg,3
sobtyr1/XC135351.ogg,0
sobtyr1/iNat511512.ogg,1
sobtyr1/XC249624.ogg,3
sobtyr1/iNat1158728.ogg,3
sobtyr1/iNat1692120.ogg,2
sobtyr1/XC339551.ogg,4
sobtyr1/XC935825.ogg,3
sobtyr1/iNat396715.ogg,1
sobtyr1/XC989466.ogg,1
sobtyr1/XC394644.ogg,2
sobtyr1/XC998773.ogg,2
sobtyr1/XC697144.ogg,2
sobtyr1/XC174813.ogg,2
sobtyr1/XC135347.ogg,0
sobtyr1/iNat769266.ogg,3
sobtyr1/XC536528.ogg,2
sobtyr1/iNat1550951.ogg,4
sobtyr1/iNat327568.ogg,3
sobtyr1/XC394645.ogg,2
sobtyr1/XC81501.ogg,1
sobtyr1/XC427147.ogg,2
sobtyr1/iNat1383472.ogg,3
sobtyr1/iNat621166.ogg,3
sobtyr1/iNat544840.ogg,3
sobtyr1/XC66025.ogg,1
sobtyr1/XC911963.ogg,1
sobtyr1/iNat220353.ogg,1
sobtyr1/XC307322.ogg,4
sobtyr1/XC484520.ogg,4
sobtyr1/iNat138465.ogg,1
sobtyr1/iNat541764.ogg,4
sobtyr1/XC121440.ogg,4
sobtyr1/iNat780896.ogg,1
sobtyr1/XC187982.ogg,4
sobtyr1/iNat1292634.ogg,1
sobtyr1/XC330923.ogg,2
sobtyr1/iNat809852.ogg,3
sobtyr1/XC682254.ogg,0
sobtyr1/XC172165.ogg,4
sobtyr1/XC200393.ogg,4
sobtyr1/iNat1635321.ogg,1
sobtyr1/XC337230.ogg,4
sobtyr1/XC823809.ogg,3
sobtyr1/XC299143.ogg,0
sobtyr1/iNat516512.ogg,3
sobtyr1/iNat1651587.ogg,4
sobtyr1/XC214765.ogg,4
sobtyr1/iNat398064.ogg,0
sobtyr1/iNat848662.ogg,1
sobtyr1/XC451885.ogg,2
sobtyr1/XC407329.ogg,2
sobtyr1/XC741869.ogg,2
sobtyr1/XC419310.ogg,2
sobtyr1/XC647056.ogg,1
sobtyr1/XC422602.ogg,0
sobtyr1/XC304997.ogg,0
sobtyr1/XC452801.ogg,1
sobtyr1/XC148257.ogg,3
sobtyr1/XC336406.ogg,2
sobtyr1/XC204716.ogg,1
sobtyr1/XC665438.ogg,4
sobtyr1/XC730395.ogg,1
sobtyr1/XC248623.ogg,3
sobtyr1/iNat123683.ogg,4
sobtyr1/XC454102.ogg,4
sobtyr1/iNat1355327.ogg,0
sobtyr1/XC81499.ogg,1
sobtyr1/XC816682.ogg,0
sobtyr1/XC246992.ogg,4
sobtyr1/XC702457.ogg,3
sobtyr1/XC1769.ogg,0
sobtyr1/iNat208075.ogg,4
sobtyr1/XC320634.ogg,1
sobtyr1/iNat986842.ogg,4
sobtyr1/iNat1685984.ogg,3
sobtyr1/XC150917.ogg,1
sobtyr1/iNat1525398.ogg,4
sobtyr1/XC653904.ogg,4
sobtyr1/XC408472.ogg,1
sobtyr1/iNat1730090.ogg,2
sobtyr1/iNat1577032.ogg,0
sobtyr1/XC961444.ogg,1
sobtyr1/XC269796.ogg,4
sobtyr1/XC657823.ogg,3
sobtyr1/iNat532174.ogg,0
sobtyr1/iNat1216599.ogg,0
sobtyr1/XC898356.ogg,2
sobtyr1/XC15200.ogg,2
sobtyr1/iNat60102.ogg,1
sobtyr1/XC258684.ogg,4
sobtyr1/XC665583.ogg,4
sobtyr1/XC697143.ogg,2
sobtyr1/XC166043.ogg,4
sobtyr1/iNat77147.ogg,1
sobtyr1/XC488920.ogg,3
sobtyr1/XC171644.ogg,0
sobtyr1/XC168320.ogg,1
sobtyr1/XC335017.ogg,1
sobtyr1/XC262160.ogg,1
sobtyr1/XC493621.ogg,2
sobtyr1/XC769386.ogg,2
sobtyr1/iNat143082.ogg,0
sobtyr1/XC419301.ogg,2
sobtyr1/XC605333.ogg,1
sobtyr1/XC248624.ogg,3
sobtyr1/XC2420.ogg,0
sobtyr1/XC763522.ogg,3
sobtyr1/XC135349.ogg,0
sobtyr1/iNat1654176.ogg,0
sobtyr1/XC186093.ogg,0
sobtyr1/XC427146.ogg,2
sobtyr1/XC135345.ogg,0
sobtyr1/XC455715.ogg,3
sobtyr1/iNat320619.ogg,3
sobtyr1/XC460350.ogg,0
sobtyr1/iNat491511.ogg,3
sobtyr1/XC466510.ogg,0
sobtyr1/XC681217.ogg,2
sobtyr1/XC604864.ogg,1
sobtyr1/XC419463.ogg,2
sobtyr1/XC454416.ogg,4
sobtyr1/XC118549.ogg,2
sobtyr1/XC355955.ogg,0
sobtyr1/XC135348.ogg,0
sobtyr1/iNat570963.ogg,4
sobtyr1/XC612769.ogg,1
sobtyr1/XC687775.ogg,3
sobtyr1/XC586946.ogg,0
sobtyr1/XC1062368.ogg,4
sobtyr1/XC493813.ogg,2
sobtyr1/iNat1262671.ogg,2
sobtyr1/XC946037.ogg,4
sobtyr1/XC872118.ogg,3
sobtyr1/XC973688.ogg,3
sobtyr1/iNat812814.ogg,1
sobtyr1/XC931258.ogg,2
sobtyr1/XC653902.ogg,4
sobtyr1/XC175065.ogg,1
sobtyr1/XC258685.ogg,4
sobtyr1/XC872114.ogg,3
sobtyr1/XC298000.ogg,1
sobtyr1/XC946036.ogg,4
sobtyr1/XC855993.ogg,4
sobtyr1/XC81495.ogg,1
sobtyr1/XC201966.ogg,0
sobtyr1/XC1006623.ogg,2
sobtyr1/XC960834.ogg,0
sobtyr1/iNat1232038.ogg,0
sobtyr1/iNat536818.ogg,1
sobtyr1/XC114303.ogg,4
sobtyr1/XC264662.ogg,4
sobtyr1/XC627417.ogg,1
sobtyr1/XC619637.ogg,2
sobtyr1/XC258677.ogg,4
sobtyr1/XC235258.ogg,0
sobtyr1/iNat1249262.ogg,4
sobtyr1/XC450811.ogg,4
sobtyr1/iNat265190.ogg,3
sobtyr1/iNat1181554.ogg,2
sobtyr1/XC325895.ogg,0
sobtyr1/XC355956.ogg,0
sobtyr1/iNat504524.ogg,3
sobtyr1/XC602556.ogg,0
sobtyr1/XC820772.ogg,1
sobtyr1/XC912017.ogg,1
sobtyr1/XC419306.ogg,2
sobtyr1/XC344295.ogg,1
sobtyr1/XC431411.ogg,2
sobtyr1/XC696241.ogg,3
sobtyr1/XC789959.ogg,4
sobtyr1/iNat474439.ogg,3
sobtyr1/XC1067423.ogg,4
sobtyr1/XC783230.ogg,2
sobtyr1/XC580454.ogg,2
sobtyr1/iNat1665442.ogg,4
sobtyr1/iNat1538970.ogg,3
sobtyr1/XC605758.ogg,0
sobtyr1/XC964066.ogg,2
sobtyr1/XC148254.ogg,3
sobtyr1/iNat886817.ogg,3
sobtyr1/iNat511513.ogg,1
sobtyr1/iNat763694.ogg,2
sobtyr1/XC428546.ogg,2
sobtyr1/XC428395.ogg,4
sobtyr1/XC299144.ogg,0
sobtyr1/XC376471.ogg,2
sobtyr1/XC202683.ogg,0
sobtyr1/XC895827.ogg,3
sobtyr1/XC248625.ogg,3
sobtyr1/iNat688539.ogg,3
sobtyr1/XC245394.ogg,4
sobtyr1/XC174812.ogg,2
sobtyr1/XC817248.ogg,2
sobtyr1/iNat890380.ogg,2
sobtyr1/XC983917.ogg,4
sobtyr1/XC171553.ogg,4
sobtyr1/XC642669.ogg,1
sobtyr1/iNat1456174.ogg,0
sobtyr1/iNat785612.ogg,2
sobtyr1/iNat138983.ogg,3
sobtyr1/iNat1158730.ogg,3
sobtyr1/XC285170.ogg,1
sobtyr1/XC566554.ogg,0
sobtyr1/XC148187.ogg,3
sobtyr1/XC872121.ogg,3
sobtyr1/XC706964.ogg,2
sobtyr1/iNat1529160.ogg,2
sobtyr1/XC834907.ogg,4
sobtyr1/XC2328.ogg,0
sobtyr1/XC118094.ogg,3
sobtyr1/iNat886807.ogg,3
sobtyr1/XC258681.ogg,4
sobtyr1/XC115244.ogg,4
sobtyr1/iNat587007.ogg,3
sobtyr1/XC297998.ogg,1
sobtyr1/XC148343.ogg,3
sobtyr1/XC988645.ogg,4
sobtyr1/XC427148.ogg,2
sobtyr1/iNat886820.ogg,3
sobtyr1/XC898438.ogg,2
sobtyr1/XC428321.ogg,4
sobtyr1/iNat579797.ogg,4
sobtyr1/XC957264.ogg,0
sobtyr1/XC212875.ogg,3
sobtyr1/XC577957.ogg,2
sobtyr1/iNat138918.ogg,4
sobtyr1/XC604865.ogg,1
sobtyr1/XC918635.ogg,2
sobtyr1/XC52703.ogg,3
sobtyr1/XC115381.ogg,4
sobtyr1/iNat728246.ogg,4
sobtyr1/iNat1624900.ogg,0
sobtyr1/XC1011391.ogg,2
sobtyr1/iNat781540.ogg,1
sobtyr1/iNat680028.ogg,1
sobtyr1/XC832014.ogg,4
sobtyr1/XC384391.ogg,1
sobtyr1/XC144791.ogg,0
sobtyr1/XC708056.ogg,2
sobtyr1/XC640874.ogg,4
sobtyr1/XC288778.ogg,3
sobtyr1/XC541176.ogg,3
sobtyr1/XC369886.ogg,2
sobtyr1/XC482382.ogg,0
sobtyr1/iNat203846.ogg,0
sobtyr1/XC119822.ogg,3
sobtyr1/XC288156.ogg,4
sobtyr1/XC546512.ogg,0
sobtyr1/iNat313417.ogg,2
sobtyr1/XC425300.ogg,1
sobtyr1/XC193223.ogg,0
sobtyr1/XC615591.ogg,1
sobtyr1/iNat511514.ogg,1
sobtyr1/XC252023.ogg,0
sobtyr1/iNat910179.ogg,0
sobtyr1/XC144807.ogg,0
sobtyr1/XC143733.ogg,3
sobtyr1/XC609798.ogg,2
sobtyr1/XC135350.ogg,0
sobtyr1/XC904473.ogg,1
sobtyr1/iNat803891.ogg,4
sobtyr1/iNat777377.ogg,3
sobtyr1/XC287319.ogg,1
sobtyr1/XC945996.ogg,2
sobtyr1/XC1054021.ogg,3
sobtyr1/XC728396.ogg,2
sobtyr1/XC589601.ogg,1
sobtyr1/XC786320.ogg,2
sobtyr1/XC66086.ogg,1
sobtyr1/XC612768.ogg,1
sobtyr1/XC249723.ogg,3
sobtyr1/XC722109.ogg,2
sobtyr1/XC741871.ogg,2
sobtyr1/XC419518.ogg,0
sobtyr1/XC1034711.ogg,2
sobtyr1/XC247195.ogg,4
sobtyr1/XC698612.ogg,0
sobtyr1/iNat1069563.ogg,2
sobtyr1/XC940682.ogg,2
sobtyr1/XC258686.ogg,4
sobtyr1/iNat870108.ogg,3
sobtyr1/XC817224.ogg,2
sobtyr1/iNat901733.ogg,0
sobtyr1/XC206763.ogg,3
sobtyr1/iNat513586.ogg,3
sobtyr1/XC380948.ogg,2
sobtyr1/XC6672.ogg,3
sobtyr1/XC218731.ogg,0
sobtyr1/XC215523.ogg,4
sobtyr1/XC81494.ogg,1
sobtyr1/XC146975.ogg,1
sobtyr1/XC593033.ogg,4
sobtyr1/iNat1227892.ogg,4
sobtyr1/iNat243290.ogg,3
sobtyr1/XC208631.ogg,4
sobtyr1/iNat566145.ogg,4
sobtyr1/iNat929086.ogg,0
sobtyr1/XC190823.ogg,3
sobtyr1/XC599432.ogg,2
sobtyr1/XC696141.ogg,2
sobtyr1/XC538744.ogg,4
sobtyr1/XC833397.ogg,4
sobtyr1/iNat1422651.ogg,4
sobtyr1/XC66017.ogg,1
sobtyr1/XC872137.ogg,3
sobtyr1/XC157391.ogg,0
sobtyr1/iNat856688.ogg,3
sobtyr1/iNat687547.ogg,0
sobtyr1/XC496786.ogg,3
sobtyr1/XC602558.ogg,0
sobtyr1/XC430468.ogg,3
sobtyr1/XC1886.ogg,0
sobtyr1/iNat769895.ogg,0
sobtyr1/XC201967.ogg,0
sobtyr1/XC550967.ogg,3
sobtyr1/XC858385.ogg,2
sobtyr1/XC264663.ogg,4
sobtyr1/iNat1337434.ogg,0
sobtyr1/XC250145.ogg,3
sobtyr1/iNat1245865.ogg,2
sobtyr1/XC81497.ogg,1
sobtyr1/XC278794.ogg,0
sobtyr1/XC749741.ogg,4
sobtyr1/XC206143.ogg,4
sobtyr1/XC606666.ogg,4
sobtyr1/XC146736.ogg,1
sobtyr1/XC694919.ogg,4
sobtyr1/XC234335.ogg,3
sobtyr1/XC616305.ogg,1
sobtyr1/XC52702.ogg,3
sobtyr1/XC353959.ogg,1
sobtyr1/iNat607520.ogg,2
sobtyr1/XC654007.ogg,0
sobtyr1/XC81644.ogg,1
sobtyr1/XC244974.ogg,2
sobtyr1/XC491920.ogg,0
sobtyr1/XC890944.ogg,3
sobtyr1/XC244923.ogg,2
sobtyr1/XC582634.ogg,2
sobtyr1/XC407449.ogg,3
sobtyr1/XC482627.ogg,2
sobtyr1/XC728447.ogg,2
sobtyr1/XC763959.ogg,2
sobtyr1/XC213747.ogg,2
sobtyr1/iNat1020464.ogg,1
sobtyr1/iNat1599951.ogg,0
sobtyr1/XC737912.ogg,2
sobtyr1/XC303620.ogg,1
socfly1/iNat1631782.ogg,0
socfly1/XC287000.ogg,1
socfly1/XC974314.ogg,2
socfly1/XC294098.ogg,0
socfly1/iNat860357.ogg,4
socfly1/XC444592.ogg,3
socfly1/iNat1370954.ogg,1
socfly1/iNat1048069.ogg,4
socfly1/iNat367707.ogg,2
socfly1/XC898314.ogg,2
socfly1/XC471364.ogg,1
socfly1/XC469247.ogg,2
socfly1/iNat396696.ogg,0
socfly1/XC283384.ogg,4
socfly1/iNat1375018.ogg,2
socfly1/iNat1048032.ogg,4
socfly1/XC600294.ogg,1
socfly1/iNat104441.ogg,0
socfly1/XC661665.ogg,3
socfly1/XC564271.ogg,3
socfly1/XC415848.ogg,2
socfly1/XC56169.ogg,1
socfly1/XC82281.ogg,1
socfly1/XC503080.ogg,3
socfly1/iNat609777.ogg,2
socfly1/XC173325.ogg,2
socfly1/XC71469.ogg,1
socfly1/iNat242458.ogg,4
socfly1/XC503081.ogg,3
socfly1/XC264738.ogg,4
socfly1/XC844096.ogg,1
socfly1/XC553998.ogg,0
socfly1/XC493192.ogg,2
socfly1/iNat1117025.ogg,0
socfly1/XC518458.ogg,2
socfly1/iNat333388.ogg,0
socfly1/XC664287.ogg,1
socfly1/iNat330952.ogg,0
socfly1/XC764419.ogg,1
socfly1/iNat667534.ogg,2
socfly1/iNat1225320.ogg,2
socfly1/iNat1576747.ogg,4
socfly1/XC130882.ogg,3
socfly1/iNat355174.ogg,2
socfly1/XC774133.ogg,1
socfly1/XC491976.ogg,4
socfly1/XC825528.ogg,4
socfly1/XC423234.ogg,3
socfly1/iNat1651609.ogg,4
socfly1/iNat250969.ogg,1
socfly1/iNat1335151.ogg,2
socfly1/iNat1701203.ogg,2
socfly1/iNat752471.ogg,4
socfly1/XC558078.ogg,1
socfly1/iNat415789.ogg,1
socfly1/XC955369.ogg,1
socfly1/XC741081.ogg,2
socfly1/XC592983.ogg,3
socfly1/XC288743.ogg,1
socfly1/iNat1598833.ogg,1
socfly1/iNat467996.ogg,2
socfly1/XC361771.ogg,1
socfly1/XC345620.ogg,1
socfly1/iNat1531309.ogg,0
socfly1/iNat1236658.ogg,2
socfly1/iNat171387.ogg,0
socfly1/XC82283.ogg,1
socfly1/iNat928235.ogg,3
socfly1/XC258994.ogg,4
socfly1/XC716471.ogg,2
socfly1/XC51028.ogg,3
socfly1/XC17002.ogg,3
socfly1/XC878770.ogg,3
socfly1/iNat1355689.ogg,0
socfly1/XC144802.ogg,0
socfly1/iNat287442.ogg,2
socfly1/iNat1490370.ogg,3
socfly1/XC419053.ogg,2
socfly1/XC470050.ogg,3
socfly1/XC566218.ogg,0
socfly1/XC144833.ogg,4
socfly1/XC559346.ogg,3
socfly1/iNat1363614.ogg,2
socfly1/XC743184.ogg,3
socfly1/iNat1335733.ogg,2
socfly1/iNat1318429.ogg,0
socfly1/iNat1336016.ogg,2
socfly1/XC974117.ogg,2
socfly1/iNat546394.ogg,1
socfly1/XC259000.ogg,4
socfly1/XC360584.ogg,1
socfly1/iNat1458722.ogg,3
socfly1/iNat541859.ogg,4
socfly1/XC835396.ogg,1
socfly1/XC352974.ogg,1
socfly1/XC637209.ogg,3
socfly1/XC245559.ogg,3
socfly1/XC127639.ogg,3
socfly1/XC148249.ogg,3
socfly1/iNat1436942.ogg,0
socfly1/iNat341708.ogg,4
socfly1/iNat374536.ogg,2
socfly1/XC388839.ogg,2
socfly1/XC259001.ogg,4
socfly1/XC336066.ogg,1
socfly1/iNat105970.ogg,1
socfly1/XC336056.ogg,4
socfly1/iNat419959.ogg,4
socfly1/iNat335370.ogg,0
socfly1/iNat324761.ogg,1
socfly1/XC1008903.ogg,4
socfly1/iNat1637800.ogg,3
socfly1/iNat831050.ogg,0
socfly1/XC497713.ogg,3
socfly1/XC170117.ogg,4
socfly1/XC497712.ogg,3
socfly1/XC955370.ogg,1
socfly1/iNat468009.ogg,2
socfly1/XC294099.ogg,0
socfly1/XC419445.ogg,0
socfly1/iNat907404.ogg,1
socfly1/iNat953209.ogg,1
socfly1/XC894786.ogg,3
socfly1/XC180356.ogg,4
socfly1/XC423233.ogg,3
socfly1/XC709921.ogg,0
socfly1/iNat1159979.ogg,1
socfly1/XC389016.ogg,2
socfly1/XC240963.ogg,4
socfly1/iNat1416661.ogg,4
socfly1/iNat568306.ogg,0
socfly1/iNat1231000.ogg,2
socfly1/iNat609293.ogg,2
socfly1/iNat555188.ogg,0
socfly1/XC523980.ogg,3
socfly1/XC310894.ogg,3
socfly1/XC743650.ogg,1
socfly1/XC437460.ogg,2
socfly1/iNat1375110.ogg,2
socfly1/iNat192984.ogg,3
socfly1/iNat375301.ogg,0
socfly1/iNat1549112.ogg,4
socfly1/iNat1609434.ogg,3
socfly1/iNat1204441.ogg,2
socfly1/XC332926.ogg,4
socfly1/XC82284.ogg,1
socfly1/XC838839.ogg,1
socfly1/XC472226.ogg,4
socfly1/iNat331039.ogg,0
socfly1/iNat546244.ogg,3
socfly1/XC384654.ogg,3
socfly1/iNat1318470.ogg,0
socfly1/iNat1002797.ogg,4
socfly1/XC989872.ogg,3
socfly1/XC51031.ogg,3
socfly1/XC797402.ogg,1
socfly1/XC999214.ogg,4
socfly1/iNat1370955.ogg,1
socfly1/XC441813.ogg,3
socfly1/XC274327.ogg,4
socfly1/iNat600879.ogg,3
socfly1/XC653164.ogg,4
socfly1/iNat319151.ogg,0
socfly1/XC308826.ogg,3
socfly1/iNat1338061.ogg,3
socfly1/XC927015.ogg,2
socfly1/XC925760.ogg,3
socfly1/XC258992.ogg,4
socfly1/iNat1683348.ogg,3
socfly1/iNat346094.ogg,4
socfly1/XC245098.ogg,3
socfly1/XC243445.ogg,3
socfly1/iNat38922.ogg,4
socfly1/XC955368.ogg,1
socfly1/XC774131.ogg,1
socfly1/iNat365366.ogg,4
socfly1/iNat319739.ogg,1
socfly1/XC831164.ogg,4
socfly1/XC690978.ogg,4
socfly1/iNat1191161.ogg,1
socfly1/XC128552.ogg,1
socfly1/iNat1048031.ogg,4
socfly1/iNat1560089.ogg,4
socfly1/XC774130.ogg,1
socfly1/iNat1691666.ogg,0
socfly1/XC551764.ogg,2
socfly1/XC28596.ogg,1
socfly1/XC207185.ogg,4
socfly1/XC286541.ogg,4
socfly1/iNat1198673.ogg,4
socfly1/XC170118.ogg,4
socfly1/XC294040.ogg,3
socfly1/iNat1008696.ogg,4
socfly1/iNat1236307.ogg,3
socfly1/XC441812.ogg,3
socfly1/XC196683.ogg,4
socfly1/iNat69753.ogg,1
socfly1/iNat64535.ogg,1
socfly1/iNat934491.ogg,0
socfly1/iNat381368.ogg,0
socfly1/XC51032.ogg,3
socfly1/iNat569529.ogg,0
socfly1/XC169981.ogg,4
socfly1/XC283819.ogg,4
socfly1/XC1035571.ogg,2
socfly1/XC831163.ogg,4
socfly1/iNat703006.ogg,0
socfly1/XC46719.ogg,3
socfly1/iNat250753.ogg,1
socfly1/iNat877367.ogg,1
socfly1/XC659531.ogg,2
socfly1/iNat1318454.ogg,0
socfly1/iNat263264.ogg,2
socfly1/iNat152833.ogg,2
socfly1/iNat609124.ogg,2
socfly1/XC245553.ogg,3
socfly1/XC471366.ogg,1
socfly1/XC486459.ogg,4
socfly1/iNat839334.ogg,2
socfly1/XC569193.ogg,3
socfly1/iNat1524011.ogg,2
socfly1/XC437463.ogg,2
socfly1/XC1016008.ogg,3
socfly1/iNat1560091.ogg,4
socfly1/XC317519.ogg,1
socfly1/iNat374535.ogg,2
socfly1/iNat1687269.ogg,4
socfly1/XC10557.ogg,3
socfly1/XC181078.ogg,4
socfly1/XC441814.ogg,3
socfly1/XC352294.ogg,3
socfly1/iNat346585.ogg,1
socfly1/iNat1002801.ogg,4
socfly1/XC894784.ogg,3
socfly1/XC927106.ogg,2
socfly1/iNat514001.ogg,0
socfly1/iNat574549.ogg,0
socfly1/XC378507.ogg,1
socfly1/XC258997.ogg,4
socfly1/XC254188.ogg,4
socfly1/iNat301919.ogg,0
socfly1/XC589557.ogg,0
socfly1/XC441815.ogg,3
socfly1/iNat1685298.ogg,4
socfly1/XC360397.ogg,1
socfly1/iNat1704586.ogg,1
socfly1/XC870664.ogg,1
socfly1/XC245156.ogg,4
socfly1/XC74718.ogg,1
socfly1/iNat1209613.ogg,0
socfly1/iNat948751.ogg,4
socfly1/XC539029.ogg,4
socfly1/XC451641.ogg,2
socfly1/iNat920538.ogg,0
socfly1/iNat1727825.ogg,1
socfly1/XC503078.ogg,3
socfly1/iNat907402.ogg,0
socfly1/iNat1705430.ogg,4
socfly1/XC419444.ogg,0
socfly1/XC46718.ogg,3
socfly1/XC697449.ogg,2
socfly1/iNat1705422.ogg,4
socfly1/iNat439716.ogg,2
socfly1/iNat561362.ogg,4
socfly1/XC276809.ogg,0
socfly1/iNat1687317.ogg,4
socfly1/XC333940.ogg,3
socfly1/XC774129.ogg,1
socfly1/XC9361.ogg,3
socfly1/iNat212090.ogg,4
socfly1/XC63689.ogg,1
socfly1/XC745524.ogg,2
socfly1/iNat346095.ogg,4
socfly1/XC504241.ogg,2
socfly1/XC665690.ogg,3
socfly1/iNat1181651.ogg,2
socfly1/iNat546393.ogg,1
socfly1/XC196392.ogg,2
socfly1/iNat102377.ogg,4
socfly1/iNat1449839.ogg,3
socfly1/iNat363822.ogg,4
socfly1/XC471137.ogg,0
socfly1/XC29661.ogg,1
socfly1/XC588235.ogg,0
socfly1/iNat259417.ogg,1
socfly1/iNat1280333.ogg,0
socfly1/iNat581100.ogg,0
socfly1/iNat1131225.ogg,4
socfly1/XC713773.ogg,0
socfly1/XC28763.ogg,1
socfly1/XC333939.ogg,3
socfly1/XC349788.ogg,1
socfly1/XC520397.ogg,4
socfly1/iNat55224.ogg,4
socfly1/XC1016009.ogg,3
socfly1/XC774132.ogg,1
socfly1/iNat1095058.ogg,2
socfly1/iNat319136.ogg,1
socfly1/XC551763.ogg,2
socfly1/XC181682.ogg,1
socfly1/iNat53092.ogg,0
socfly1/iNat1590578.ogg,1
socfly1/XC463746.ogg,0
socfly1/XC489482.ogg,3
socfly1/iNat152832.ogg,2
socfly1/iNat430434.ogg,4
socfly1/iNat1013099.ogg,4
socfly1/XC233729.ogg,3
socfly1/XC249867.ogg,3
socfly1/XC843357.ogg,2
socfly1/XC352295.ogg,3
socfly1/XC471367.ogg,1
socfly1/iNat260914.ogg,2
socfly1/XC258996.ogg,4
socfly1/iNat1043530.ogg,2
socfly1/XC73857.ogg,1
socfly1/XC258995.ogg,4
socfly1/iNat671916.ogg,1
socfly1/XC974102.ogg,2
socfly1/iNat1446698.ogg,2
socfly1/iNat452827.ogg,2
socfly1/XC446777.ogg,0
socfly1/iNat344233.ogg,2
socfly1/iNat322454.ogg,0
socfly1/iNat979234.ogg,3
socfly1/iNat565344.ogg,2
socfly1/iNat1720270.ogg,0
socfly1/XC317541.ogg,3
socfly1/XC210856.ogg,1
socfly1/iNat372032.ogg,1
socfly1/XC479428.ogg,3
socfly1/XC955497.ogg,1
socfly1/XC163778.ogg,1
socfly1/XC389834.ogg,0
socfly1/iNat1423130.ogg,3
socfly1/XC249851.ogg,3
socfly1/XC194423.ogg,4
socfly1/XC709915.ogg,0
socfly1/XC414507.ogg,1
socfly1/iNat910989.ogg,0
socfly1/iNat275458.ogg,1
socfly1/XC538359.ogg,3
socfly1/XC497711.ogg,3
socfly1/XC170116.ogg,4
socfly1/iNat374529.ogg,2
socfly1/iNat268713.ogg,0
socfly1/XC497710.ogg,3
socfly1/XC121914.ogg,0
socfly1/XC126194.ogg,4
socfly1/iNat831976.ogg,0
socfly1/iNat64850.ogg,1
socfly1/iNat786860.ogg,1
socfly1/XC927108.ogg,2
socfly1/XC479377.ogg,3
socfly1/iNat139623.ogg,3
socfly1/XC407816.ogg,2
socfly1/XC275462.ogg,0
socfly1/XC360399.ogg,1
socfly1/XC688647.ogg,0
socfly1/XC144651.ogg,1
socfly1/iNat689873.ogg,1
socfly1/iNat571273.ogg,2
socfly1/XC913404.ogg,3
socfly1/XC606544.ogg,3
socfly1/XC471368.ogg,1
socfly1/iNat199466.ogg,0
socfly1/XC456715.ogg,4
socfly1/XC543863.ogg,1
socfly1/XC471365.ogg,1
socfly1/iNat1168508.ogg,2
socfly1/iNat1305499.ogg,3
socfly1/iNat603326.ogg,0
socfly1/iNat1505693.ogg,4
socfly1/iNat375304.ogg,0
socfly1/XC166809.ogg,4
socfly1/iNat1579317.ogg,0
socfly1/XC497709.ogg,3
socfly1/iNat212661.ogg,1
socfly1/XC793178.ogg,2
socfly1/iNat513562.ogg,2
socfly1/iNat581111.ogg,0
socfly1/XC781746.ogg,4
socfly1/iNat1162705.ogg,0
socfly1/iNat401255.ogg,1
socfly1/iNat98854.ogg,0
socfly1/iNat215527.ogg,1
socfly1/iNat880781.ogg,0
socfly1/XC332601.ogg,4
socfly1/XC678059.ogg,2
socfly1/XC421489.ogg,0
socfly1/XC248741.ogg,3
socfly1/XC628441.ogg,3
socfly1/iNat1190287.ogg,0
socfly1/XC211542.ogg,0
socfly1/iNat64615.ogg,1
socfly1/iNat948792.ogg,2
socfly1/iNat102376.ogg,4
socfly1/iNat1629003.ogg,4
socfly1/XC275463.ogg,0
socfly1/XC363475.ogg,4
socfly1/XC1067275.ogg,1
socfly1/iNat609243.ogg,1
socfly1/XC974561.ogg,2
socfly1/XC394873.ogg,2
socfly1/XC9352.ogg,3
socfly1/iNat830357.ogg,4
socfly1/iNat1280409.ogg,4
socfly1/iNat1394207.ogg,4
socfly1/iNat1318468.ogg,0
socfly1/iNat341933.ogg,0
socfly1/XC678396.ogg,0
socfly1/XC153568.ogg,0
socfly1/XC774209.ogg,1
socfly1/iNat387114.ogg,0
socfly1/iNat1318437.ogg,0
socfly1/XC445454.ogg,3
socfly1/iNat250967.ogg,1
socfly1/iNat1523987.ogg,2
socfly1/XC250166.ogg,3
socfly1/XC599774.ogg,2
socfly1/iNat165776.ogg,3
socfly1/iNat1243633.ogg,1
socfly1/XC444741.ogg,1
socfly1/iNat335805.ogg,1
socfly1/iNat178529.ogg,0
socfly1/XC835397.ogg,1
socfly1/XC666974.ogg,4
socfly1/XC611124.ogg,3
socfly1/iNat539768.ogg,3
socfly1/iNat1578588.ogg,4
socfly1/XC245085.ogg,3
socfly1/iNat1118591.ogg,1
socfly1/iNat1185639.ogg,0
socfly1/iNat1485214.ogg,1
socfly1/iNat369619.ogg,3
socfly1/iNat1637687.ogg,0
socfly1/XC154457.ogg,0
socfly1/iNat68082.ogg,2
socfly1/iNat69751.ogg,1
socfly1/XC378509.ogg,1
socfly1/XC82280.ogg,1
socfly1/XC794836.ogg,3
socfly1/XC275090.ogg,0
socfly1/XC999215.ogg,4
socfly1/iNat928545.ogg,0
socfly1/iNat1370956.ogg,1
socfly1/iNat1155777.ogg,3
socfly1/XC653167.ogg,4
socfly1/XC479378.ogg,3
socfly1/iNat1624134.ogg,0
socfly1/XC288716.ogg,2
socfly1/XC691001.ogg,1
socfly1/XC258998.ogg,4
socfly1/XC123477.ogg,4
socfly1/XC169982.ogg,4
socfly1/XC709919.ogg,0
socfly1/XC452719.ogg,2
socfly1/XC333936.ogg,3
socfly1/XC840766.ogg,3
socfly1/XC249866.ogg,3
socfly1/iNat509814.ogg,2
socfly1/XC351639.ogg,0
socfly1/iNat185772.ogg,1
socfly1/XC82282.ogg,1
socfly1/XC400454.ogg,3
socfly1/iNat1318467.ogg,0
socfly1/XC803524.ogg,0
socfly1/iNat797558.ogg,1
socfly1/iNat1549118.ogg,4
socfly1/XC115314.ogg,4
socfly1/iNat360705.ogg,2
socfly1/XC1004111.ogg,2
socfly1/XC680102.ogg,0
socfly1/iNat1426542.ogg,1
socfly1/XC714019.ogg,0
socfly1/XC210857.ogg,1
socfly1/XC632544.ogg,1
socfly1/XC388840.ogg,2
socfly1/XC242597.ogg,3
socfly1/XC480424.ogg,4
socfly1/XC427667.ogg,2
socfly1/XC56172.ogg,1
socfly1/XC878768.ogg,3
socfly1/iNat763641.ogg,1
socfly1/XC419502.ogg,0
socfly1/iNat996104.ogg,2
socfly1/XC474405.ogg,3
socfly1/XC419239.ogg,0
socfly1/XC248803.ogg,3
socfly1/iNat1539062.ogg,2
socfly1/iNat200126.ogg,4
socfly1/XC497708.ogg,3
socfly1/XC196394.ogg,2
socfly1/XC31466.ogg,1
sofspi1/iNat1244811.ogg,0
sofspi1/iNat887552.ogg,2
sofspi1/iNat1245326.ogg,2
sofspi1/iNat1261616.ogg,3
sofspi1/iNat1263896.ogg,4
sofspi1/iNat1664377.ogg,4
sofspi1/iNat1301643.ogg,0
sofspi1/iNat1246497.ogg,4
sofspi1/iNat593710.ogg,3
sofspi1/iNat568245.ogg,2
sofspi1/iNat1659987.ogg,3
sofspi1/iNat312473.ogg,3
sofspi1/iNat321824.ogg,3
sofspi1/iNat320800.ogg,3
sofspi1/iNat423796.ogg,3
sofspi1/iNat369345.ogg,3
sofspi1/iNat336126.ogg,3
sofspi1/iNat558237.ogg,3
sofspi1/iNat310513.ogg,3
sofspi1/iNat309851.ogg,3
sofspi1/iNat309853.ogg,3
sofspi1/iNat309849.ogg,3
sofspi1/iNat636512.ogg,3
sofspi1/iNat540096.ogg,4
sofspi1/iNat352974.ogg,2
sofspi1/iNat304049.ogg,1
sofspi1/iNat303787.ogg,4
sofspi1/iNat1703917.ogg,3
sofspi1/iNat156884.ogg,4
sofspi1/iNat417697.ogg,4
sofspi1/iNat151160.ogg,1
sofspi1/iNat910882.ogg,4
sofspi1/iNat301392.ogg,3
sofspi1/iNat360327.ogg,3
sofspi1/iNat1252812.ogg,1
sofspi1/iNat319575.ogg,2
sofspi1/iNat1328387.ogg,0
sofspi1/iNat1579487.ogg,1
sofspi1/iNat1336941.ogg,3
sofspi1/iNat520647.ogg,1
sofspi1/iNat1328379.ogg,0
sofspi1/iNat336218.ogg,4
sofspi1/iNat582001.ogg,4
sofspi1/iNat583803.ogg,4
sofspi1/XC134931.ogg,0
sofspi1/iNat1379738.ogg,3
sofspi1/iNat1379739.ogg,3
sofspi1/iNat914046.ogg,4
sofspi1/iNat1043538.ogg,4
sofspi1/XC863360.ogg,1
sofspi1/iNat206413.ogg,2
sofspi1/iNat786987.ogg,0
sofspi1/iNat1584135.ogg,1
sofspi1/iNat447684.ogg,1
sofspi1/iNat138428.ogg,1
sofspi1/iNat1654581.ogg,3
sofspi1/iNat51033.ogg,3
sofspi1/iNat627532.ogg,4
sofspi1/XC390317.ogg,4
sofspi1/XC390316.ogg,4
sofspi1/XC390315.ogg,4
sofspi1/iNat140012.ogg,2
sofspi1/iNat1201139.ogg,0
sofspi1/iNat1265807.ogg,1
sofspi1/iNat1633169.ogg,1
sofspi1/iNat785613.ogg,2
sofspi1/iNat556106.ogg,2
sofspi1/iNat534354.ogg,0
sofspi1/iNat1671583.ogg,1
sofspi1/iNat41102.ogg,3
sofspi1/iNat1627892.ogg,1
sofspi1/iNat1662604.ogg,3
sofspi1/XC52038.ogg,3
sofspi1/iNat1188535.ogg,4
sofspi1/iNat1188536.ogg,4
sofspi1/iNat40817.ogg,3
sofspi1/XC574754.ogg,3
sofspi1/XC454293.ogg,3
sofspi1/iNat1254888.ogg,0
sofspi1/iNat147564.ogg,4
sofspi1/iNat319590.ogg,4
sofspi1/iNat851895.ogg,1
sofspi1/iNat429430.ogg,3
sofspi1/iNat825564.ogg,3
sofspi1/iNat1680020.ogg,4
sofspi1/iNat560122.ogg,0
sofspi1/iNat560124.ogg,0
sofspi1/iNat1247504.ogg,2
sofspi1/XC837242.ogg,2
sofspi1/XC1052872.ogg,2
sofspi1/XC996972.ogg,2
sofspi1/XC993631.ogg,2
sofspi1/XC933135.ogg,2
sofspi1/XC871555.ogg,2
sofspi1/XC831219.ogg,2
sofspi1/XC749826.ogg,2
sofspi1/XC741344.ogg,2
sofspi1/XC574501.ogg,2
sofspi1/XC605332.ogg,2
sofspi1/iNat281003.ogg,2
sofspi1/iNat281004.ogg,2
sofspi1/iNat795785.ogg,3
sofspi1/iNat791020.ogg,3
sofspi1/XC825513.ogg,4
sofspi1/iNat1196757.ogg,2
sofspi1/iNat697633.ogg,3
sofspi1/XC200482.ogg,1
sofspi1/iNat560453.ogg,4
sofspi1/iNat148535.ogg,4
sofspi1/iNat809205.ogg,3
sofspi1/iNat1059188.ogg,3
sofspi1/iNat1016648.ogg,3
sofspi1/iNat1144836.ogg,3
sofspi1/iNat791272.ogg,3
sofspi1/iNat547607.ogg,3
sofspi1/iNat143023.ogg,0
sofspi1/iNat321951.ogg,3
sofspi1/iNat772478.ogg,3
sofspi1/XC181729.ogg,0
sofspi1/iNat210418.ogg,3
sofspi1/iNat165382.ogg,3
sofspi1/iNat540386.ogg,3
sofspi1/iNat316449.ogg,0
sofspi1/iNat316452.ogg,0
sofspi1/iNat541834.ogg,3
sofspi1/iNat516496.ogg,3
sofspi1/iNat493020.ogg,3
sofspi1/iNat493021.ogg,3
sofspi1/iNat493025.ogg,3
sofspi1/iNat541832.ogg,3
sofspi1/iNat1106661.ogg,3
sofspi1/iNat1106662.ogg,3
sofspi1/iNat849378.ogg,0
sofspi1/iNat401122.ogg,3
sofspi1/iNat417430.ogg,3
sofspi1/iNat621608.ogg,3
sofspi1/iNat510383.ogg,3
sofspi1/iNat768633.ogg,3
sofspi1/iNat766943.ogg,3
sofspi1/iNat537724.ogg,3
sofspi1/iNat391670.ogg,3
sofspi1/iNat587391.ogg,3
sofspi1/iNat688544.ogg,3
sofspi1/iNat1330677.ogg,1
sofspi1/iNat766954.ogg,3
sofspi1/iNat621192.ogg,3
sofspi1/iNat532460.ogg,3
sofspi1/iNat764782.ogg,3
sofspi1/iNat386737.ogg,3
sofspi1/iNat155645.ogg,3
sofspi1/iNat772220.ogg,3
sofspi1/iNat772212.ogg,3
sofspi1/iNat592614.ogg,3
sofspi1/iNat766827.ogg,3
sofspi1/iNat766828.ogg,3
sofspi1/iNat766829.ogg,3
sofspi1/iNat588508.ogg,3
sofspi1/iNat786434.ogg,1
sofspi1/iNat395468.ogg,1
sofspi1/iNat352996.ogg,1
sofspi1/XC210157.ogg,3
sofspi1/iNat556379.ogg,3
sofspi1/iNat337897.ogg,3
sofspi1/iNat1208716.ogg,1
sofspi1/XC510891.ogg,3
sofspi1/XC829043.ogg,4
sofspi1/XC552928.ogg,1
sofspi1/iNat577930.ogg,0
sofspi1/iNat634864.ogg,4
sofspi1/iNat818156.ogg,1
sofspi1/iNat438415.ogg,4
sofspi1/XC80884.ogg,1
sofspi1/iNat586260.ogg,4
sofspi1/iNat692709.ogg,3
sofspi1/iNat55325.ogg,4
sofspi1/iNat863392.ogg,0
sofspi1/XC578143.ogg,2
sofspi1/XC576263.ogg,1
sofspi1/iNat318960.ogg,4
sofspi1/XC1040169.ogg,1
sofspi1/XC336701.ogg,4
sofspi1/XC1019082.ogg,3
sofspi1/iNat1500238.ogg,2
sofspi1/iNat1459485.ogg,3
sofspi1/iNat207005.ogg,4
sofspi1/XC267307.ogg,0
sofspi1/iNat1231753.ogg,3
sofspi1/XC987621.ogg,4
sofspi1/XC959117.ogg,4
sofspi1/XC574751.ogg,3
sofspi1/XC313633.ogg,0
sofspi1/XC363024.ogg,3
sofspi1/iNat1379736.ogg,3
sofspi1/XC377755.ogg,0
sofspi1/XC377753.ogg,0
sofspi1/XC653270.ogg,2
sofspi1/XC519004.ogg,2
sofspi1/iNat1510202.ogg,2
sofspi1/iNat1448455.ogg,3
sofspi1/iNat1448459.ogg,3
sofspi1/iNat556274.ogg,1
sofspi1/iNat1197330.ogg,1
sofspi1/iNat1232586.ogg,4
sofspi1/XC843176.ogg,4
sofspi1/iNat565668.ogg,2
sofspi1/XC648131.ogg,2
sofspi1/XC413629.ogg,2
sofspi1/XC413105.ogg,2
sofspi1/XC457394.ogg,3
sofspi1/XC391505.ogg,4
sofspi1/iNat1639706.ogg,3
sofspi1/XC457419.ogg,3
sofspi1/XC399513.ogg,3
sofspi1/iNat1659831.ogg,3
sofspi1/iNat732553.ogg,0
sofspi1/XC29303.ogg,3
sofspi1/XC508609.ogg,3
sofspi1/XC830010.ogg,1
sofspi1/XC142786.ogg,1
sofspi1/XC48771.ogg,4
sofspi1/XC832489.ogg,0
sofspi1/XC48767.ogg,4
sofspi1/XC48769.ogg,4
sofspi1/XC29304.ogg,3
sofspi1/XC29308.ogg,3
sofspi1/XC29307.ogg,3
sofspi1/XC29306.ogg,3
sofspi1/XC29305.ogg,3
sofspi1/XC29302.ogg,3
sofspi1/XC1052933.ogg,3
sofspi1/XC1064781.ogg,3
sofspi1/iNat678561.ogg,1
sofspi1/iNat341966.ogg,0
sofspi1/iNat1336313.ogg,0
sofspi1/iNat843722.ogg,0
sofspi1/XC199220.ogg,1
sofspi1/XC212260.ogg,0
sofspi1/XC212258.ogg,0
sofspi1/XC589743.ogg,4
sofspi1/XC388557.ogg,2
sofspi1/XC544450.ogg,3
sofspi1/iNat338246.ogg,4
sofspi1/XC535645.ogg,4
sofspi1/iNat1627263.ogg,4
sofspi1/iNat1614759.ogg,4
sofspi1/XC586397.ogg,0
sofspi1/XC586396.ogg,0
sofspi1/XC402640.ogg,4
sofspi1/XC419911.ogg,2
sofspi1/XC417042.ogg,2
sofspi1/iNat1246811.ogg,4
sofspi1/iNat26480.ogg,3
sofspi1/iNat327237.ogg,3
sofspi1/iNat320597.ogg,3
sofspi1/iNat265307.ogg,3
sofspi1/iNat49566.ogg,3
sofspi1/iNat49567.ogg,3
sofspi1/iNat1722762.ogg,4
sofspi1/XC856202.ogg,0
sofspi1/XC123925.ogg,3
sofspi1/XC145513.ogg,1
sofspi1/XC145512.ogg,1
sofspi1/XC452481.ogg,2
sofspi1/iNat1620020.ogg,0
sofspi1/XC454936.ogg,4
sofspi1/XC455111.ogg,4
sofspi1/XC705068.ogg,0
sofspi1/XC212262.ogg,0
sofspi1/XC52037.ogg,3
sofspi1/iNat1449063.ogg,3
sofspi1/XC616314.ogg,1
sofspi1/XC389120.ogg,4
sofspi1/iNat1686276.ogg,3
sofspi1/XC114110.ogg,2
sofspi1/XC114241.ogg,4
sofspi1/XC1003077.ogg,3
sofspi1/XC1003075.ogg,3
sofspi1/XC1030259.ogg,3
sofspi1/XC394390.ogg,1
sofspi1/XC178064.ogg,1
sofspi1/XC173370.ogg,2
sofspi1/XC348952.ogg,1
sofspi1/XC173056.ogg,2
sofspi1/XC385488.ogg,3
sofspi1/iNat836381.ogg,4
sofspi1/XC663403.ogg,4
sofspi1/iNat1408986.ogg,1
sofspi1/iNat773275.ogg,4
sofspi1/iNat1412056.ogg,0
sofspi1/XC158740.ogg,3
sofspi1/XC337226.ogg,4
sofspi1/XC336243.ogg,4
sofspi1/XC268581.ogg,1
sofspi1/XC265140.ogg,4
sofspi1/XC749322.ogg,1
sofspi1/XC170349.ogg,4
sofspi1/XC171437.ogg,4
sofspi1/XC169988.ogg,4
sofspi1/XC171557.ogg,4
sofspi1/XC170350.ogg,4
sofspi1/XC169989.ogg,4
sofspi1/XC169853.ogg,4
sofspi1/XC169847.ogg,4
sofspi1/XC261358.ogg,4
sofspi1/XC261353.ogg,4
sofspi1/XC261360.ogg,4
sofspi1/XC1018927.ogg,1
sofspi1/XC658440.ogg,1
sofspi1/iNat880791.ogg,0
sofspi1/XC474812.ogg,4
sofspi1/XC16231.ogg,3
sofspi1/XC453672.ogg,2
sofspi1/XC615112.ogg,0
sofspi1/XC615113.ogg,0
sofspi1/XC1775.ogg,0
sofspi1/XC301026.ogg,0
sofspi1/XC437598.ogg,4
sofspi1/XC1065442.ogg,3
sofspi1/XC638278.ogg,3
sofspi1/XC126976.ogg,0
sofspi1/XC126723.ogg,0
sofspi1/XC155505.ogg,0
sofspi1/XC737412.ogg,2
sofspi1/XC418518.ogg,2
sofspi1/XC157342.ogg,4
sofspi1/XC811912.ogg,2
sofspi1/XC1067421.ogg,4
sofspi1/XC2100.ogg,0
sofspi1/XC2147.ogg,0
sofspi1/XC2104.ogg,0
sofspi1/XC707205.ogg,3
sofspi1/XC438778.ogg,4
sofspi1/XC447015.ogg,2
sofspi1/XC699813.ogg,2
sofspi1/XC403204.ogg,3
sofspi1/XC654272.ogg,2
sofspi1/XC556101.ogg,2
sofspi1/XC631903.ogg,2
sofspi1/XC444939.ogg,2
sofspi1/XC691250.ogg,2
sofspi1/XC743241.ogg,2
sofspi1/XC743242.ogg,2
sofspi1/XC157296.ogg,4
sofspi1/XC1019649.ogg,2
sofspi1/XC800283.ogg,2
sofspi1/XC800281.ogg,2
sofspi1/XC421327.ogg,0
sofspi1/XC976881.ogg,2
sofspi1/XC965580.ogg,2
sofspi1/XC906402.ogg,2
sofspi1/XC752864.ogg,2
sofspi1/XC752854.ogg,2
sofspi1/XC215752.ogg,2
sofspi1/XC215751.ogg,2
sofspi1/XC269605.ogg,2
sofspi1/XC565169.ogg,2
sofspi1/XC358990.ogg,2
sofspi1/XC700799.ogg,2
sofspi1/XC700798.ogg,2
sofspi1/XC857517.ogg,2
sofspi1/XC932685.ogg,2
sofspi1/XC318354.ogg,4
sofspi1/XC400256.ogg,4
sofspi1/XC324697.ogg,1
sofspi1/XC324468.ogg,1
sofspi1/XC80883.ogg,1
sofspi1/XC345122.ogg,3
sofspi1/XC1065472.ogg,3
sofspi1/XC153593.ogg,1
sofspi1/XC144911.ogg,1
sofspi1/XC303717.ogg,1
sofspi1/XC487957.ogg,3
sofspi1/XC171183.ogg,3
sofspi1/XC279085.ogg,1
sofspi1/XC514660.ogg,3
sofspi1/XC80881.ogg,1
sofspi1/iNat1290111.ogg,4
sofspi1/XC443459.ogg,2
sofspi1/XC908726.ogg,2
sofspi1/XC722080.ogg,2
sofspi1/XC613949.ogg,2
sofspi1/XC371517.ogg,1
sofspi1/XC764621.ogg,2
sofspi1/XC787199.ogg,2
sofspi1/XC826951.ogg,0
sofspi1/XC728414.ogg,2
sofspi1/XC898364.ogg,2
sofspi1/XC898358.ogg,2
sofspi1/XC169911.ogg,4
sofspi1/XC793194.ogg,2
sofspi1/XC790140.ogg,2
sofspi1/iNat1287587.ogg,3
sofspi1/XC200969.ogg,3
sofspi1/XC584755.ogg,3
sofspi1/XC287550.ogg,1
sofspi1/XC279077.ogg,1
sofspi1/XC80882.ogg,1
sofspi1/XC279079.ogg,1
sofspi1/XC279078.ogg,1
sofspi1/XC579105.ogg,3
sofspi1/XC279093.ogg,1
sofspi1/XC279080.ogg,1
sofspi1/XC279090.ogg,1
sofspi1/XC698583.ogg,0
sofspi1/XC490680.ogg,0
sofspi1/XC878764.ogg,3
sofspi1/XC646554.ogg,1
sofspi1/XC1030208.ogg,3
sofspi1/XC1017669.ogg,3
sofspi1/iNat1335014.ogg,4
sofspi1/XC344998.ogg,0
sofspi1/iNat1335715.ogg,3
sofspi1/iNat196099.ogg,3
sofspi1/iNat888420.ogg,1
sofspi1/iNat888350.ogg,0
sofspi1/XC11592.ogg,3
sofspi1/XC201324.ogg,3
sofspi1/XC321401.ogg,1
sofspi1/iNat1296932.ogg,4
sofspi1/XC427993.ogg,2
sofspi1/XC427992.ogg,2
sofspi1/iNat971040.ogg,4
sofspi1/iNat1121734.ogg,4
sofspi1/iNat970905.ogg,4
sofspi1/XC698622.ogg,0
sofspi1/XC428539.ogg,2
sofspi1/XC428538.ogg,2
sofspi1/XC983869.ogg,3
sofspi1/XC119000.ogg,3
sofspi1/XC366779.ogg,3
sofspi1/XC562085.ogg,2
sofspi1/iNat53273.ogg,4
sofspi1/XC323889.ogg,1
sofspi1/XC279095.ogg,1
sofspi1/iNat587916.ogg,1
sofspi1/XC427994.ogg,2
sofspi1/XC197279.ogg,2
souant1/iNat1484795.ogg,3
souant1/iNat335162.ogg,4
souant1/iNat1239476.ogg,2
souant1/iNat1459458.ogg,3
souant1/iNat1383487.ogg,3
souant1/iNat1557343.ogg,3
souant1/iNat549090.ogg,3
souant1/iNat891007.ogg,1
souant1/XC154345.ogg,3
souant1/XC174492.ogg,1
souant1/XC244251.ogg,4
souant1/iNat1097296.ogg,2
souant1/XC551013.ogg,3
souant1/XC450681.ogg,3
souant1/XC839808.ogg,4
souant1/iNat840035.ogg,1
souant1/iNat1631510.ogg,1
souant1/XC468681.ogg,2
souant1/XC466720.ogg,2
souant1/iNat148808.ogg,4
souant1/iNat511056.ogg,4
souant1/iNat1268466.ogg,3
souant1/iNat1211120.ogg,1
souant1/XC1018425.ogg,3
souant1/XC664646.ogg,2
souant1/iNat1383485.ogg,3
souant1/XC906457.ogg,3
souant1/iNat163658.ogg,1
souant1/XC457365.ogg,3
souant1/XC585343.ogg,4
souant1/XC194469.ogg,0
souant1/XC194468.ogg,0
souant1/XC283151.ogg,1
souant1/XC283150.ogg,1
souant1/iNat804015.ogg,0
souant1/iNat1527671.ogg,2
souant1/XC774334.ogg,2
souant1/XC955847.ogg,2
souant1/XC767620.ogg,2
souant1/iNat1684051.ogg,2
souant1/XC621063.ogg,2
souant1/iNat563425.ogg,4
souant1/XC70075.ogg,1
souant1/XC843409.ogg,2
souant1/XC1029217.ogg,3
souant1/iNat818661.ogg,3
souant1/iNat575788.ogg,2
souant1/XC75570.ogg,1
souant1/iNat334952.ogg,4
souant1/XC414198.ogg,2
souant1/XC299610.ogg,0
souant1/XC299158.ogg,0
souant1/XC299147.ogg,0
souant1/XC334189.ogg,1
souant1/XC170248.ogg,1
souant1/XC419277.ogg,0
souant1/iNat1205461.ogg,0
souant1/XC502097.ogg,4
souant1/XC141683.ogg,4
souant1/XC144004.ogg,4
souant1/XC1063571.ogg,1
souant1/XC389469.ogg,4
souant1/XC973607.ogg,1
souant1/XC548518.ogg,1
souant1/XC586377.ogg,0
souant1/XC586376.ogg,0
souant1/XC586374.ogg,0
souant1/XC433341.ogg,2
souant1/XC423624.ogg,2
souant1/XC563034.ogg,3
souant1/iNat375780.ogg,2
souant1/XC196407.ogg,1
souant1/XC210152.ogg,1
souant1/XC989801.ogg,3
souant1/XC589990.ogg,1
souant1/XC319588.ogg,1
souant1/XC576075.ogg,1
souant1/XC995670.ogg,3
souant1/XC734470.ogg,1
souant1/XC17578.ogg,3
souant1/iNat323201.ogg,0
souant1/XC1010378.ogg,3
souant1/XC436793.ogg,2
souant1/XC556243.ogg,2
souant1/XC206678.ogg,3
souant1/XC286369.ogg,4
souant1/XC278068.ogg,4
souant1/XC312884.ogg,1
souant1/iNat1677843.ogg,4
souant1/XC396419.ogg,3
souant1/XC388441.ogg,3
souant1/XC388119.ogg,3
souant1/XC241793.ogg,3
souant1/XC268894.ogg,4
souant1/XC359165.ogg,1
souant1/XC438767.ogg,4
souant1/iNat1415358.ogg,0
souant1/XC556242.ogg,2
souant1/XC521868.ogg,4
souant1/XC50496.ogg,3
souant1/XC50495.ogg,3
souant1/XC674418.ogg,0
souant1/iNat180298.ogg,0
souant1/XC389129.ogg,4
souant1/iNat451466.ogg,4
souant1/iNat451467.ogg,4
souant1/XC234763.ogg,4
souant1/XC145503.ogg,1
souant1/XC143234.ogg,4
souant1/XC516447.ogg,3
souant1/XC142719.ogg,2
souant1/XC698135.ogg,0
souant1/XC173336.ogg,2
souant1/XC158748.ogg,3
souant1/iNat836346.ogg,4
souant1/XC358825.ogg,3
souant1/XC128416.ogg,3
souant1/XC115916.ogg,4
souant1/XC658429.ogg,1
souant1/XC838508.ogg,2
souant1/XC944842.ogg,4
souant1/XC944798.ogg,4
souant1/XC932375.ogg,3
souant1/XC810000.ogg,2
souant1/XC607982.ogg,2
souant1/XC607977.ogg,2
souant1/XC704589.ogg,2
souant1/XC704588.ogg,2
souant1/XC424191.ogg,2
souant1/XC743976.ogg,2
souant1/XC743975.ogg,2
souant1/XC1027572.ogg,2
souant1/XC403198.ogg,3
souant1/XC572936.ogg,2
souant1/XC414199.ogg,2
souant1/XC393881.ogg,1
souant1/XC1008487.ogg,2
souant1/XC205977.ogg,0
souant1/XC174547.ogg,2
souant1/XC1006653.ogg,2
souant1/XC387945.ogg,4
souant1/XC964542.ogg,3
souant1/XC714629.ogg,2
souant1/XC714627.ogg,2
souant1/XC714626.ogg,2
souant1/XC835206.ogg,3
souant1/iNat818410.ogg,3
souant1/XC115450.ogg,2
souant1/XC385715.ogg,0
souant1/XC827545.ogg,0
souant1/iNat1648928.ogg,3
souant1/XC340294.ogg,2
souant1/XC901538.ogg,2
souant1/XC901521.ogg,2
souant1/XC901518.ogg,2
souant1/XC901522.ogg,2
souant1/XC504392.ogg,3
souant1/XC187193.ogg,0
souant1/XC290233.ogg,1
soulap1/XC539586.ogg,4
soulap1/iNat133818.ogg,3
soulap1/iNat1589243.ogg,3
soulap1/XC423697.ogg,0
soulap1/XC375518.ogg,1
soulap1/XC924825.ogg,2
soulap1/XC492892.ogg,4
soulap1/XC470214.ogg,3
soulap1/iNat1555132.ogg,4
soulap1/iNat694117.ogg,0
soulap1/XC130484.ogg,1
soulap1/XC131138.ogg,3
soulap1/XC955571.ogg,4
soulap1/XC9046.ogg,3
soulap1/XC562682.ogg,2
soulap1/iNat138771.ogg,0
soulap1/iNat694118.ogg,0
soulap1/iNat456621.ogg,3
soulap1/iNat1627891.ogg,1
soulap1/XC680182.ogg,2
soulap1/iNat1522169.ogg,3
soulap1/XC51500.ogg,3
soulap1/iNat147754.ogg,4
soulap1/iNat1580458.ogg,3
soulap1/iNat1415325.ogg,2
soulap1/iNat356248.ogg,4
soulap1/XC144740.ogg,1
soulap1/XC560824.ogg,1
soulap1/iNat1544856.ogg,4
soulap1/iNat1683591.ogg,1
soulap1/XC428133.ogg,2
soulap1/XC440386.ogg,3
soulap1/XC384415.ogg,2
soulap1/XC433638.ogg,3
soulap1/XC421860.ogg,0
soulap1/iNat351923.ogg,3
soulap1/XC521724.ogg,3
soulap1/iNat586191.ogg,4
soulap1/XC861228.ogg,0
soulap1/iNat852142.ogg,2
soulap1/XC384670.ogg,4
soulap1/iNat727707.ogg,2
soulap1/iNat870353.ogg,0
soulap1/XC216146.ogg,2
soulap1/iNat747408.ogg,1
soulap1/iNat869424.ogg,1
soulap1/XC130867.ogg,3
soulap1/XC385647.ogg,2
soulap1/XC486635.ogg,3
soulap1/iNat1373214.ogg,0
soulap1/iNat139566.ogg,1
soulap1/XC546406.ogg,3
soulap1/iNat211561.ogg,3
soulap1/XC824281.ogg,4
soulap1/iNat1203529.ogg,3
soulap1/XC817544.ogg,4
soulap1/XC85478.ogg,1
soulap1/iNat84016.ogg,1
soulap1/XC991814.ogg,3
soulap1/XC17218.ogg,3
soulap1/iNat1622366.ogg,0
soulap1/XC798874.ogg,0
soulap1/iNat122506.ogg,3
soulap1/iNat371116.ogg,2
soulap1/iNat995673.ogg,3
soulap1/iNat889255.ogg,4
soulap1/iNat1491277.ogg,4
soulap1/iNat76185.ogg,3
soulap1/iNat1448408.ogg,3
soulap1/XC668987.ogg,3
soulap1/iNat740844.ogg,1
soulap1/XC415863.ogg,3
soulap1/XC262867.ogg,1
soulap1/XC568152.ogg,4
soulap1/iNat515894.ogg,0
soulap1/XC1023404.ogg,2
soulap1/iNat1259535.ogg,4
soulap1/XC393398.ogg,1
soulap1/iNat789205.ogg,3
soulap1/iNat273637.ogg,0
soulap1/XC871852.ogg,4
soulap1/iNat280977.ogg,4
soulap1/iNat325332.ogg,4
soulap1/XC16003.ogg,3
soulap1/XC549503.ogg,3
soulap1/XC501089.ogg,4
soulap1/XC48574.ogg,3
soulap1/XC254096.ogg,4
soulap1/XC481876.ogg,0
soulap1/XC148064.ogg,3
soulap1/iNat319976.ogg,4
soulap1/XC189822.ogg,1
soulap1/XC1883.ogg,0
soulap1/iNat889587.ogg,0
soulap1/XC705508.ogg,3
soulap1/iNat869423.ogg,1
soulap1/XC577147.ogg,4
soulap1/iNat1206201.ogg,1
soulap1/XC549501.ogg,3
soulap1/iNat790581.ogg,3
soulap1/XC974261.ogg,3
soulap1/iNat1343819.ogg,3
soulap1/XC374154.ogg,4
soulap1/iNat166879.ogg,4
soulap1/XC975744.ogg,3
soulap1/iNat1137284.ogg,3
soulap1/iNat613479.ogg,0
soulap1/XC620881.ogg,2
soulap1/XC359463.ogg,1
soulap1/iNat1611583.ogg,1
soulap1/iNat190682.ogg,3
soulap1/XC199139.ogg,1
soulap1/XC562683.ogg,2
soulap1/XC317796.ogg,1
soulap1/iNat895040.ogg,2
soulap1/iNat586506.ogg,4
soulap1/iNat1431064.ogg,4
soulap1/iNat493038.ogg,3
soulap1/iNat1495215.ogg,0
soulap1/XC296138.ogg,4
soulap1/XC816998.ogg,2
soulap1/XC439642.ogg,4
soulap1/XC442652.ogg,4
soulap1/XC974242.ogg,3
soulap1/iNat1376809.ogg,1
soulap1/XC595941.ogg,3
soulap1/iNat871547.ogg,1
soulap1/iNat616671.ogg,2
soulap1/XC1034704.ogg,2
soulap1/iNat497694.ogg,3
soulap1/iNat837366.ogg,2
soulap1/XC358450.ogg,2
soulap1/iNat1002820.ogg,1
soulap1/XC364097.ogg,2
soulap1/iNat835910.ogg,4
soulap1/XC591188.ogg,2
soulap1/XC276629.ogg,1
soulap1/iNat583458.ogg,1
soulap1/iNat1138129.ogg,4
soulap1/XC558367.ogg,1
soulap1/iNat39863.ogg,4
soulap1/XC540445.ogg,3
soulap1/XC328927.ogg,1
soulap1/XC745200.ogg,4
soulap1/XC806659.ogg,4
soulap1/iNat216822.ogg,3
soulap1/iNat1405995.ogg,0
soulap1/iNat863343.ogg,3
soulap1/XC361429.ogg,2
soulap1/iNat281055.ogg,4
soulap1/XC769555.ogg,2
soulap1/XC800390.ogg,2
soulap1/iNat563107.ogg,4
soulap1/iNat936262.ogg,2
soulap1/iNat565415.ogg,1
soulap1/iNat792243.ogg,1
soulap1/iNat347344.ogg,1
soulap1/XC440385.ogg,3
soulap1/XC975746.ogg,3
soulap1/XC825234.ogg,2
soulap1/iNat1580592.ogg,2
soulap1/iNat1408835.ogg,3
soulap1/iNat166333.ogg,4
soulap1/XC1035214.ogg,2
soulap1/XC66032.ogg,1
soulap1/XC974249.ogg,3
soulap1/XC784101.ogg,3
soulap1/iNat287348.ogg,1
soulap1/iNat634739.ogg,4
soulap1/XC338057.ogg,2
soulap1/XC946286.ogg,4
soulap1/XC681555.ogg,2
soulap1/XC798879.ogg,0
soulap1/XC571087.ogg,4
soulap1/iNat1613511.ogg,4
soulap1/iNat71355.ogg,4
soulap1/iNat689239.ogg,2
soulap1/iNat648245.ogg,0
soulap1/XC946287.ogg,4
soulap1/iNat1463581.ogg,3
soulap1/XC393117.ogg,2
soulap1/XC385646.ogg,2
soulap1/iNat871535.ogg,1
soulap1/XC754867.ogg,1
soulap1/XC731330.ogg,1
soulap1/XC855283.ogg,4
soulap1/XC318715.ogg,1
soulap1/XC534308.ogg,3
soulap1/XC146730.ogg,1
soulap1/iNat166878.ogg,4
soulap1/iNat550069.ogg,1
soulap1/XC420448.ogg,1
soulap1/iNat147630.ogg,4
soulap1/iNat607071.ogg,2
soulap1/XC413530.ogg,2
soulap1/XC270226.ogg,4
soulap1/iNat1637171.ogg,3
soulap1/iNat164146.ogg,2
soulap1/XC396560.ogg,4
soulap1/XC287588.ogg,0
soulap1/XC690730.ogg,2
soulap1/iNat850833.ogg,3
soulap1/iNat142359.ogg,4
soulap1/XC446954.ogg,0
soulap1/iNat149380.ogg,0
soulap1/XC524131.ogg,3
soulap1/XC460550.ogg,4
soulap1/XC647612.ogg,1
soulap1/iNat139040.ogg,2
soulap1/XC475626.ogg,4
soulap1/XC288203.ogg,4
soulap1/iNat863077.ogg,2
soulap1/XC592819.ogg,1
soulap1/iNat816124.ogg,4
soulap1/iNat835856.ogg,3
soulap1/iNat871534.ogg,1
soulap1/iNat607072.ogg,2
soulap1/XC782667.ogg,1
soulap1/XC435956.ogg,4
soulap1/iNat72683.ogg,0
soulap1/XC1048330.ogg,4
soulap1/iNat648243.ogg,0
soulap1/iNat728225.ogg,4
soulap1/XC856411.ogg,4
soulap1/XC534168.ogg,3
soulap1/iNat1653553.ogg,4
soulap1/iNat74926.ogg,0
soulap1/iNat607045.ogg,2
soulap1/iNat1278617.ogg,3
soulap1/XC154203.ogg,3
soulap1/iNat1594911.ogg,2
soulap1/XC492891.ogg,4
soulap1/iNat376829.ogg,4
soulap1/XC437635.ogg,3
soulap1/XC114069.ogg,0
soulap1/XC697474.ogg,2
soulap1/iNat862588.ogg,0
soulap1/iNat142521.ogg,4
soulap1/XC1052033.ogg,3
soulap1/XC353317.ogg,4
soulap1/iNat282059.ogg,3
soulap1/XC591190.ogg,2
soulap1/XC863923.ogg,2
soulap1/iNat1422602.ogg,3
soulap1/iNat247337.ogg,2
soulap1/XC709444.ogg,3
soulap1/iNat59859.ogg,2
soulap1/iNat871546.ogg,1
soulap1/iNat652413.ogg,2
soulap1/iNat1199123.ogg,0
soulap1/XC816991.ogg,2
soulap1/XC974094.ogg,2
soulap1/iNat603543.ogg,4
soulap1/iNat1580144.ogg,4
soulap1/iNat1637169.ogg,3
soulap1/XC346204.ogg,1
soulap1/iNat727711.ogg,2
soulap1/XC798870.ogg,0
soulap1/iNat1422064.ogg,4
soulap1/iNat152118.ogg,2
soulap1/iNat660075.ogg,1
soulap1/XC396559.ogg,4
soulap1/XC421164.ogg,2
soulap1/XC530225.ogg,2
soulap1/XC361137.ogg,3
soulap1/XC991824.ogg,3
soulap1/iNat532466.ogg,3
soulap1/XC395335.ogg,0
soulap1/XC863810.ogg,2
soulap1/XC608627.ogg,1
soulap1/iNat307834.ogg,2
soulap1/XC157884.ogg,3
soulap1/XC288528.ogg,2
soulap1/XC128035.ogg,4
soulap1/iNat138451.ogg,4
soulap1/iNat1685486.ogg,1
soulap1/iNat88215.ogg,0
soulap1/XC244850.ogg,2
soulap1/iNat183236.ogg,2
soulap1/iNat585902.ogg,4
soulap1/iNat855293.ogg,0
soulap1/iNat1506568.ogg,0
soulap1/XC419261.ogg,2
soulap1/iNat723571.ogg,2
soulap1/XC737429.ogg,2
soulap1/XC913100.ogg,1
soulap1/iNat1220389.ogg,2
soulap1/XC462571.ogg,3
soulap1/XC563293.ogg,3
soulap1/iNat635151.ogg,2
soulap1/iNat1529540.ogg,0
soulap1/XC435797.ogg,4
soulap1/iNat587222.ogg,2
soulap1/iNat446017.ogg,2
soulap1/XC799783.ogg,3
soulap1/XC507688.ogg,2
soulap1/iNat1506567.ogg,0
soulap1/iNat1284337.ogg,0
soulap1/iNat797918.ogg,2
soulap1/iNat21042.ogg,2
soulap1/XC896063.ogg,1
soulap1/XC902289.ogg,1
soulap1/XC615607.ogg,1
soulap1/XC438169.ogg,3
soulap1/iNat1191138.ogg,1
soulap1/iNat1495220.ogg,0
soulap1/iNat869425.ogg,1
soulap1/XC660374.ogg,0
soulap1/XC752860.ogg,2
soulap1/iNat67671.ogg,1
soulap1/iNat661722.ogg,0
soulap1/iNat1422060.ogg,2
soulap1/XC681554.ogg,2
soulap1/XC1049912.ogg,4
soulap1/XC456659.ogg,0
soulap1/XC991822.ogg,3
soulap1/iNat1293068.ogg,3
soulap1/XC811885.ogg,2
soulap1/XC1012156.ogg,3
soulap1/XC1882.ogg,0
soulap1/iNat789207.ogg,3
soulap1/XC819400.ogg,0
soulap1/XC837717.ogg,4
soulap1/iNat1676193.ogg,0
soulap1/XC116245.ogg,2
soulap1/iNat329840.ogg,0
soulap1/XC774903.ogg,3
soulap1/iNat673802.ogg,3
soulap1/iNat818001.ogg,0
soulap1/iNat575926.ogg,3
soulap1/iNat303614.ogg,3
soulap1/iNat663503.ogg,1
soulap1/iNat774710.ogg,1
soulap1/XC9625.ogg,3
soulap1/XC412737.ogg,3
soulap1/XC580177.ogg,3
soulap1/iNat486977.ogg,3
soulap1/iNat1242337.ogg,2
soulap1/iNat875288.ogg,3
soulap1/iNat996764.ogg,1
soulap1/XC928580.ogg,2
soulap1/iNat579087.ogg,1
soulap1/XC446953.ogg,0
soulap1/iNat387905.ogg,3
soulap1/XC1039910.ogg,2
soulap1/iNat565414.ogg,1
soulap1/iNat53369.ogg,4
soulap1/iNat1191137.ogg,1
soulap1/XC489125.ogg,4
soulap1/XC438580.ogg,4
soulap1/iNat1408177.ogg,4
soulap1/XC789522.ogg,2
soulap1/iNat1204518.ogg,4
soulap1/iNat1718324.ogg,3
soulap1/XC817124.ogg,1
soulap1/iNat158028.ogg,3
soulap1/iNat878578.ogg,2
soulap1/iNat166332.ogg,4
soulap1/iNat889586.ogg,0
soulap1/iNat1693281.ogg,2
soulap1/XC375519.ogg,1
soulap1/XC883513.ogg,2
soulap1/XC343265.ogg,1
soulap1/iNat1250269.ogg,2
soulap1/XC506875.ogg,4
soulap1/XC562823.ogg,0
soulap1/iNat869426.ogg,1
soulap1/iNat1269554.ogg,4
soulap1/iNat158027.ogg,3
soulap1/XC709441.ogg,3
soulap1/iNat166334.ogg,4
soulap1/iNat570317.ogg,3
soulap1/iNat514340.ogg,2
soulap1/iNat648242.ogg,0
soulap1/XC144878.ogg,1
soulap1/iNat516163.ogg,0
soulap1/XC940018.ogg,4
soulap1/iNat592816.ogg,3
soulap1/XC531935.ogg,2
soulap1/XC897031.ogg,2
soulap1/iNat786880.ogg,4
soulap1/XC1005801.ogg,3
soulap1/XC530724.ogg,1
soulap1/XC16002.ogg,3
soulap1/iNat871545.ogg,1
soulap1/iNat1605776.ogg,0
soulap1/XC959661.ogg,0
soulap1/XC974563.ogg,2
soulap1/iNat746038.ogg,0
soulap1/iNat1221240.ogg,3
soulap1/XC244975.ogg,2
soulap1/XC946288.ogg,4
soulap1/XC118896.ogg,3
soulap1/XC475624.ogg,4
soulap1/iNat979340.ogg,3
soulap1/iNat307134.ogg,0
soulap1/XC66050.ogg,1
soulap1/iNat256193.ogg,2
soulap1/XC716158.ogg,1
soulap1/XC131751.ogg,1
soulap1/XC625531.ogg,1
soulap1/XC1052119.ogg,2
soulap1/iNat451818.ogg,4
soulap1/iNat758894.ogg,2
soulap1/XC834382.ogg,4
soulap1/XC47139.ogg,3
soulap1/iNat1456183.ogg,0
soulap1/iNat268567.ogg,0
soulap1/iNat398053.ogg,0
soulap1/XC70818.ogg,1
soulap1/iNat311203.ogg,2
soulap1/iNat516958.ogg,3
soulap1/iNat1182101.ogg,4
soulap1/XC870900.ogg,2
soulap1/iNat616065.ogg,3
soulap1/iNat138599.ogg,2
soulap1/XC662666.ogg,1
soulap1/XC396548.ogg,2
soulap1/XC915943.ogg,0
soulap1/iNat1143923.ogg,4
soulap1/iNat73791.ogg,1
soulap1/iNat848657.ogg,2
soulap1/iNat782811.ogg,4
soulap1/XC384482.ogg,1
soulap1/iNat1505683.ogg,4
soulap1/XC131754.ogg,1
soulap1/XC713161.ogg,4
soulap1/XC375517.ogg,1
soulap1/iNat568455.ogg,1
soulap1/iNat1440240.ogg,2
soulap1/XC232487.ogg,0
soulap1/XC147195.ogg,1
soulap1/XC294690.ogg,1
soulap1/iNat366763.ogg,3
soulap1/XC269293.ogg,4
soulap1/iNat1335722.ogg,3
soulap1/XC893888.ogg,1
soulap1/XC1067733.ogg,4
soulap1/iNat1467900.ogg,3
soulap1/iNat817769.ogg,4
soulap1/XC528238.ogg,4
soulap1/XC1000536.ogg,3
soulap1/iNat41106.ogg,3
soulap1/iNat319784.ogg,0
soulap1/iNat376976.ogg,0
soulap1/iNat534296.ogg,3
soulap1/XC712956.ogg,4
soulap1/XC510860.ogg,3
soulap1/XC458976.ogg,4
soulap1/XC113781.ogg,4
soulap1/iNat1001564.ogg,2
soulap1/iNat1334173.ogg,3
soulap1/XC452630.ogg,1
soulap1/iNat682127.ogg,3
soulap1/iNat499244.ogg,3
soulap1/XC637646.ogg,3
soulap1/iNat1293172.ogg,0
soulap1/XC699645.ogg,2
soulap1/iNat557894.ogg,4
soulap1/XC999539.ogg,2
soulap1/XC459676.ogg,1
soulap1/iNat604213.ogg,4
soulap1/iNat599361.ogg,4
soulap1/iNat50784.ogg,3
soulap1/iNat1192016.ogg,0
soulap1/XC51499.ogg,3
soulap1/iNat614475.ogg,4
soulap1/iNat766947.ogg,3
soulap1/XC134178.ogg,1
soulap1/XC386695.ogg,4
soulap1/XC902305.ogg,1
soulap1/iNat1434604.ogg,4
soulap1/iNat1396296.ogg,0
soulap1/XC355326.ogg,2
soulap1/XC475609.ogg,4
soulap1/iNat150329.ogg,1
soulap1/XC47141.ogg,3
soulap1/XC171689.ogg,3
soulap1/iNat1164497.ogg,4
soulap1/iNat1195534.ogg,4
soulap1/XC170034.ogg,4
soulap1/XC415812.ogg,3
soulap1/iNat138984.ogg,3
soulap1/XC991812.ogg,3
soulap1/iNat1216593.ogg,0
soulap1/XC85479.ogg,1
soulap1/XC338712.ogg,4
soulap1/iNat1659917.ogg,2
soulap1/XC550002.ogg,1
soulap1/XC130858.ogg,3
soulap1/iNat1151420.ogg,0
soulap1/iNat1190246.ogg,3
soulap1/XC837994.ogg,2
soulap1/XC347764.ogg,1
soulap1/iNat674900.ogg,2
soulap1/iNat737934.ogg,3
soulap1/XC600438.ogg,4
souscr1/XC996856.ogg,3
souscr1/XC47094.ogg,3
souscr1/XC462664.ogg,3
souscr1/XC461325.ogg,3
souscr1/XC144339.ogg,1
souscr1/XC168293.ogg,1
souscr1/iNat851887.ogg,0
souscr1/iNat851888.ogg,0
souscr1/iNat851871.ogg,0
souscr1/iNat319768.ogg,4
souscr1/iNat156887.ogg,4
souscr1/iNat1291367.ogg,1
souscr1/iNat309678.ogg,2
souscr1/XC844833.ogg,0
souscr1/iNat341166.ogg,4
souscr1/iNat517545.ogg,3
souscr1/iNat535639.ogg,0
souscr1/iNat1126711.ogg,4
souscr1/iNat852719.ogg,1
souscr1/XC474065.ogg,3
souscr1/iNat1167460.ogg,4
souscr1/iNat885494.ogg,3
souscr1/XC607682.ogg,2
souscr1/XC579692.ogg,2
souscr1/XC613878.ogg,3
souscr1/XC806633.ogg,4
souscr1/XC663779.ogg,1
souscr1/XC754991.ogg,1
souscr1/XC117057.ogg,2
souscr1/XC642018.ogg,4
souscr1/iNat363969.ogg,0
souscr1/iNat193503.ogg,1
souscr1/XC471302.ogg,3
souscr1/iNat1354757.ogg,1
souscr1/iNat1099679.ogg,4
souscr1/iNat1099682.ogg,4
souscr1/XC173871.ogg,1
souscr1/XC146679.ogg,1
souscr1/iNat398134.ogg,0
souscr1/XC46349.ogg,3
souscr1/XC686646.ogg,2
souscr1/XC510865.ogg,3
souscr1/iNat634861.ogg,4
souscr1/XC823946.ogg,4
souscr1/XC200148.ogg,3
souscr1/XC181373.ogg,1
souscr1/XC117056.ogg,2
souscr1/XC770816.ogg,1
souscr1/XC368717.ogg,2
souscr1/XC368719.ogg,2
souscr1/iNat57725.ogg,3
souscr1/iNat1460158.ogg,4
souscr1/iNat350052.ogg,2
souscr1/iNat208328.ogg,4
souscr1/iNat1240305.ogg,1
souscr1/XC679485.ogg,1
souscr1/iNat730760.ogg,4
souscr1/XC391373.ogg,4
souscr1/XC391614.ogg,4
souscr1/XC615608.ogg,1
souscr1/XC147538.ogg,1
souscr1/XC51897.ogg,3
souscr1/XC51894.ogg,3
souscr1/XC616319.ogg,1
souscr1/XC217915.ogg,1
souscr1/XC84987.ogg,1
souscr1/XC17643.ogg,3
souscr1/XC343341.ogg,1
souscr1/XC119767.ogg,2
souscr1/XC119766.ogg,2
souscr1/iNat40804.ogg,3
souscr1/XC834085.ogg,3
souscr1/XC494930.ogg,0
souscr1/iNat513152.ogg,4
souscr1/XC720677.ogg,3
souscr1/XC9562.ogg,3
souscr1/XC9561.ogg,3
souscr1/XC499841.ogg,3
souscr1/XC84986.ogg,1
souscr1/XC631907.ogg,2
souscr1/iNat1244955.ogg,3
souscr1/XC167279.ogg,0
souscr1/XC171667.ogg,3
souscr1/XC896228.ogg,0
souscr1/iNat1432051.ogg,2
souscr1/iNat1614869.ogg,3
souscr1/XC707741.ogg,3
souscr1/XC707742.ogg,3
souscr1/XC707739.ogg,3
souscr1/XC2777.ogg,0
souscr1/XC707737.ogg,3
souscr1/XC149537.ogg,0
souscr1/XC345395.ogg,0
souscr1/XC707734.ogg,3
souscr1/XC707735.ogg,3
souscr1/XC264098.ogg,3
souscr1/XC2280.ogg,0
souscr1/XC63275.ogg,1
souscr1/XC63276.ogg,1
souscr1/XC2266.ogg,0
souscr1/XC358400.ogg,3
souscr1/XC2452.ogg,0
souscr1/XC1045165.ogg,2
spbant3/XC186336.ogg,1
spbant3/iNat247617.ogg,4
spbant3/iNat591401.ogg,3
spbant3/iNat1450717.ogg,3
spbant3/iNat580384.ogg,3
spbant3/iNat1369574.ogg,3
spbant3/iNat1460276.ogg,3
spbant3/iNat1484789.ogg,3
spbant3/iNat1467993.ogg,3
spbant3/XC173746.ogg,1
spbant3/iNat1460284.ogg,3
spbant3/iNat889780.ogg,2
spbant3/XC308815.ogg,4
spbant3/XC336809.ogg,4
spbant3/XC336817.ogg,4
spbant3/iNat55225.ogg,4
spbant3/XC727267.ogg,0
spbant3/XC436995.ogg,1
spbant3/XC574779.ogg,1
spbant3/iNat1499726.ogg,4
spbant3/iNat1695873.ogg,4
spbant3/iNat1695874.ogg,4
spbant3/XC982871.ogg,2
spbant3/XC940498.ogg,2
spbant3/iNat1665977.ogg,4
spbant3/XC1047887.ogg,4
spbant3/XC1047393.ogg,4
spbant3/XC366923.ogg,3
spbant3/XC468170.ogg,2
spbant3/XC958049.ogg,4
spbant3/XC725220.ogg,2
spbant3/XC725204.ogg,2
spbant3/XC386932.ogg,0
spbant3/iNat868394.ogg,4
spbant3/iNat868393.ogg,4
spbant3/XC528407.ogg,2
spbant3/iNat1238406.ogg,1
spbant3/iNat838205.ogg,1
spbant3/iNat763642.ogg,1
spbant3/iNat1355359.ogg,1
spbant3/XC477717.ogg,2
spbant3/XC581169.ogg,2
spbant3/iNat148804.ogg,4
spbant3/iNat1449831.ogg,3
spbant3/iNat1113385.ogg,2
spbant3/iNat1192329.ogg,2
spbant3/XC50028.ogg,3
spbant3/XC50027.ogg,3
spbant3/iNat809129.ogg,0
spbant3/XC70069.ogg,1
spbant3/iNat1485367.ogg,3
spbant3/XC305885.ogg,4
spbant3/XC305892.ogg,4
spbant3/XC457346.ogg,3
spbant3/iNat179167.ogg,1
spbant3/XC475553.ogg,2
spbant3/XC475554.ogg,2
spbant3/XC367359.ogg,3
spbant3/iNat1684062.ogg,2
spbant3/XC633299.ogg,2
spbant3/XC736287.ogg,2
spbant3/iNat864072.ogg,0
spbant3/XC476203.ogg,2
spbant3/iNat1104390.ogg,2
spbant3/iNat330660.ogg,4
spbant3/iNat330714.ogg,4
spbant3/iNat334956.ogg,4
spbant3/iNat587238.ogg,4
spbant3/iNat580338.ogg,3
spbant3/iNat326917.ogg,3
spbant3/iNat326867.ogg,3
spbant3/XC413889.ogg,2
spbant3/XC995037.ogg,3
spbant3/XC80083.ogg,1
spbant3/XC340704.ogg,4
spbant3/XC427504.ogg,2
spbant3/XC70795.ogg,1
spbant3/iNat848755.ogg,1
spbant3/XC843177.ogg,4
spbant3/XC705794.ogg,0
spbant3/XC705852.ogg,0
spbant3/XC705202.ogg,0
spbant3/XC4828.ogg,1
spbant3/XC5529.ogg,1
spbant3/XC502081.ogg,4
spbant3/XC187626.ogg,4
spbant3/iNat1626468.ogg,2
spbant3/iNat1627746.ogg,2
spbant3/iNat1627952.ogg,2
spbant3/iNat1627957.ogg,2
spbant3/iNat1628901.ogg,2
spbant3/iNat629501.ogg,2
spbant3/iNat725937.ogg,2
spbant3/iNat403248.ogg,2
spbant3/iNat465128.ogg,2
spbant3/XC182787.ogg,1
spbant3/XC770867.ogg,3
spbant3/iNat511718.ogg,4
spbant3/XC988650.ogg,3
spbant3/XC957117.ogg,3
spbant3/iNat335598.ogg,4
spbant3/iNat592056.ogg,4
spbant3/iNat382203.ogg,4
spbant3/XC285531.ogg,3
spbant3/XC244122.ogg,1
spbant3/XC80080.ogg,1
spbant3/XC80079.ogg,1
spbant3/XC569152.ogg,3
spbant3/XC355810.ogg,1
spbant3/XC1056468.ogg,3
spbant3/XC349881.ogg,1
spbant3/XC348403.ogg,1
spbant3/XC303208.ogg,1
spbant3/XC244127.ogg,1
spbant3/XC244126.ogg,1
spbant3/XC344779.ogg,1
spbant3/XC205369.ogg,1
spbant3/XC199218.ogg,1
spbant3/XC182785.ogg,1
spbant3/XC119961.ogg,3
spbant3/iNat507691.ogg,3
spbant3/XC70856.ogg,1
spbant3/iNat531361.ogg,0
spbant3/XC193645.ogg,0
spbant3/iNat1292051.ogg,4
spbant3/iNat1292058.ogg,4
spbant3/iNat1292059.ogg,4
spbant3/iNat1028326.ogg,0
spbant3/iNat396792.ogg,0
spbant3/iNat749689.ogg,2
spbant3/XC1049838.ogg,4
spbant3/iNat1266826.ogg,3
spbant3/XC965173.ogg,3
spbant3/XC294221.ogg,4
spbant3/XC294222.ogg,4
spbant3/XC895863.ogg,3
spbant3/XC812893.ogg,3
spbant3/XC244117.ogg,1
spbant3/iNat942413.ogg,0
spbant3/XC80078.ogg,1
spbant3/XC116222.ogg,2
spbant3/iNat167783.ogg,0
spbant3/XC389229.ogg,4
spbant3/iNat534109.ogg,4
spbant3/XC481898.ogg,2
spbant3/iNat397600.ogg,4
spbant3/XC146304.ogg,4
spbant3/XC244110.ogg,1
spbant3/XC143914.ogg,3
spbant3/XC118611.ogg,2
spbant3/XC855763.ogg,0
spbant3/XC973610.ogg,1
spbant3/XC663688.ogg,3
spbant3/XC80082.ogg,1
spbant3/iNat344206.ogg,1
spbant3/iNat344207.ogg,1
spbant3/iNat387255.ogg,1
spbant3/iNat452663.ogg,1
spbant3/iNat260355.ogg,1
spbant3/XC1015274.ogg,1
spbant3/XC744780.ogg,4
spbant3/XC207719.ogg,1
spbant3/XC575468.ogg,1
spbant3/XC317171.ogg,1
spbant3/XC668748.ogg,1
spbant3/XC668642.ogg,1
spbant3/XC317174.ogg,1
spbant3/XC609535.ogg,1
spbant3/iNat424552.ogg,4
spbant3/XC348740.ogg,1
spbant3/XC80077.ogg,1
spbant3/XC6473.ogg,3
spbant3/XC287481.ogg,4
spbant3/XC286992.ogg,4
spbant3/XC388265.ogg,3
spbant3/XC283689.ogg,4
spbant3/XC1049833.ogg,4
spbant3/XC389121.ogg,4
spbant3/XC337080.ogg,1
spbant3/XC727732.ogg,2
spbant3/XC727731.ogg,2
spbant3/XC244120.ogg,1
spbant3/XC292226.ogg,1
spbant3/XC838539.ogg,2
spbant3/XC838516.ogg,2
spbant3/XC838448.ogg,2
spbant3/XC838353.ogg,2
spbant3/XC838352.ogg,2
spbant3/XC838450.ogg,2
spbant3/XC838349.ogg,2
spbant3/XC838351.ogg,2
spbant3/XC340297.ogg,4
spbant3/XC340295.ogg,4
spbant3/XC338587.ogg,4
spbant3/XC338081.ogg,4
spbant3/XC938363.ogg,3
spbant3/XC777145.ogg,2
spbant3/XC774345.ogg,2
spbant3/XC581737.ogg,3
spbant3/XC200178.ogg,3
spbant3/XC415979.ogg,4
spbant3/XC1050302.ogg,0
spbant3/XC244114.ogg,1
spbant3/XC435926.ogg,1
spbant3/XC80081.ogg,1
spispi1/XC47797.ogg,3
spispi1/iNat583806.ogg,4
spispi1/iNat156008.ogg,3
spispi1/iNat536509.ogg,2
spispi1/iNat1192651.ogg,4
spispi1/iNat1589454.ogg,4
spispi1/iNat1503058.ogg,4
spispi1/iNat161118.ogg,4
spispi1/iNat796541.ogg,3
spispi1/iNat152608.ogg,4
spispi1/iNat320019.ogg,4
spispi1/iNat417710.ogg,4
spispi1/iNat165401.ogg,4
spispi1/iNat320036.ogg,4
spispi1/iNat786951.ogg,1
spispi1/iNat155266.ogg,4
spispi1/iNat417696.ogg,4
spispi1/iNat417701.ogg,4
spispi1/iNat314898.ogg,4
spispi1/iNat257727.ogg,0
spispi1/iNat1146641.ogg,2
spispi1/iNat49104.ogg,1
spispi1/iNat360635.ogg,4
spispi1/iNat869643.ogg,2
spispi1/iNat869647.ogg,2
spispi1/iNat924518.ogg,2
spispi1/iNat872079.ogg,3
spispi1/iNat316069.ogg,1
spispi1/iNat1087298.ogg,1
spispi1/XC283910.ogg,0
spispi1/iNat581733.ogg,4
spispi1/iNat582779.ogg,4
spispi1/iNat389731.ogg,1
spispi1/XC337654.ogg,4
spispi1/iNat943221.ogg,4
spispi1/iNat943225.ogg,4
spispi1/iNat1238714.ogg,0
spispi1/iNat1267511.ogg,1
spispi1/iNat1248488.ogg,2
spispi1/iNat1665808.ogg,1
spispi1/iNat1283778.ogg,1
spispi1/iNat1438283.ogg,3
spispi1/iNat841742.ogg,0
spispi1/iNat1673377.ogg,1
spispi1/iNat1297509.ogg,4
spispi1/iNat818109.ogg,0
spispi1/iNat907320.ogg,0
spispi1/iNat907319.ogg,0
spispi1/iNat709835.ogg,4
spispi1/iNat709837.ogg,4
spispi1/iNat1197537.ogg,4
spispi1/iNat1253321.ogg,4
spispi1/iNat709821.ogg,4
spispi1/iNat709822.ogg,4
spispi1/iNat709823.ogg,4
spispi1/iNat41114.ogg,3
spispi1/XC381229.ogg,3
spispi1/XC123833.ogg,0
spispi1/iNat591988.ogg,3
spispi1/iNat577837.ogg,4
spispi1/iNat789230.ogg,4
spispi1/iNat915444.ogg,4
spispi1/XC52043.ogg,3
spispi1/XC52042.ogg,3
spispi1/XC52041.ogg,3
spispi1/XC52040.ogg,3
spispi1/XC52039.ogg,3
spispi1/iNat148453.ogg,4
spispi1/iNat1163850.ogg,4
spispi1/iNat939528.ogg,3
spispi1/iNat46733.ogg,0
spispi1/iNat46731.ogg,0
spispi1/iNat1691724.ogg,3
spispi1/XC465436.ogg,3
spispi1/XC705041.ogg,1
spispi1/XC201258.ogg,4
spispi1/XC899171.ogg,4
spispi1/XC170805.ogg,1
spispi1/iNat1696531.ogg,3
spispi1/iNat1018978.ogg,2
spispi1/iNat1597511.ogg,4
spispi1/XC174730.ogg,2
spispi1/XC206886.ogg,3
spispi1/iNat56884.ogg,4
spispi1/XC187110.ogg,1
spispi1/iNat1624358.ogg,4
spispi1/iNat1624357.ogg,4
spispi1/iNat1624359.ogg,4
spispi1/iNat915695.ogg,1
spispi1/iNat1718151.ogg,2
spispi1/XC395257.ogg,4
spispi1/XC836841.ogg,2
spispi1/XC247448.ogg,2
spispi1/iNat1207584.ogg,1
spispi1/XC488916.ogg,0
spispi1/XC174285.ogg,1
spispi1/iNat995779.ogg,1
spispi1/XC982402.ogg,2
spispi1/iNat1005302.ogg,2
spispi1/iNat1271767.ogg,1
spispi1/iNat335052.ogg,2
spispi1/iNat183177.ogg,4
spispi1/iNat1256618.ogg,1
spispi1/iNat161337.ogg,4
spispi1/iNat159771.ogg,4
spispi1/XC550484.ogg,3
spispi1/iNat850806.ogg,4
spispi1/XC146776.ogg,3
spispi1/XC166274.ogg,0
spispi1/iNat708774.ogg,4
spispi1/iNat854220.ogg,3
spispi1/XC1001227.ogg,3
spispi1/XC1001226.ogg,3
spispi1/XC415517.ogg,2
spispi1/iNat1167342.ogg,2
spispi1/XC677026.ogg,3
spispi1/XC587669.ogg,2
spispi1/iNat938645.ogg,0
spispi1/XC299019.ogg,0
spispi1/XC279247.ogg,1
spispi1/XC932354.ogg,3
spispi1/XC80908.ogg,1
spispi1/XC421882.ogg,0
spispi1/iNat1280419.ogg,0
spispi1/XC187794.ogg,4
spispi1/XC186253.ogg,0
spispi1/iNat873299.ogg,2
spispi1/iNat912583.ogg,2
spispi1/XC466221.ogg,1
spispi1/XC305947.ogg,1
spispi1/XC305946.ogg,1
spispi1/iNat1631849.ogg,3
spispi1/iNat692233.ogg,0
spispi1/iNat397594.ogg,0
spispi1/XC279246.ogg,1
spispi1/iNat372788.ogg,4
spispi1/iNat375309.ogg,4
spispi1/XC80909.ogg,1
spispi1/iNat443057.ogg,4
spispi1/XC506444.ogg,0
spispi1/iNat511508.ogg,1
spispi1/iNat726343.ogg,0
spispi1/iNat207803.ogg,4
spispi1/XC342595.ogg,1
spispi1/XC342587.ogg,1
spispi1/XC279251.ogg,1
spispi1/XC80905.ogg,1
spispi1/XC1053934.ogg,0
spispi1/iNat553453.ogg,4
spispi1/XC144435.ogg,1
spispi1/iNat167801.ogg,0
spispi1/XC388558.ogg,2
spispi1/XC349037.ogg,3
spispi1/iNat174610.ogg,1
spispi1/XC119347.ogg,3
spispi1/iNat1557886.ogg,4
spispi1/XC348895.ogg,1
spispi1/XC423380.ogg,3
spispi1/XC744775.ogg,4
spispi1/XC344152.ogg,1
spispi1/XC145696.ogg,1
spispi1/XC212267.ogg,0
spispi1/XC145434.ogg,1
spispi1/XC423611.ogg,2
spispi1/XC285517.ogg,3
spispi1/XC291914.ogg,2
spispi1/XC348889.ogg,3
spispi1/XC279253.ogg,1
spispi1/iNat1224215.ogg,0
spispi1/XC856230.ogg,0
spispi1/XC544446.ogg,3
spispi1/XC123927.ogg,3
spispi1/XC133975.ogg,1
spispi1/XC531366.ogg,1
spispi1/XC499724.ogg,0
spispi1/iNat1727840.ogg,4
spispi1/XC17584.ogg,3
spispi1/XC236471.ogg,1
spispi1/iNat798325.ogg,3
spispi1/iNat1374076.ogg,0
spispi1/iNat1264642.ogg,0
spispi1/XC207575.ogg,3
spispi1/XC207574.ogg,3
spispi1/XC488989.ogg,4
spispi1/iNat1456192.ogg,0
spispi1/iNat1415288.ogg,0
spispi1/XC172802.ogg,1
spispi1/XC332912.ogg,4
spispi1/XC295595.ogg,4
spispi1/XC973700.ogg,3
spispi1/XC208434.ogg,3
spispi1/XC471122.ogg,3
spispi1/iNat308144.ogg,0
spispi1/XC342281.ogg,1
spispi1/XC114246.ogg,4
spispi1/XC114245.ogg,4
spispi1/XC351963.ogg,0
spispi1/iNat562748.ogg,2
spispi1/XC698110.ogg,0
spispi1/XC698109.ogg,0
spispi1/XC80907.ogg,1
spispi1/XC80906.ogg,1
spispi1/XC428014.ogg,2
spispi1/XC70774.ogg,1
spispi1/iNat1264698.ogg,2
spispi1/XC609862.ogg,1
spispi1/XC352262.ogg,1
spispi1/XC352260.ogg,1
spispi1/XC345351.ogg,0
spispi1/XC484548.ogg,4
spispi1/XC335996.ogg,4
spispi1/XC727680.ogg,2
spispi1/XC428012.ogg,2
spispi1/XC1030277.ogg,3
spispi1/iNat781680.ogg,4
spispi1/iNat164854.ogg,1
spispi1/XC303216.ogg,4
spispi1/XC303213.ogg,4
spispi1/XC1018595.ogg,1
spispi1/XC658442.ogg,1
spispi1/XC303619.ogg,1
spispi1/XC419312.ogg,0
spispi1/XC829397.ogg,0
spispi1/XC770505.ogg,2
spispi1/XC1050843.ogg,0
spispi1/XC287546.ogg,1
spispi1/XC169910.ogg,4
spispi1/XC530440.ogg,3
spispi1/XC200987.ogg,3
spispi1/iNat1286984.ogg,1
spispi1/iNat1286061.ogg,3
spispi1/iNat1286062.ogg,3
spispi1/iNat1286063.ogg,3
spispi1/iNat1286064.ogg,3
spispi1/iNat1286065.ogg,3
spispi1/iNat1286066.ogg,3
spispi1/XC571349.ogg,3
spispi1/XC428013.ogg,2
spispi1/XC303834.ogg,1
sptnig1/iNat483063.ogg,4
sptnig1/iNat743329.ogg,0
sptnig1/iNat790058.ogg,1
squcuc1/XC858935.ogg,4
squcuc1/XC806645.ogg,4
squcuc1/XC896043.ogg,1
squcuc1/XC198770.ogg,0
squcuc1/XC195308.ogg,3
squcuc1/XC195310.ogg,3
squcuc1/XC965503.ogg,3
squcuc1/XC962787.ogg,3
squcuc1/iNat1392416.ogg,3
squcuc1/iNat815063.ogg,1
squcuc1/iNat815064.ogg,1
squcuc1/iNat815062.ogg,1
squcuc1/XC118588.ogg,1
squcuc1/XC190829.ogg,3
squcuc1/XC384404.ogg,0
squcuc1/XC444441.ogg,3
squcuc1/XC173701.ogg,1
squcuc1/iNat1589436.ogg,2
squcuc1/iNat1207583.ogg,1
squcuc1/XC940505.ogg,2
squcuc1/XC927104.ogg,2
squcuc1/XC294724.ogg,1
squcuc1/XC294719.ogg,1
squcuc1/XC549936.ogg,3
squcuc1/XC549933.ogg,3
squcuc1/XC549930.ogg,3
squcuc1/iNat910487.ogg,2
squcuc1/XC377007.ogg,3
squcuc1/XC958047.ogg,4
squcuc1/iNat1613541.ogg,4
squcuc1/XC216157.ogg,2
squcuc1/XC490717.ogg,0
squcuc1/XC490716.ogg,0
squcuc1/XC477338.ogg,2
squcuc1/XC576486.ogg,2
squcuc1/XC50839.ogg,3
squcuc1/XC48731.ogg,3
squcuc1/XC48730.ogg,3
squcuc1/XC795569.ogg,2
squcuc1/XC774703.ogg,3
squcuc1/iNat1188254.ogg,2
squcuc1/iNat318309.ogg,1
squcuc1/iNat1448413.ogg,3
squcuc1/iNat1448473.ogg,3
squcuc1/iNat910470.ogg,2
squcuc1/XC422162.ogg,2
squcuc1/XC673884.ogg,3
squcuc1/XC747657.ogg,3
squcuc1/XC299007.ogg,0
squcuc1/XC295939.ogg,0
squcuc1/XC384754.ogg,1
squcuc1/XC187456.ogg,4
squcuc1/iNat912835.ogg,2
squcuc1/iNat1032741.ogg,2
squcuc1/iNat1627935.ogg,2
squcuc1/XC211707.ogg,0
squcuc1/iNat533882.ogg,4
squcuc1/iNat1659472.ogg,4
squcuc1/XC211706.ogg,0
squcuc1/iNat307261.ogg,4
squcuc1/XC85305.ogg,1
squcuc1/XC29086.ogg,3
squcuc1/iNat1664410.ogg,2
squcuc1/iNat1666131.ogg,2
squcuc1/XC1064783.ogg,3
squcuc1/iNat536800.ogg,1
squcuc1/iNat396414.ogg,0
squcuc1/iNat298273.ogg,4
squcuc1/XC1064355.ogg,0
squcuc1/XC1049866.ogg,4
squcuc1/XC85311.ogg,1
squcuc1/XC550377.ogg,3
squcuc1/XC144836.ogg,4
squcuc1/iNat1638445.ogg,4
squcuc1/iNat1615404.ogg,4
squcuc1/XC588081.ogg,1
squcuc1/XC349309.ogg,1
squcuc1/XC142024.ogg,3
squcuc1/iNat252626.ogg,1
squcuc1/iNat1566349.ogg,0
squcuc1/iNat292566.ogg,1
squcuc1/XC599771.ogg,1
squcuc1/iNat319662.ogg,0
squcuc1/iNat509983.ogg,0
squcuc1/iNat1281045.ogg,3
squcuc1/XC146415.ogg,1
squcuc1/iNat139324.ogg,1
squcuc1/XC433346.ogg,2
squcuc1/XC433345.ogg,2
squcuc1/iNat1262082.ogg,4
squcuc1/iNat527577.ogg,2
squcuc1/iNat1139973.ogg,4
squcuc1/XC604440.ogg,1
squcuc1/iNat1035254.ogg,4
squcuc1/iNat1653691.ogg,4
squcuc1/XC1064336.ogg,3
squcuc1/XC391951.ogg,3
squcuc1/XC277071.ogg,4
squcuc1/XC277058.ogg,4
squcuc1/XC274856.ogg,4
squcuc1/iNat571709.ogg,2
squcuc1/iNat571710.ogg,2
squcuc1/iNat1207017.ogg,4
squcuc1/XC85303.ogg,1
squcuc1/XC379257.ogg,1
squcuc1/XC496463.ogg,0
squcuc1/XC418645.ogg,1
squcuc1/iNat308135.ogg,0
squcuc1/XC50844.ogg,3
squcuc1/XC50842.ogg,3
squcuc1/XC50841.ogg,3
squcuc1/XC50840.ogg,3
squcuc1/XC50845.ogg,3
squcuc1/XC50843.ogg,3
squcuc1/XC704304.ogg,0
squcuc1/XC704303.ogg,0
squcuc1/XC745201.ogg,4
squcuc1/XC113860.ogg,4
squcuc1/XC384725.ogg,1
squcuc1/XC537637.ogg,2
squcuc1/XC489716.ogg,2
squcuc1/iNat129853.ogg,1
squcuc1/iNat1189531.ogg,4
squcuc1/XC489715.ogg,2
squcuc1/iNat1185477.ogg,4
squcuc1/iNat1679642.ogg,2
squcuc1/XC724901.ogg,1
squcuc1/XC277108.ogg,3
squcuc1/XC256638.ogg,4
squcuc1/XC169834.ogg,4
squcuc1/XC170027.ogg,4
squcuc1/XC263065.ogg,4
squcuc1/XC85313.ogg,1
squcuc1/XC727962.ogg,2
squcuc1/XC838543.ogg,2
squcuc1/XC863788.ogg,2
squcuc1/XC703300.ogg,3
squcuc1/XC150531.ogg,0
squcuc1/XC150528.ogg,0
squcuc1/XC85304.ogg,1
squcuc1/XC2375.ogg,0
squcuc1/XC811922.ogg,2
squcuc1/XC124601.ogg,3
squcuc1/XC124599.ogg,3
squcuc1/XC500052.ogg,2
squcuc1/XC500038.ogg,2
squcuc1/XC662173.ogg,2
squcuc1/XC403835.ogg,2
squcuc1/XC704335.ogg,2
squcuc1/XC760901.ogg,2
squcuc1/XC401246.ogg,2
squcuc1/XC727894.ogg,1
squcuc1/XC1027574.ogg,2
squcuc1/XC800378.ogg,2
squcuc1/XC961358.ogg,2
squcuc1/XC960460.ogg,2
squcuc1/XC572934.ogg,2
squcuc1/XC565157.ogg,2
squcuc1/XC401255.ogg,2
squcuc1/XC305413.ogg,2
squcuc1/XC421429.ogg,0
squcuc1/XC682987.ogg,2
squcuc1/XC419554.ogg,0
squcuc1/XC932689.ogg,2
squcuc1/XC1017591.ogg,3
squcuc1/iNat323988.ogg,4
squcuc1/XC505878.ogg,4
squcuc1/XC505877.ogg,4
squcuc1/XC152548.ogg,1
squcuc1/XC144475.ogg,1
squcuc1/XC443357.ogg,2
squcuc1/XC619313.ogg,2
squcuc1/XC443356.ogg,2
squcuc1/XC674581.ogg,2
squcuc1/XC63870.ogg,1
squcuc1/iNat962963.ogg,4
squcuc1/XC85308.ogg,1
squcuc1/XC838062.ogg,2
squcuc1/XC837927.ogg,2
squcuc1/XC901539.ogg,2
squcuc1/XC901370.ogg,2
squcuc1/XC789601.ogg,2
squcuc1/XC962453.ogg,3
squcuc1/XC123090.ogg,3
squcuc1/XC85310.ogg,1
squcuc1/XC85309.ogg,1
squcuc1/XC862456.ogg,4
squcuc1/XC132047.ogg,1
squcuc1/XC755109.ogg,2
squcuc1/XC978451.ogg,2
squcuc1/XC755027.ogg,2
squcuc1/XC2434.ogg,0
squcuc1/XC328906.ogg,0
squcuc1/XC859103.ogg,3
squcuc1/XC296724.ogg,4
squcuc1/XC450263.ogg,4
squcuc1/XC118878.ogg,3
squcuc1/iNat1625665.ogg,4
squcuc1/XC124826.ogg,1
squcuc1/XC124818.ogg,1
squcuc1/XC85307.ogg,1
squcuc1/XC429381.ogg,3
squcuc1/XC490303.ogg,3
squcuc1/XC497985.ogg,3
squcuc1/XC546468.ogg,3
squcuc1/XC511864.ogg,3
squcuc1/XC583770.ogg,3
squcuc1/XC85312.ogg,1
squcuc1/XC1044971.ogg,2
squcuc1/XC860558.ogg,0
squcuc1/iNat803007.ogg,3
squcuc1/iNat1338060.ogg,3
squcuc1/iNat196117.ogg,3
squcuc1/XC244.ogg,1
squcuc1/XC944045.ogg,2
squcuc1/XC180998.ogg,4
squcuc1/XC180997.ogg,4
squcuc1/XC769664.ogg,2
squcuc1/XC830324.ogg,2
squcuc1/XC656889.ogg,1
squcuc1/XC569119.ogg,4
squcuc1/iNat1300964.ogg,0
squcuc1/XC1034673.ogg,2
squcuc1/XC1035083.ogg,2
squcuc1/XC85306.ogg,1
squcuc1/XC120149.ogg,0
squcuc1/XC238843.ogg,3
squcuc1/XC705243.ogg,0
squcuc1/XC207184.ogg,4
squcuc1/iNat1518876.ogg,1
squcuc1/XC120161.ogg,3
squcuc1/XC238840.ogg,3
squcuc1/XC238839.ogg,3
squcuc1/XC238838.ogg,3
squcuc1/XC127444.ogg,0
squcuc1/XC196386.ogg,2
squcuc1/XC196389.ogg,2
squcuc1/XC238844.ogg,3
squcuc1/XC119298.ogg,3
squcuc1/XC293776.ogg,3
squcuc1/XC126265.ogg,4
squcuc1/XC156273.ogg,0
squcuc1/XC156272.ogg,0
squcuc1/XC116236.ogg,0
squcuc1/iNat577230.ogg,3
squcuc1/XC274947.ogg,0
squcuc1/XC257710.ogg,4
squcuc1/XC257709.ogg,4
squcuc1/XC260413.ogg,0
squcuc1/XC229939.ogg,4
squcuc1/XC257707.ogg,4
squcuc1/XC257706.ogg,4
squcuc1/XC257708.ogg,4
squcuc1/XC260415.ogg,0
squcuc1/XC260414.ogg,0
squcuc1/XC164517.ogg,1
squcuc1/XC164516.ogg,1
squcuc1/XC976622.ogg,1
squcuc1/XC845081.ogg,1
squcuc1/XC114020.ogg,3
squcuc1/XC843870.ogg,1
squcuc1/iNat135213.ogg,1
squcuc1/XC11361.ogg,3
squcuc1/XC34657.ogg,3
squcuc1/XC257711.ogg,4
squcuc1/XC924733.ogg,0
squcuc1/XC924732.ogg,0
squcuc1/XC766547.ogg,2
squcuc1/XC766546.ogg,2
squcuc1/XC766545.ogg,2
squcuc1/XC766544.ogg,2
squcuc1/XC1009365.ogg,2
squcuc1/XC1009364.ogg,2
squcuc1/XC833609.ogg,2
squcuc1/XC833607.ogg,2
squcuc1/XC833602.ogg,2
squcuc1/XC833600.ogg,2
squcuc1/XC681869.ogg,2
squcuc1/XC972798.ogg,1
squcuc1/XC971179.ogg,1
squcuc1/XC931687.ogg,1
squcuc1/XC120688.ogg,1
squcuc1/XC120687.ogg,1
squcuc1/XC261626.ogg,1
squcuc1/XC261627.ogg,1
squcuc1/XC238841.ogg,3
squcuc1/XC238842.ogg,3
squcuc1/XC524036.ogg,3
squcuc1/XC147955.ogg,1
squcuc1/XC724692.ogg,2
squcuc1/XC1040225.ogg,3
squcuc1/XC1040152.ogg,3
squcuc1/XC912187.ogg,3
squcuc1/XC529548.ogg,3
squcuc1/XC540106.ogg,4
squcuc1/XC716434.ogg,2
squcuc1/XC531570.ogg,4
squcuc1/XC121444.ogg,4
squcuc1/XC244789.ogg,2
squcuc1/XC130156.ogg,1
squcuc1/XC129893.ogg,1
squcuc1/XC129830.ogg,1
squcuc1/XC131809.ogg,1
squcuc1/XC130623.ogg,1
squcuc1/XC459610.ogg,0
squcuc1/XC508192.ogg,4
squcuc1/XC74910.ogg,1
squcuc1/iNat1432736.ogg,0
squcuc1/iNat1432745.ogg,0
squcuc1/XC403394.ogg,4
squcuc1/iNat1431282.ogg,2
squcuc1/XC902717.ogg,4
squcuc1/XC516269.ogg,3
squcuc1/XC1051246.ogg,3
squcuc1/XC532826.ogg,1
squcuc1/XC543331.ogg,0
squcuc1/XC293277.ogg,3
squcuc1/XC532824.ogg,3
squcuc1/XC532373.ogg,3
squcuc1/XC532372.ogg,1
squcuc1/XC532371.ogg,1
squcuc1/XC245231.ogg,3
squcuc1/XC245289.ogg,1
squcuc1/XC245331.ogg,1
squcuc1/XC425724.ogg,4
squcuc1/XC518098.ogg,3
squcuc1/XC433576.ogg,3
squcuc1/XC433574.ogg,3
squcuc1/XC532825.ogg,1
squcuc1/XC247099.ogg,4
squcuc1/XC246934.ogg,4
squcuc1/XC246933.ogg,4
squcuc1/XC298028.ogg,1
squcuc1/XC957414.ogg,4
squcuc1/XC875486.ogg,4
squcuc1/XC536122.ogg,2
squcuc1/XC440534.ogg,2
squcuc1/XC408499.ogg,1
squcuc1/XC723498.ogg,4
squcuc1/XC557141.ogg,4
squcuc1/XC486636.ogg,4
squcuc1/XC538049.ogg,1
squcuc1/iNat1715167.ogg,2
squcuc1/iNat1358561.ogg,1
squcuc1/iNat1358573.ogg,1
squcuc1/XC375506.ogg,1
squcuc1/XC56862.ogg,3
squcuc1/XC284445.ogg,4
squcuc1/XC642883.ogg,0
squcuc1/iNat140667.ogg,1
squcuc1/iNat130638.ogg,1
squcuc1/iNat89098.ogg,1
squcuc1/iNat677506.ogg,1
squcuc1/iNat378025.ogg,1
squcuc1/iNat378026.ogg,1
squcuc1/iNat114193.ogg,1
squcuc1/iNat207274.ogg,1
squcuc1/XC197665.ogg,2
squcuc1/iNat415115.ogg,1
squcuc1/XC198347.ogg,2
squcuc1/iNat181126.ogg,1
squcuc1/XC217952.ogg,1
squcuc1/XC364806.ogg,2
squcuc1/XC365860.ogg,2
squcuc1/XC411742.ogg,2
squcuc1/XC411740.ogg,2
squcuc1/iNat469686.ogg,0
squcuc1/iNat469196.ogg,3
squcuc1/XC301213.ogg,2
squcuc1/iNat69747.ogg,1
squcuc1/XC614344.ogg,3
squcuc1/XC614343.ogg,3
squcuc1/XC327931.ogg,2
squcuc1/XC327930.ogg,2
squcuc1/XC327944.ogg,2
squcuc1/XC335516.ogg,3
squcuc1/XC925559.ogg,3
squcuc1/XC925557.ogg,3
squcuc1/XC265398.ogg,2
squcuc1/iNat1331700.ogg,2
squcuc1/XC907553.ogg,3
squcuc1/XC907549.ogg,3
squcuc1/XC907543.ogg,3
squcuc1/XC907539.ogg,3
squcuc1/XC735835.ogg,3
squcuc1/XC735834.ogg,3
squcuc1/XC735833.ogg,3
squcuc1/iNat1683088.ogg,3
squcuc1/XC346504.ogg,4
squcuc1/XC908472.ogg,4
squcuc1/iNat1328069.ogg,1
squcuc1/XC688649.ogg,0
squcuc1/XC686079.ogg,0
squcuc1/XC686078.ogg,0
squcuc1/XC678398.ogg,0
squcuc1/iNat31872.ogg,3
squcuc1/XC181493.ogg,3
squcuc1/iNat188319.ogg,4
squcuc1/XC584579.ogg,3
squcuc1/XC584577.ogg,3
squcuc1/XC584576.ogg,3
squcuc1/XC348276.ogg,0
squcuc1/XC305651.ogg,2
squcuc1/XC265405.ogg,2
squcuc1/XC265400.ogg,2
squcuc1/XC265401.ogg,2
squcuc1/XC332457.ogg,3
squcuc1/XC332456.ogg,3
squcuc1/XC65608.ogg,1
squcuc1/XC167677.ogg,4
squcuc1/XC360827.ogg,1
squcuc1/iNat1146381.ogg,0
squcuc1/XC613793.ogg,4
squcuc1/iNat369224.ogg,2
squcuc1/iNat469205.ogg,2
squcuc1/XC308828.ogg,3
squcuc1/XC376252.ogg,3
squcuc1/iNat883967.ogg,0
squcuc1/XC905702.ogg,0
squcuc1/XC28762.ogg,1
squcuc1/XC497499.ogg,3
squcuc1/XC265408.ogg,2
squcuc1/XC502530.ogg,3
squcuc1/XC158406.ogg,1
squcuc1/XC347986.ogg,4
squcuc1/XC400276.ogg,3
squcuc1/XC347779.ogg,4
squcuc1/XC400274.ogg,3
squcuc1/XC400273.ogg,3
squcuc1/XC440699.ogg,3
squcuc1/XC440697.ogg,3
squcuc1/XC440700.ogg,3
stbwoo2/XC2238.ogg,0
stbwoo2/XC2576.ogg,0
stbwoo2/XC706042.ogg,0
stbwoo2/XC422608.ogg,0
stbwoo2/XC654367.ogg,3
stbwoo2/XC833158.ogg,4
stbwoo2/iNat396477.ogg,0
stbwoo2/XC416463.ogg,2
stbwoo2/XC416462.ogg,2
stbwoo2/XC385724.ogg,0
stbwoo2/XC432381.ogg,2
stbwoo2/XC174019.ogg,2
stbwoo2/XC709393.ogg,3
stbwoo2/XC709398.ogg,3
stbwoo2/XC709402.ogg,3
stbwoo2/XC833312.ogg,4
stbwoo2/XC1919.ogg,0
stbwoo2/XC342651.ogg,1
stbwoo2/XC838055.ogg,2
stbwoo2/XC837972.ogg,2
stbwoo2/XC837946.ogg,2
stbwoo2/XC901541.ogg,2
stbwoo2/XC901501.ogg,2
stbwoo2/XC901171.ogg,2
stbwoo2/XC901161.ogg,2
stbwoo2/XC709416.ogg,3
stbwoo2/XC64394.ogg,1
stbwoo2/XC64393.ogg,1
stbwoo2/XC64392.ogg,1
stbwoo2/XC2314.ogg,0
stbwoo2/XC833164.ogg,4
stbwoo2/XC793151.ogg,2
stbwoo2/XC793150.ogg,2
stbwoo2/XC833170.ogg,4
stbwoo2/XC80511.ogg,1
stbwoo2/XC158345.ogg,0
stbwoo2/XC74334.ogg,1
stbwoo2/XC965956.ogg,3
stbwoo2/XC965954.ogg,3
stbwoo2/XC965955.ogg,3
stbwoo2/XC965957.ogg,3
stbwoo2/XC482392.ogg,0
stbwoo2/XC64391.ogg,1
stbwoo2/XC482217.ogg,0
stbwoo2/XC775556.ogg,2
stbwoo2/XC833169.ogg,4
stbwoo2/XC833167.ogg,4
stbwoo2/XC833172.ogg,4
stbwoo2/XC864484.ogg,3
stbwoo2/XC833171.ogg,4
stbwoo2/XC345840.ogg,0
stbwoo2/XC329119.ogg,0
stbwoo2/XC833166.ogg,4
stbwoo2/XC864486.ogg,3
stbwoo2/XC864492.ogg,3
stbwoo2/XC864489.ogg,3
stbwoo2/XC74335.ogg,1
stbwoo2/XC74328.ogg,1
stbwoo2/XC74331.ogg,1
stbwoo2/XC74330.ogg,1
stbwoo2/XC74329.ogg,1
stbwoo2/XC878748.ogg,3
stbwoo2/XC158861.ogg,1
stbwoo2/XC628440.ogg,1
stbwoo2/XC208129.ogg,1
stbwoo2/XC1033509.ogg,0
stbwoo2/XC697168.ogg,2
stbwoo2/XC647605.ogg,1
stbwoo2/XC647604.ogg,1
stbwoo2/XC589592.ogg,1
stbwoo2/XC445480.ogg,3
stbwoo2/XC697142.ogg,2
stbwoo2/XC1037382.ogg,3
stbwoo2/XC1037379.ogg,3
stbwoo2/XC186242.ogg,0
stbwoo2/XC186240.ogg,0
stbwoo2/XC80512.ogg,1
stbwoo2/XC794821.ogg,3
stbwoo2/XC504767.ogg,3
stbwoo2/XC119920.ogg,3
stbwoo2/XC584909.ogg,3
stbwoo2/XC584906.ogg,3
stbwoo2/XC537926.ogg,0
stbwoo2/XC537925.ogg,0
stbwoo2/XC843851.ogg,0
stbwoo2/XC483322.ogg,3
stbwoo2/iNat1375259.ogg,3
stbwoo2/XC643373.ogg,3
stbwoo2/iNat196106.ogg,3
stbwoo2/XC706070.ogg,0
stbwoo2/XC706069.ogg,0
stbwoo2/XC768794.ogg,2
stbwoo2/XC1035443.ogg,2
stbwoo2/XC1035442.ogg,2
stbwoo2/XC495529.ogg,2
stbwoo2/iNat617498.ogg,3
stbwoo2/XC944040.ogg,2
stbwoo2/XC817027.ogg,2
stbwoo2/XC816957.ogg,2
stbwoo2/XC393907.ogg,0
stbwoo2/XC817249.ogg,2
stbwoo2/XC769561.ogg,2
stbwoo2/XC769557.ogg,2
stbwoo2/XC944365.ogg,2
stbwoo2/XC118994.ogg,3
stbwoo2/XC119825.ogg,3
stbwoo2/XC830215.ogg,2
stbwoo2/XC345321.ogg,1
stbwoo2/XC80513.ogg,1
stbwoo2/XC656960.ogg,1
stbwoo2/XC345441.ogg,1
stbwoo2/XC1034728.ogg,2
stbwoo2/XC1034700.ogg,2
stbwoo2/XC1035053.ogg,2
stbwoo2/XC119589.ogg,3
stbwoo2/XC358650.ogg,0
stbwoo2/iNat1499342.ogg,4
stbwoo2/XC287916.ogg,1
stbwoo2/XC288713.ogg,1
stbwoo2/iNat313474.ogg,0
stbwoo2/XC119525.ogg,3
stbwoo2/XC452846.ogg,4
stbwoo2/XC614191.ogg,4
stbwoo2/XC592810.ogg,4
stbwoo2/XC592809.ogg,4
stbwoo2/XC427309.ogg,2
stbwoo2/XC843124.ogg,4
stbwoo2/iNat1354633.ogg,0
stbwoo2/XC562171.ogg,2
stbwoo2/XC562166.ogg,2
stbwoo2/XC202140.ogg,3
stbwoo2/XC269267.ogg,1
stbwoo2/XC6019.ogg,3
stbwoo2/iNat76754.ogg,0
stbwoo2/XC205660.ogg,3
stbwoo2/XC325844.ogg,3
stbwoo2/XC315155.ogg,1
stbwoo2/XC987257.ogg,4
stbwoo2/XC952013.ogg,1
stbwoo2/XC264569.ogg,4
stbwoo2/XC275006.ogg,0
stbwoo2/XC258291.ogg,4
stbwoo2/XC258292.ogg,4
stbwoo2/XC248798.ogg,3
stbwoo2/XC248737.ogg,3
stbwoo2/XC248736.ogg,3
stbwoo2/XC264568.ogg,4
stbwoo2/XC10041.ogg,3
stbwoo2/XC10040.ogg,3
stbwoo2/iNat1572338.ogg,4
stbwoo2/XC689914.ogg,3
stbwoo2/XC939712.ogg,2
stbwoo2/XC561394.ogg,4
stbwoo2/XC467895.ogg,0
stbwoo2/XC939941.ogg,2
stbwoo2/XC245097.ogg,3
stbwoo2/XC245093.ogg,3
stbwoo2/XC269268.ogg,1
stbwoo2/XC122711.ogg,2
stbwoo2/iNat109061.ogg,1
stbwoo2/XC127961.ogg,4
stbwoo2/XC127234.ogg,4
stbwoo2/XC127235.ogg,4
stbwoo2/XC552739.ogg,4
stbwoo2/XC534030.ogg,4
stbwoo2/XC544566.ogg,4
stbwoo2/XC534031.ogg,4
stbwoo2/XC540721.ogg,4
stbwoo2/XC541935.ogg,4
stbwoo2/XC544025.ogg,4
stbwoo2/XC544565.ogg,4
stbwoo2/XC541930.ogg,4
stbwoo2/XC534032.ogg,4
stbwoo2/XC420237.ogg,2
stbwoo2/XC716769.ogg,2
stbwoo2/XC716768.ogg,2
stbwoo2/XC432961.ogg,0
stbwoo2/XC433923.ogg,0
stbwoo2/iNat1432750.ogg,0
stbwoo2/iNat1005107.ogg,4
stbwoo2/iNat1407977.ogg,2
stbwoo2/XC387925.ogg,4
stbwoo2/XC403328.ogg,4
stbwoo2/XC799802.ogg,3
stbwoo2/XC151796.ogg,4
stbwoo2/XC383591.ogg,3
stbwoo2/XC383599.ogg,3
stbwoo2/XC383598.ogg,3
stbwoo2/XC383590.ogg,3
stbwoo2/XC380223.ogg,3
stbwoo2/XC244913.ogg,2
stbwoo2/XC244948.ogg,2
stbwoo2/XC244932.ogg,2
stbwoo2/XC244924.ogg,2
stbwoo2/XC244914.ogg,2
stbwoo2/XC387857.ogg,1
stbwoo2/XC387856.ogg,1
stbwoo2/XC823868.ogg,3
stbwoo2/XC615450.ogg,4
stbwoo2/XC121815.ogg,4
stbwoo2/XC178626.ogg,4
stbwoo2/XC221582.ogg,4
stbwoo2/XC246935.ogg,4
stbwoo2/XC162897.ogg,1
stbwoo2/iNat33059.ogg,2
stbwoo2/XC320069.ogg,1
stbwoo2/XC562679.ogg,2
stbwoo2/XC561708.ogg,2
stbwoo2/XC360386.ogg,1
stbwoo2/XC384435.ogg,1
stbwoo2/XC125467.ogg,4
stbwoo2/XC382496.ogg,3
stbwoo2/XC387792.ogg,1
stbwoo2/XC353768.ogg,4
stbwoo2/XC380284.ogg,3
stbwoo2/XC525028.ogg,2
stbwoo2/XC835185.ogg,1
stbwoo2/XC664259.ogg,1
stbwoo2/XC837804.ogg,1
strcuc1/iNat1245334.ogg,2
strcuc1/iNat1731653.ogg,2
strcuc1/iNat1691050.ogg,2
strcuc1/iNat324054.ogg,3
strcuc1/XC144347.ogg,1
strcuc1/iNat1686193.ogg,3
strcuc1/iNat1726275.ogg,2
strcuc1/iNat847239.ogg,2
strcuc1/iNat146724.ogg,4
strcuc1/iNat828086.ogg,2
strcuc1/iNat52820.ogg,3
strcuc1/iNat370431.ogg,4
strcuc1/iNat370432.ogg,4
strcuc1/iNat1244497.ogg,2
strcuc1/iNat1675976.ogg,2
strcuc1/iNat590885.ogg,3
strcuc1/iNat1737394.ogg,2
strcuc1/iNat154051.ogg,1
strcuc1/iNat333763.ogg,4
strcuc1/iNat157101.ogg,1
strcuc1/iNat1682660.ogg,4
strcuc1/iNat1258877.ogg,4
strcuc1/iNat1256656.ogg,4
strcuc1/iNat1256662.ogg,4
strcuc1/iNat1695102.ogg,3
strcuc1/iNat1695104.ogg,3
strcuc1/XC859545.ogg,2
strcuc1/XC858650.ogg,2
strcuc1/iNat1678018.ogg,4
strcuc1/XC465035.ogg,3
strcuc1/iNat1665191.ogg,3
strcuc1/iNat26565.ogg,2
strcuc1/iNat26566.ogg,2
strcuc1/iNat527594.ogg,4
strcuc1/XC555103.ogg,1
strcuc1/XC555102.ogg,1
strcuc1/iNat335596.ogg,3
strcuc1/iNat1668364.ogg,3
strcuc1/iNat1668346.ogg,3
strcuc1/XC806653.ogg,4
strcuc1/XC806652.ogg,4
strcuc1/XC217537.ogg,3
strcuc1/iNat566256.ogg,4
strcuc1/iNat51489.ogg,2
strcuc1/iNat697231.ogg,3
strcuc1/XC463489.ogg,3
strcuc1/iNat1252258.ogg,3
strcuc1/iNat1622690.ogg,1
strcuc1/iNat56268.ogg,0
strcuc1/iNat46505.ogg,0
strcuc1/iNat587297.ogg,3
strcuc1/iNat772460.ogg,3
strcuc1/iNat371885.ogg,3
strcuc1/iNat581301.ogg,3
strcuc1/iNat769079.ogg,3
strcuc1/iNat769080.ogg,3
strcuc1/iNat853589.ogg,1
strcuc1/iNat853588.ogg,1
strcuc1/iNat853590.ogg,1
strcuc1/iNat845484.ogg,1
strcuc1/iNat332901.ogg,1
strcuc1/iNat332903.ogg,1
strcuc1/iNat332904.ogg,1
strcuc1/iNat1250803.ogg,2
strcuc1/iNat827530.ogg,1
strcuc1/iNat564151.ogg,1
strcuc1/iNat347581.ogg,1
strcuc1/iNat179157.ogg,1
strcuc1/iNat1221451.ogg,1
strcuc1/iNat924932.ogg,1
strcuc1/XC182338.ogg,3
strcuc1/iNat1276007.ogg,3
strcuc1/iNat1252070.ogg,4
strcuc1/iNat1246559.ogg,3
strcuc1/iNat1252294.ogg,3
strcuc1/iNat1243502.ogg,1
strcuc1/XC463585.ogg,3
strcuc1/iNat355765.ogg,1
strcuc1/iNat58061.ogg,1
strcuc1/iNat1710816.ogg,0
strcuc1/XC780421.ogg,3
strcuc1/iNat1613543.ogg,4
strcuc1/iNat1266694.ogg,3
strcuc1/XC358161.ogg,2
strcuc1/iNat54992.ogg,4
strcuc1/iNat1670795.ogg,0
strcuc1/iNat559507.ogg,2
strcuc1/iNat331880.ogg,2
strcuc1/XC174818.ogg,2
strcuc1/XC186345.ogg,1
strcuc1/iNat580343.ogg,3
strcuc1/iNat1481268.ogg,3
strcuc1/iNat1613542.ogg,4
strcuc1/iNat1613544.ogg,4
strcuc1/iNat326856.ogg,3
strcuc1/XC947304.ogg,1
strcuc1/iNat590886.ogg,3
strcuc1/iNat590887.ogg,3
strcuc1/iNat1229097.ogg,3
strcuc1/iNat1252269.ogg,1
strcuc1/iNat334895.ogg,4
strcuc1/iNat327563.ogg,4
strcuc1/iNat320500.ogg,4
strcuc1/iNat557890.ogg,4
strcuc1/XC340516.ogg,4
strcuc1/XC340515.ogg,4
strcuc1/XC506428.ogg,0
strcuc1/XC484917.ogg,3
strcuc1/iNat1223443.ogg,1
strcuc1/iNat1241892.ogg,1
strcuc1/XC173304.ogg,1
strcuc1/iNat863415.ogg,0
strcuc1/iNat863416.ogg,0
strcuc1/iNat863417.ogg,0
strcuc1/iNat865582.ogg,0
strcuc1/XC971489.ogg,2
strcuc1/XC365181.ogg,3
strcuc1/iNat843838.ogg,2
strcuc1/XC294725.ogg,1
strcuc1/iNat158225.ogg,4
strcuc1/XC549962.ogg,3
strcuc1/XC315728.ogg,0
strcuc1/XC315727.ogg,0
strcuc1/iNat340688.ogg,4
strcuc1/iNat802670.ogg,4
strcuc1/XC150890.ogg,1
strcuc1/XC150817.ogg,1
strcuc1/XC709066.ogg,4
strcuc1/iNat546573.ogg,1
strcuc1/iNat546585.ogg,1
strcuc1/iNat340844.ogg,3
strcuc1/iNat340540.ogg,3
strcuc1/XC943387.ogg,3
strcuc1/XC943385.ogg,3
strcuc1/XC943379.ogg,3
strcuc1/XC687800.ogg,3
strcuc1/XC687817.ogg,3
strcuc1/iNat1195375.ogg,2
strcuc1/XC593146.ogg,2
strcuc1/iNat1448439.ogg,3
strcuc1/iNat1448445.ogg,3
strcuc1/iNat1448446.ogg,3
strcuc1/iNat1448464.ogg,3
strcuc1/XC834887.ogg,4
strcuc1/iNat828157.ogg,4
strcuc1/iNat1620225.ogg,1
strcuc1/XC1034159.ogg,4
strcuc1/XC508606.ogg,3
strcuc1/XC144399.ogg,1
strcuc1/XC420890.ogg,0
strcuc1/XC395333.ogg,0
strcuc1/XC391110.ogg,4
strcuc1/XC150257.ogg,1
strcuc1/XC443799.ogg,4
strcuc1/iNat1707060.ogg,2
strcuc1/iNat823238.ogg,4
strcuc1/iNat821100.ogg,4
strcuc1/iNat1165584.ogg,3
strcuc1/XC926487.ogg,1
strcuc1/XC1041248.ogg,3
strcuc1/iNat556909.ogg,0
strcuc1/iNat398088.ogg,0
strcuc1/XC85430.ogg,1
strcuc1/iNat1698600.ogg,0
strcuc1/XC502094.ogg,4
strcuc1/XC502092.ogg,4
strcuc1/XC431169.ogg,0
strcuc1/XC431168.ogg,0
strcuc1/iNat1723553.ogg,2
strcuc1/XC119882.ogg,3
strcuc1/iNat1612606.ogg,4
strcuc1/XC118103.ogg,2
strcuc1/iNat272652.ogg,1
strcuc1/iNat272658.ogg,1
strcuc1/iNat1607531.ogg,4
strcuc1/iNat1607532.ogg,4
strcuc1/XC343841.ogg,3
strcuc1/XC343840.ogg,3
strcuc1/XC582168.ogg,3
strcuc1/iNat1614504.ogg,4
strcuc1/XC605436.ogg,1
strcuc1/XC698406.ogg,1
strcuc1/XC575521.ogg,1
strcuc1/XC530716.ogg,1
strcuc1/XC501595.ogg,1
strcuc1/XC647077.ogg,1
strcuc1/iNat294843.ogg,4
strcuc1/XC428633.ogg,2
strcuc1/XC428350.ogg,2
strcuc1/XC424983.ogg,2
strcuc1/XC414730.ogg,2
strcuc1/XC349929.ogg,4
strcuc1/iNat369590.ogg,3
strcuc1/iNat324415.ogg,3
strcuc1/iNat801968.ogg,4
strcuc1/iNat982671.ogg,4
strcuc1/iNat982672.ogg,4
strcuc1/iNat535724.ogg,0
strcuc1/XC391363.ogg,3
strcuc1/XC396040.ogg,3
strcuc1/XC247437.ogg,3
strcuc1/XC131321.ogg,3
strcuc1/XC131320.ogg,3
strcuc1/iNat1625129.ogg,1
strcuc1/iNat1664601.ogg,0
strcuc1/XC196398.ogg,1
strcuc1/iNat779199.ogg,1
strcuc1/iNat779198.ogg,1
strcuc1/iNat1630910.ogg,4
strcuc1/XC472073.ogg,3
strcuc1/XC472072.ogg,3
strcuc1/XC212389.ogg,0
strcuc1/XC212390.ogg,0
strcuc1/XC749031.ogg,1
strcuc1/iNat880794.ogg,0
strcuc1/XC113862.ogg,4
strcuc1/iNat1487923.ogg,4
strcuc1/XC419109.ogg,0
strcuc1/iNat686932.ogg,2
strcuc1/iNat1279284.ogg,2
strcuc1/XC337551.ogg,4
strcuc1/iNat540427.ogg,4
strcuc1/XC1017619.ogg,3
strcuc1/XC1017618.ogg,3
strcuc1/XC1017634.ogg,3
strcuc1/XC64230.ogg,1
strcuc1/iNat1677571.ogg,2
strcuc1/XC617210.ogg,2
strcuc1/XC498107.ogg,2
strcuc1/XC446268.ogg,2
strcuc1/XC419347.ogg,2
strcuc1/XC419346.ogg,2
strcuc1/XC743988.ogg,2
strcuc1/XC419267.ogg,0
strcuc1/XC419266.ogg,0
strcuc1/XC264940.ogg,2
strcuc1/XC403206.ogg,3
strcuc1/XC331699.ogg,2
strcuc1/XC737012.ogg,2
strcuc1/XC857538.ogg,2
strcuc1/XC755395.ogg,2
strcuc1/iNat292186.ogg,4
strcuc1/iNat1007408.ogg,1
strcuc1/XC419560.ogg,0
strcuc1/XC419559.ogg,0
strcuc1/iNat875276.ogg,3
strcuc1/XC85431.ogg,1
strcuc1/iNat1290464.ogg,4
strcuc1/XC2763.ogg,0
strcuc1/XC149510.ogg,0
strcuc1/XC149509.ogg,0
strcuc1/XC577350.ogg,2
strcuc1/XC577347.ogg,2
strcuc1/XC419350.ogg,2
strcuc1/XC774828.ogg,2
strcuc1/XC150507.ogg,0
strcuc1/XC838043.ogg,2
strcuc1/XC838042.ogg,2
strcuc1/XC838040.ogg,2
strcuc1/XC703303.ogg,3
strcuc1/XC703301.ogg,3
strcuc1/XC836228.ogg,4
strcuc1/XC297344.ogg,3
strcuc1/XC702168.ogg,4
strcuc1/iNat1153307.ogg,4
strcuc1/XC114965.ogg,1
strcuc1/XC114964.ogg,1
strcuc1/XC698674.ogg,0
strcuc1/iNat1608787.ogg,4
strcuc1/XC799751.ogg,3
strcuc1/XC686416.ogg,3
strcuc1/XC686417.ogg,3
strcuc1/XC613873.ogg,3
strcuc1/XC831107.ogg,2
strcuc1/iNat875077.ogg,1
strcuc1/iNat192981.ogg,3
strcuc1/iNat193243.ogg,3
strcuc1/XC698667.ogg,0
strcuc1/iNat887596.ogg,2
strcuc1/XC443294.ogg,4
strcuc1/XC402906.ogg,0
strcuc1/XC428047.ogg,2
strcuc1/XC340500.ogg,1
strcuc1/iNat365955.ogg,3
strcuc1/iNat743298.ogg,3
strcuc1/iNat970741.ogg,4
strcuc1/iNat970742.ogg,4
strcuc1/XC769625.ogg,2
strcuc1/iNat161568.ogg,1
strcuc1/XC883510.ogg,2
strcuc1/XC371378.ogg,0
strcuc1/XC85432.ogg,1
strcuc1/iNat1283798.ogg,3
strcuc1/XC122185.ogg,3
strcuc1/XC763537.ogg,3
strcuc1/iNat391580.ogg,0
strcuc1/XC358593.ogg,0
strcuc1/iNat1432259.ogg,4
strcuc1/XC257733.ogg,4
strcuc1/XC338765.ogg,1
strcuc1/XC436988.ogg,4
strcuc1/XC257730.ogg,4
strcuc1/XC260419.ogg,0
strcuc1/XC1011409.ogg,3
strcuc1/XC355951.ogg,0
strcuc1/XC212992.ogg,3
strcuc1/XC486907.ogg,2
strcuc1/iNat321393.ogg,3
strcuc1/iNat331031.ogg,0
strcuc1/XC196372.ogg,2
strcuc1/XC340154.ogg,3
strcuc1/XC239075.ogg,3
strcuc1/XC239074.ogg,3
strcuc1/XC239071.ogg,3
strcuc1/XC251598.ogg,3
strcuc1/XC239068.ogg,3
strcuc1/XC239067.ogg,3
strcuc1/XC251595.ogg,3
strcuc1/XC251597.ogg,3
strcuc1/XC239069.ogg,3
strcuc1/XC239072.ogg,3
strcuc1/XC251596.ogg,3
strcuc1/XC239076.ogg,3
strcuc1/XC325564.ogg,3
strcuc1/XC239077.ogg,3
strcuc1/XC257731.ogg,4
strcuc1/XC714435.ogg,3
strcuc1/XC257732.ogg,4
strcuc1/iNat1721579.ogg,3
strcuc1/XC413099.ogg,2
strcuc1/XC1001101.ogg,0
strcuc1/XC1001099.ogg,0
strcuc1/XC711059.ogg,3
strcuc1/XC960929.ogg,1
strcuc1/XC960926.ogg,1
strcuc1/XC960920.ogg,1
strcuc1/XC239078.ogg,3
strcuc1/XC275236.ogg,0
strcuc1/XC261631.ogg,1
strcuc1/XC261630.ogg,1
strcuc1/XC261629.ogg,1
strcuc1/XC275237.ogg,0
strcuc1/XC120085.ogg,1
strcuc1/XC169575.ogg,3
strcuc1/XC683904.ogg,1
strcuc1/XC683903.ogg,1
strcuc1/XC591808.ogg,1
strcuc1/XC288827.ogg,2
strcuc1/XC157753.ogg,4
strcuc1/XC157665.ogg,4
strcuc1/XC157664.ogg,4
strcuc1/XC801659.ogg,4
strcuc1/XC946254.ogg,4
strcuc1/XC946253.ogg,4
strcuc1/XC946252.ogg,4
strcuc1/iNat1149831.ogg,2
strcuc1/XC845290.ogg,0
strcuc1/XC1054421.ogg,3
strcuc1/XC557247.ogg,4
strcuc1/XC975677.ogg,3
strcuc1/iNat486909.ogg,3
strcuc1/iNat416795.ogg,1
strcuc1/XC960288.ogg,0
strcuc1/XC374346.ogg,2
strcuc1/XC377602.ogg,2
strcuc1/XC433296.ogg,0
strcuc1/XC433200.ogg,0
strcuc1/iNat229035.ogg,2
strcuc1/XC128401.ogg,4
strcuc1/XC240034.ogg,3
strcuc1/XC114160.ogg,2
strcuc1/XC607763.ogg,4
strcuc1/XC433180.ogg,0
strcuc1/XC771593.ogg,0
strcuc1/XC433182.ogg,0
strcuc1/XC461017.ogg,0
strcuc1/iNat321178.ogg,3
strcuc1/iNat425539.ogg,3
strcuc1/iNat1005696.ogg,2
strcuc1/iNat986926.ogg,4
strcuc1/XC188219.ogg,3
strcuc1/XC122354.ogg,3
strcuc1/iNat1490053.ogg,1
strcuc1/XC390409.ogg,3
strcuc1/iNat1465517.ogg,4
strcuc1/XC145953.ogg,3
strcuc1/XC449710.ogg,4
strcuc1/XC424251.ogg,2
strcuc1/XC481621.ogg,0
strcuc1/iNat642932.ogg,4
strcuc1/iNat1367996.ogg,4
strcuc1/XC871185.ogg,2
strcuc1/XC494325.ogg,0
strcuc1/XC291921.ogg,4
strcuc1/XC435949.ogg,3
strcuc1/iNat838119.ogg,2
strcuc1/XC115506.ogg,4
strcuc1/XC331472.ogg,4
strcuc1/XC353888.ogg,4
strcuc1/XC178661.ogg,4
strcuc1/iNat1420858.ogg,0
strcuc1/iNat1370920.ogg,4
strcuc1/iNat1305852.ogg,4
strcuc1/iNat1699987.ogg,4
strcuc1/iNat203747.ogg,4
strcuc1/XC409336.ogg,2
strcuc1/iNat978615.ogg,1
strcuc1/iNat77050.ogg,2
strcuc1/iNat932739.ogg,1
strcuc1/iNat1593000.ogg,3
strcuc1/XC955127.ogg,1
strcuc1/iNat1307717.ogg,3
strcuc1/iNat1341820.ogg,3
strcuc1/iNat448777.ogg,2
strcuc1/XC374693.ogg,2
strcuc1/XC356805.ogg,2
strcuc1/XC928829.ogg,0
strcuc1/iNat359187.ogg,0
strcuc1/XC465446.ogg,4
strcuc1/XC524092.ogg,3
strcuc1/XC353032.ogg,2
strcuc1/XC353029.ogg,2
strcuc1/iNat1261762.ogg,0
strcuc1/iNat1007606.ogg,1
strcuc1/XC979135.ogg,4
strcuc1/XC192109.ogg,4
strcuc1/XC952517.ogg,2
strcuc1/iNat1300736.ogg,1
strcuc1/XC376320.ogg,1
strcuc1/XC8222.ogg,3
strcuc1/iNat570058.ogg,0
strcuc1/iNat824716.ogg,2
strcuc1/XC443832.ogg,4
strcuc1/XC443830.ogg,4
strcuc1/XC838749.ogg,1
strcuc1/iNat52710.ogg,4
strcuc1/XC331808.ogg,3
strcuc1/XC664279.ogg,1
strcuc1/iNat1342309.ogg,3
strcuc1/iNat1342311.ogg,3
strcuc1/iNat1342312.ogg,3
strcuc1/iNat266385.ogg,2
strcuc1/XC331337.ogg,0
strcuc1/XC384197.ogg,4
strcuc1/XC200615.ogg,0
strcuc1/XC274901.ogg,4
strcuc1/XC274900.ogg,4
strcuc1/XC768857.ogg,0
strcuc1/XC729524.ogg,2
strcuc1/XC313548.ogg,2
strcuc1/iNat1347727.ogg,3
strcuc1/XC233429.ogg,0
strcuc1/iNat773356.ogg,1
strcuc1/XC128939.ogg,2
strcuc1/XC128935.ogg,2
strcuc1/XC370252.ogg,4
strcuc1/XC172417.ogg,1
strcuc1/XC465796.ogg,0
strcuc1/XC613887.ogg,0
strcuc1/XC355914.ogg,0
strcuc1/XC349794.ogg,1
strcuc1/XC349792.ogg,1
strcuc1/XC182343.ogg,0
strcuc1/XC409949.ogg,3
strcuc1/XC409945.ogg,3
strcuc1/XC197664.ogg,2
strcuc1/XC178188.ogg,0
strcuc1/XC577354.ogg,4
strcuc1/XC937867.ogg,3
strcuc1/XC937866.ogg,3
strcuc1/iNat234387.ogg,3
strcuc1/XC356983.ogg,2
strcuc1/XC492044.ogg,4
strcuc1/iNat966706.ogg,4
strcuc1/XC404240.ogg,2
strcuc1/XC264338.ogg,2
strcuc1/XC131547.ogg,0
strcuc1/XC131550.ogg,0
strcuc1/XC333851.ogg,3
strcuc1/XC333854.ogg,3
strcuc1/iNat1141696.ogg,2
strcuc1/iNat706958.ogg,2
strcuc1/iNat1433947.ogg,2
strcuc1/XC129299.ogg,3
strcuc1/XC122223.ogg,3
strher2/XC354401.ogg,1
strher2/XC322170.ogg,1
strher2/iNat924948.ogg,1
strher2/iNat588498.ogg,3
strher2/iNat588500.ogg,3
strher2/iNat892172.ogg,1
strher2/iNat769102.ogg,3
strher2/iNat853591.ogg,1
strher2/XC444050.ogg,3
strher2/XC704986.ogg,1
strher2/XC550529.ogg,3
strher2/XC659999.ogg,1
strher2/XC210507.ogg,1
strher2/XC453981.ogg,3
strher2/XC959507.ogg,4
strher2/XC959504.ogg,4
strher2/XC959174.ogg,4
strher2/XC959125.ogg,4
strher2/XC173408.ogg,1
strher2/XC294678.ogg,1
strher2/XC549360.ogg,3
strher2/XC858445.ogg,4
strher2/iNat868392.ogg,4
strher2/XC307237.ogg,3
strher2/XC292352.ogg,1
strher2/XC120021.ogg,3
strher2/XC551073.ogg,3
strher2/XC668988.ogg,3
strher2/XC582181.ogg,3
strher2/XC185894.ogg,0
strher2/XC769867.ogg,1
strher2/XC352284.ogg,1
strher2/XC247433.ogg,3
strher2/XC287867.ogg,4
strher2/XC278946.ogg,4
strher2/XC153907.ogg,2
strher2/XC51340.ogg,3
strher2/XC51339.ogg,3
strher2/XC143353.ogg,3
strher2/XC400859.ogg,0
strher2/XC400858.ogg,0
strher2/XC117050.ogg,4
strher2/XC351260.ogg,1
strher2/XC422990.ogg,0
strher2/XC654366.ogg,3
strher2/XC654335.ogg,3
strher2/XC654327.ogg,3
strher2/XC421622.ogg,2
strher2/XC421621.ogg,2
strher2/XC920625.ogg,2
strher2/XC506284.ogg,2
strher2/XC645754.ogg,2
strher2/XC880840.ogg,2
strher2/XC961357.ogg,2
strher2/XC761499.ogg,2
strher2/XC393274.ogg,1
strher2/XC522419.ogg,2
strher2/XC443534.ogg,2
strher2/XC949526.ogg,2
strher2/XC901119.ogg,2
strher2/XC84961.ogg,1
strher2/XC623412.ogg,4
strher2/XC623411.ogg,4
strher2/XC624787.ogg,4
strher2/XC624306.ogg,4
strher2/XC2439.ogg,0
strher2/XC119208.ogg,3
strher2/XC808616.ogg,3
strher2/XC47212.ogg,3
strher2/XC831111.ogg,2
strher2/XC515857.ogg,1
strher2/XC524930.ogg,3
strher2/XC944047.ogg,2
strher2/XC204078.ogg,4
strher2/XC1003696.ogg,4
strher2/iNat1548770.ogg,0
strher2/iNat587912.ogg,1
strher2/XC276788.ogg,0
strher2/XC238073.ogg,3
strher2/XC257321.ogg,4
strher2/XC703343.ogg,0
strher2/XC84963.ogg,1
strher2/XC257324.ogg,4
strher2/XC238072.ogg,3
strher2/XC327284.ogg,3
strher2/XC257325.ogg,4
strher2/XC292110.ogg,2
strher2/XC257323.ogg,4
strher2/XC257322.ogg,4
strher2/XC257320.ogg,4
strher2/XC1053221.ogg,3
strher2/XC477315.ogg,0
strher2/XC756439.ogg,3
strher2/XC937575.ogg,3
strher2/XC508070.ogg,1
strher2/XC939543.ogg,2
strher2/XC346389.ogg,1
strher2/XC550062.ogg,1
strher2/XC589637.ogg,1
strher2/XC84962.ogg,1
strher2/XC666504.ogg,1
strher2/XC946035.ogg,4
strher2/XC946034.ogg,4
strher2/XC946033.ogg,4
strher2/XC1000521.ogg,3
strher2/XC974247.ogg,3
strher2/iNat183620.ogg,2
strher2/XC403258.ogg,1
strher2/iNat992410.ogg,4
strher2/XC151341.ogg,4
strher2/XC151340.ogg,4
strher2/XC365590.ogg,4
strher2/XC507212.ogg,4
strher2/XC943089.ogg,2
strher2/XC698206.ogg,4
strher2/XC598011.ogg,1
strher2/XC348290.ogg,1
strher2/XC1004385.ogg,4
strher2/XC1004384.ogg,4
strher2/XC1002992.ogg,4
strher2/XC959219.ogg,2
strher2/XC313616.ogg,1
strher2/XC313615.ogg,1
strher2/XC951083.ogg,2
strher2/XC951084.ogg,2
strher2/XC982467.ogg,3
strher2/XC982465.ogg,3
strher2/XC635415.ogg,1
strher2/XC707586.ogg,2
strher2/XC707592.ogg,2
strher2/XC707591.ogg,2
strher2/XC707590.ogg,2
strher2/XC1035346.ogg,4
strher2/XC988854.ogg,4
strher2/XC988853.ogg,4
strher2/XC988852.ogg,4
strher2/XC988850.ogg,4
strher2/XC988847.ogg,4
strher2/XC988845.ogg,4
strher2/XC988843.ogg,4
strher2/XC706941.ogg,4
strher2/XC988856.ogg,4
strher2/XC357917.ogg,0
strher2/XC992682.ogg,2
strher2/XC1006320.ogg,3
strher2/XC934679.ogg,4
strher2/XC838781.ogg,2
strher2/XC1011957.ogg,2
strher2/XC825261.ogg,2
strher2/XC729987.ogg,2
strher2/XC1003866.ogg,2
strher2/XC1002436.ogg,2
strher2/XC798631.ogg,2
strher2/XC728931.ogg,2
strher2/XC729986.ogg,2
strher2/XC728733.ogg,2
strher2/XC905715.ogg,2
strher2/XC804661.ogg,2
strher2/XC903978.ogg,2
strher2/XC837541.ogg,2
strher2/XC837495.ogg,2
strher2/XC830140.ogg,2
strher2/XC723737.ogg,3
strher2/XC267140.ogg,1
strowl1/iNat1261387.ogg,1
strowl1/iNat1273724.ogg,1
strowl1/iNat1235369.ogg,1
strowl1/iNat1553683.ogg,0
strowl1/iNat843366.ogg,2
strowl1/iNat280513.ogg,2
strowl1/XC442474.ogg,1
strowl1/XC456975.ogg,3
strowl1/XC442471.ogg,1
strowl1/iNat1142417.ogg,0
strowl1/XC51630.ogg,3
strowl1/iNat320817.ogg,4
strowl1/iNat304047.ogg,1
strowl1/iNat1198798.ogg,1
strowl1/iNat1631904.ogg,1
strowl1/iNat1637836.ogg,1
strowl1/iNat1637835.ogg,1
strowl1/XC602397.ogg,4
strowl1/iNat565864.ogg,2
strowl1/iNat841739.ogg,0
strowl1/iNat821578.ogg,4
strowl1/iNat1354384.ogg,2
strowl1/iNat1702275.ogg,2
strowl1/iNat1201244.ogg,4
strowl1/iNat123543.ogg,2
strowl1/XC48736.ogg,3
strowl1/XC48735.ogg,3
strowl1/XC51629.ogg,3
strowl1/XC51628.ogg,3
strowl1/iNat1270528.ogg,4
strowl1/iNat323703.ogg,1
strowl1/iNat323704.ogg,1
strowl1/iNat1110339.ogg,3
strowl1/iNat1618536.ogg,3
strowl1/iNat1147463.ogg,3
strowl1/XC610623.ogg,1
strowl1/XC610621.ogg,1
strowl1/XC546234.ogg,1
strowl1/XC754800.ogg,1
strowl1/iNat331396.ogg,1
strowl1/iNat876540.ogg,1
strowl1/iNat892115.ogg,1
strowl1/XC153034.ogg,3
strowl1/XC387656.ogg,3
strowl1/iNat278089.ogg,4
strowl1/iNat1308420.ogg,3
strowl1/XC670805.ogg,0
strowl1/XC174451.ogg,1
strowl1/XC351411.ogg,1
strowl1/XC900121.ogg,3
strowl1/XC845539.ogg,1
strowl1/iNat1168413.ogg,1
strowl1/iNat1688412.ogg,4
strowl1/XC380104.ogg,4
strowl1/iNat396150.ogg,0
strowl1/XC423131.ogg,3
strowl1/XC1011094.ogg,3
strowl1/XC443281.ogg,1
strowl1/XC256329.ogg,1
strowl1/XC185786.ogg,0
strowl1/XC185785.ogg,0
strowl1/XC890933.ogg,3
strowl1/XC85402.ogg,1
strowl1/iNat761503.ogg,1
strowl1/iNat1451619.ogg,1
strowl1/iNat1459306.ogg,3
strowl1/iNat1641471.ogg,4
strowl1/iNat816481.ogg,3
strowl1/XC389669.ogg,0
strowl1/iNat1560838.ogg,2
strowl1/iNat1560844.ogg,2
strowl1/iNat1661864.ogg,4
strowl1/iNat1668463.ogg,3
strowl1/iNat1152841.ogg,4
strowl1/XC121502.ogg,1
strowl1/iNat1157372.ogg,3
strowl1/iNat1736437.ogg,4
strowl1/XC489019.ogg,0
strowl1/XC668861.ogg,1
strowl1/iNat1156862.ogg,2
strowl1/XC406566.ogg,1
strowl1/XC934127.ogg,1
strowl1/XC113780.ogg,4
strowl1/iNat535802.ogg,0
strowl1/iNat1537360.ogg,3
strowl1/XC127478.ogg,4
strowl1/XC114728.ogg,4
strowl1/iNat135708.ogg,3
strowl1/iNat135709.ogg,3
strowl1/XC844713.ogg,3
strowl1/XC1040539.ogg,4
strowl1/iNat1154877.ogg,1
strowl1/iNat1162629.ogg,0
strowl1/XC706089.ogg,0
strowl1/XC414177.ogg,2
strowl1/XC544517.ogg,2
strowl1/XC561613.ogg,1
strowl1/XC563564.ogg,1
strowl1/XC561608.ogg,1
strowl1/XC499449.ogg,1
strowl1/XC500060.ogg,2
strowl1/XC500044.ogg,2
strowl1/XC414179.ogg,2
strowl1/XC498203.ogg,2
strowl1/XC932760.ogg,2
strowl1/XC498204.ogg,2
strowl1/XC518746.ogg,2
strowl1/XC741064.ogg,2
strowl1/XC665096.ogg,2
strowl1/XC414178.ogg,2
strowl1/XC528705.ogg,2
strowl1/XC577721.ogg,2
strowl1/XC599661.ogg,3
strowl1/iNat480476.ogg,1
strowl1/XC1006637.ogg,2
strowl1/XC1006636.ogg,2
strowl1/XC1006635.ogg,2
strowl1/iNat1165947.ogg,3
strowl1/XC404556.ogg,3
strowl1/XC714643.ogg,2
strowl1/XC577506.ogg,2
strowl1/iNat1203703.ogg,0
strowl1/XC564678.ogg,3
strowl1/XC921814.ogg,4
strowl1/XC921817.ogg,4
strowl1/iNat1225278.ogg,3
strowl1/XC308376.ogg,1
strowl1/XC393841.ogg,0
strowl1/XC393840.ogg,0
strowl1/iNat1597431.ogg,3
strowl1/XC263079.ogg,1
strowl1/XC263077.ogg,1
strowl1/XC257039.ogg,2
strowl1/XC39291.ogg,1
strowl1/XC257038.ogg,2
strowl1/XC257037.ogg,2
strowl1/XC257040.ogg,2
strowl1/XC389305.ogg,0
strowl1/XC767242.ogg,2
strowl1/XC399385.ogg,0
strowl1/XC494632.ogg,1
strowl1/XC632911.ogg,1
strowl1/XC632632.ogg,1
strowl1/XC707447.ogg,4
strowl1/XC725976.ogg,0
strowl1/XC655381.ogg,0
strowl1/XC690094.ogg,0
strowl1/XC615255.ogg,3
strowl1/XC123771.ogg,1
strowl1/XC664296.ogg,2
strowl1/XC455020.ogg,4
strowl1/XC455024.ogg,4
strowl1/XC455022.ogg,4
strowl1/XC238524.ogg,1
strowl1/XC474630.ogg,0
strowl1/XC1043000.ogg,2
strowl1/XC1042999.ogg,2
strowl1/XC1042996.ogg,2
strowl1/XC972717.ogg,2
strowl1/XC972842.ogg,2
strowl1/XC144311.ogg,3
strowl1/XC144310.ogg,3
strowl1/XC234364.ogg,3
strowl1/XC234363.ogg,3
strowl1/XC118000.ogg,3
strowl1/XC377750.ogg,2
strowl1/iNat16636.ogg,4
strowl1/iNat16638.ogg,4
strowl1/XC172766.ogg,1
strowl1/XC399331.ogg,4
strowl1/XC361768.ogg,3
strowl1/XC171700.ogg,4
strowl1/XC169822.ogg,4
strowl1/XC169816.ogg,4
strowl1/XC169628.ogg,4
strowl1/XC171701.ogg,4
strowl1/XC863680.ogg,2
strowl1/XC530459.ogg,1
strowl1/XC530458.ogg,1
strowl1/iNat59088.ogg,1
strowl1/iNat1255384.ogg,2
strowl1/iNat158174.ogg,1
strowl1/XC129768.ogg,3
strowl1/XC326722.ogg,1
swthum1/XC677901.ogg,3
swthum1/iNat56880.ogg,4
swthum1/XC216140.ogg,2
swthum1/XC216139.ogg,2
swthum1/iNat1613484.ogg,4
swthum1/iNat1613485.ogg,4
swthum1/iNat437586.ogg,3
swthum1/XC927014.ogg,2
swthum1/XC173573.ogg,1
swthum1/iNat1002566.ogg,2
swthum1/iNat1033818.ogg,2
swthum1/iNat1422040.ogg,2
swthum1/XC561809.ogg,2
swthum1/XC558986.ogg,2
swthum1/iNat441895.ogg,1
swthum1/XC142784.ogg,1
swthum1/XC186280.ogg,0
swthum1/XC186282.ogg,0
swthum1/XC643160.ogg,3
swthum1/XC643159.ogg,3
swthum1/XC611371.ogg,3
swthum1/XC959329.ogg,4
swthum1/iNat175755.ogg,1
swthum1/XC575494.ogg,4
swthum1/XC737826.ogg,3
swthum1/XC119064.ogg,3
swthum1/iNat474453.ogg,3
swthum1/iNat1721055.ogg,0
swthum1/XC1023351.ogg,3
swthum1/XC435429.ogg,4
swthum1/XC953336.ogg,1
swthum1/XC660022.ogg,1
swthum1/XC658996.ogg,1
swthum1/XC640324.ogg,1
swthum1/XC472001.ogg,3
swthum1/XC691823.ogg,0
swthum1/iNat1677846.ogg,4
swthum1/XC824507.ogg,1
swthum1/XC419632.ogg,1
swthum1/XC616380.ogg,4
swthum1/iNat278867.ogg,3
swthum1/iNat376842.ogg,4
swthum1/XC115187.ogg,4
swthum1/iNat689871.ogg,1
swthum1/iNat54650.ogg,1
swthum1/iNat55419.ogg,1
swthum1/XC309825.ogg,4
swthum1/XC705695.ogg,0
swthum1/XC737494.ogg,2
swthum1/XC813195.ogg,2
swthum1/XC438774.ogg,4
swthum1/XC556107.ogg,2
swthum1/XC556106.ogg,2
swthum1/XC826745.ogg,2
swthum1/XC572923.ogg,2
swthum1/XC433138.ogg,2
swthum1/XC920665.ogg,2
swthum1/XC722072.ogg,2
swthum1/XC407450.ogg,2
swthum1/XC652545.ogg,2
swthum1/XC558265.ogg,2
swthum1/XC470036.ogg,2
swthum1/XC470034.ogg,2
swthum1/XC466374.ogg,2
swthum1/XC466373.ogg,2
swthum1/XC800149.ogg,2
swthum1/XC253566.ogg,2
swthum1/XC921842.ogg,2
swthum1/XC427355.ogg,2
swthum1/XC421368.ogg,0
swthum1/XC933838.ogg,2
swthum1/XC727457.ogg,2
swthum1/XC725845.ogg,2
swthum1/XC706956.ogg,2
swthum1/XC727456.ogg,2
swthum1/XC85131.ogg,1
swthum1/iNat167401.ogg,0
swthum1/iNat288017.ogg,1
swthum1/XC636496.ogg,2
swthum1/XC487944.ogg,3
swthum1/XC572953.ogg,2
swthum1/XC423513.ogg,2
swthum1/XC448459.ogg,2
swthum1/XC1063974.ogg,4
swthum1/XC1063973.ogg,4
swthum1/XC148961.ogg,0
swthum1/XC151195.ogg,2
swthum1/XC789034.ogg,2
swthum1/XC85132.ogg,1
swthum1/XC556307.ogg,2
swthum1/XC556306.ogg,2
swthum1/XC338675.ogg,1
swthum1/XC85133.ogg,1
swthum1/iNat577802.ogg,3
swthum1/XC1044484.ogg,2
swthum1/iNat196963.ogg,3
swthum1/iNat878571.ogg,2
swthum1/XC430036.ogg,2
swtman1/iNat204558.ogg,1
swtman1/iNat173523.ogg,4
swtman1/XC146674.ogg,3
swtman1/XC174531.ogg,2
swtman1/iNat1627207.ogg,4
swtman1/iNat1627208.ogg,4
swtman1/iNat1627210.ogg,4
swtman1/XC421721.ogg,2
swtman1/XC189143.ogg,3
swtman1/XC181447.ogg,1
swtman1/XC175081.ogg,2
swtman1/iNat1627204.ogg,4
swtman1/iNat1627206.ogg,4
swtman1/iNat1627209.ogg,4
swtman1/iNat56584.ogg,4
swtman1/iNat880958.ogg,1
swtman1/XC190835.ogg,3
swtman1/iNat1341245.ogg,3
swtman1/XC1040990.ogg,1
swtman1/XC1040488.ogg,1
swtman1/XC1040994.ogg,1
swtman1/XC1040992.ogg,1
swtman1/XC1040991.ogg,1
swtman1/XC1040484.ogg,1
swtman1/XC1040481.ogg,1
swtman1/XC245665.ogg,4
swtman1/XC458986.ogg,4
swtman1/iNat1380690.ogg,3
swtman1/iNat1467988.ogg,3
swtman1/iNat1450742.ogg,3
swtman1/iNat1450713.ogg,3
swtman1/iNat1459449.ogg,3
swtman1/XC173735.ogg,1
swtman1/iNat1460286.ogg,3
swtman1/XC154359.ogg,3
swtman1/XC154358.ogg,3
swtman1/iNat55221.ogg,4
swtman1/XC439748.ogg,1
swtman1/iNat1276294.ogg,2
swtman1/iNat1427337.ogg,0
swtman1/XC574785.ogg,1
swtman1/iNat1432377.ogg,2
swtman1/iNat1689237.ogg,2
swtman1/iNat1689207.ogg,2
swtman1/iNat1408250.ogg,4
swtman1/iNat1468159.ogg,4
swtman1/iNat1208786.ogg,2
swtman1/iNat870288.ogg,1
swtman1/iNat1210282.ogg,1
swtman1/iNat847930.ogg,2
swtman1/XC173335.ogg,1
swtman1/XC176629.ogg,0
swtman1/XC500877.ogg,1
swtman1/iNat1016559.ogg,2
swtman1/XC927007.ogg,2
swtman1/XC927006.ogg,2
swtman1/XC927005.ogg,2
swtman1/XC927004.ogg,2
swtman1/XC279596.ogg,0
swtman1/XC279594.ogg,0
swtman1/iNat173219.ogg,4
swtman1/iNat83897.ogg,4
swtman1/XC473953.ogg,2
swtman1/XC470008.ogg,2
swtman1/XC725059.ogg,2
swtman1/XC551323.ogg,3
swtman1/XC450679.ogg,3
swtman1/iNat1585403.ogg,1
swtman1/XC366680.ogg,3
swtman1/XC366679.ogg,3
swtman1/XC365661.ogg,3
swtman1/XC166262.ogg,0
swtman1/XC166261.ogg,0
swtman1/XC157384.ogg,0
swtman1/iNat1583206.ogg,2
swtman1/XC897605.ogg,1
swtman1/XC897604.ogg,1
swtman1/XC897603.ogg,1
swtman1/XC541723.ogg,2
swtman1/XC709220.ogg,4
swtman1/iNat1710231.ogg,4
swtman1/XC799193.ogg,4
swtman1/XC799180.ogg,4
swtman1/iNat1411591.ogg,1
swtman1/XC530432.ogg,2
swtman1/XC493598.ogg,2
swtman1/XC482770.ogg,2
swtman1/XC1012413.ogg,3
swtman1/iNat1449834.ogg,3
swtman1/iNat1449836.ogg,3
swtman1/iNat1449837.ogg,3
swtman1/iNat566157.ogg,4
swtman1/XC440767.ogg,0
swtman1/XC50075.ogg,3
swtman1/XC278990.ogg,4
swtman1/iNat1533037.ogg,2
swtman1/iNat1533041.ogg,2
swtman1/XC817581.ogg,2
swtman1/XC206326.ogg,2
swtman1/iNat1485357.ogg,3
swtman1/XC457366.ogg,3
swtman1/XC457363.ogg,3
swtman1/XC584551.ogg,4
swtman1/XC1010718.ogg,4
swtman1/iNat804017.ogg,0
swtman1/iNat53682.ogg,0
swtman1/iNat1529155.ogg,2
swtman1/XC735995.ogg,2
swtman1/XC174794.ogg,2
swtman1/XC421720.ogg,2
swtman1/XC469330.ogg,2
swtman1/XC469333.ogg,2
swtman1/XC469332.ogg,2
swtman1/XC469331.ogg,2
swtman1/XC469329.ogg,2
swtman1/XC469334.ogg,2
swtman1/iNat1590663.ogg,4
swtman1/iNat1642711.ogg,3
swtman1/XC676754.ogg,3
swtman1/iNat1688417.ogg,4
swtman1/iNat1688234.ogg,4
swtman1/iNat553418.ogg,1
swtman1/XC171098.ogg,0
swtman1/iNat1389972.ogg,4
swtman1/XC299656.ogg,0
swtman1/XC419157.ogg,0
swtman1/XC537186.ogg,3
swtman1/XC82178.ogg,1
swtman1/XC1006026.ogg,3
swtman1/XC1006025.ogg,3
swtman1/XC319668.ogg,1
swtman1/XC70794.ogg,1
swtman1/XC841511.ogg,4
swtman1/XC299145.ogg,0
swtman1/XC186125.ogg,0
swtman1/XC912150.ogg,1
swtman1/XC573725.ogg,3
swtman1/XC348321.ogg,1
swtman1/XC4850.ogg,1
swtman1/XC4849.ogg,1
swtman1/XC4403.ogg,1
swtman1/XC348398.ogg,1
swtman1/XC82180.ogg,1
swtman1/XC842625.ogg,0
swtman1/XC636593.ogg,3
swtman1/XC186121.ogg,0
swtman1/XC186120.ogg,0
swtman1/XC186119.ogg,0
swtman1/iNat1625489.ogg,2
swtman1/iNat1629111.ogg,2
swtman1/iNat883757.ogg,2
swtman1/XC389193.ogg,3
swtman1/iNat340117.ogg,1
swtman1/XC113195.ogg,4
swtman1/XC155535.ogg,4
swtman1/XC155533.ogg,4
swtman1/XC113212.ogg,4
swtman1/iNat1665535.ogg,4
swtman1/XC842602.ogg,0
swtman1/iNat841931.ogg,2
swtman1/XC714006.ogg,0
swtman1/iNat980195.ogg,2
swtman1/XC483585.ogg,4
swtman1/iNat1556511.ogg,3
swtman1/XC177785.ogg,1
swtman1/iNat1590810.ogg,4
swtman1/iNat826741.ogg,0
swtman1/XC689072.ogg,3
swtman1/iNat1276116.ogg,3
swtman1/iNat560809.ogg,4
swtman1/iNat560788.ogg,4
swtman1/iNat425239.ogg,4
swtman1/iNat641008.ogg,4
swtman1/iNat731763.ogg,4
swtman1/XC991009.ogg,3
swtman1/iNat1390345.ogg,3
swtman1/iNat491617.ogg,4
swtman1/iNat730443.ogg,4
swtman1/iNat378101.ogg,4
swtman1/iNat353335.ogg,4
swtman1/XC880562.ogg,3
swtman1/XC880560.ogg,3
swtman1/XC285522.ogg,3
swtman1/XC499733.ogg,0
swtman1/XC349883.ogg,1
swtman1/XC282255.ogg,1
swtman1/XC282254.ogg,1
swtman1/XC144753.ogg,1
swtman1/XC1054581.ogg,0
swtman1/XC583351.ogg,4
swtman1/XC583350.ogg,4
swtman1/XC82493.ogg,1
swtman1/iNat531331.ogg,0
swtman1/iNat1722246.ogg,0
swtman1/iNat1722249.ogg,0
swtman1/iNat179567.ogg,0
swtman1/iNat179566.ogg,0
swtman1/XC207608.ogg,3
swtman1/XC186122.ogg,0
swtman1/XC123961.ogg,2
swtman1/XC337431.ogg,4
swtman1/XC726724.ogg,2
swtman1/XC726723.ogg,2
swtman1/XC282253.ogg,1
swtman1/XC82179.ogg,1
swtman1/XC981398.ogg,3
swtman1/XC319520.ogg,1
swtman1/iNat707442.ogg,3
swtman1/XC349537.ogg,3
swtman1/XC177784.ogg,1
swtman1/XC144624.ogg,1
swtman1/XC347489.ogg,3
swtman1/iNat1254239.ogg,3
swtman1/iNat1708376.ogg,2
swtman1/iNat1708377.ogg,2
swtman1/XC134195.ogg,4
swtman1/XC590304.ogg,1
swtman1/XC539185.ogg,1
swtman1/XC539758.ogg,2
swtman1/XC121861.ogg,3
swtman1/iNat252599.ogg,1
swtman1/iNat272666.ogg,1
swtman1/XC557760.ogg,3
swtman1/iNat329755.ogg,1
swtman1/iNat262071.ogg,1
swtman1/iNat229848.ogg,1
swtman1/iNat1568604.ogg,4
swtman1/iNat264728.ogg,1
swtman1/XC318040.ogg,1
swtman1/iNat1717057.ogg,0
swtman1/iNat1717056.ogg,0
swtman1/iNat1717055.ogg,0
swtman1/XC426090.ogg,4
swtman1/iNat581128.ogg,1
swtman1/iNat581130.ogg,1
swtman1/iNat257984.ogg,0
swtman1/iNat257991.ogg,0
swtman1/XC823320.ogg,4
swtman1/XC823319.ogg,4
swtman1/XC555872.ogg,3
swtman1/iNat231957.ogg,1
swtman1/XC146353.ogg,1
swtman1/XC118632.ogg,3
swtman1/XC402628.ogg,4
swtman1/XC344288.ogg,1
swtman1/XC979684.ogg,1
swtman1/XC448498.ogg,3
swtman1/XC548898.ogg,1
swtman1/iNat1035257.ogg,4
swtman1/XC133619.ogg,1
swtman1/XC145514.ogg,1
swtman1/XC499710.ogg,0
swtman1/XC420453.ogg,1
swtman1/XC382487.ogg,1
swtman1/XC609171.ogg,1
swtman1/XC17579.ogg,3
swtman1/XC82181.ogg,1
swtman1/iNat871818.ogg,2
swtman1/XC243704.ogg,3
swtman1/XC243703.ogg,3
swtman1/XC131334.ogg,3
swtman1/XC131333.ogg,3
swtman1/XC131330.ogg,3
swtman1/XC131104.ogg,3
swtman1/XC131103.ogg,3
swtman1/XC291565.ogg,4
swtman1/iNat572696.ogg,2
swtman1/iNat882279.ogg,0
swtman1/iNat1499750.ogg,2
swtman1/iNat1443343.ogg,4
swtman1/iNat569627.ogg,2
swtman1/iNat569628.ogg,2
swtman1/iNat569629.ogg,2
swtman1/iNat571119.ogg,2
swtman1/XC299274.ogg,1
swtman1/XC299273.ogg,1
swtman1/XC199686.ogg,1
swtman1/XC278955.ogg,1
swtman1/XC286385.ogg,4
swtman1/iNat260130.ogg,0
swtman1/XC243456.ogg,3
swtman1/XC243453.ogg,3
swtman1/XC396173.ogg,3
swtman1/XC391948.ogg,3
swtman1/XC291566.ogg,4
swtman1/XC269498.ogg,4
swtman1/XC284589.ogg,4
swtman1/XC268906.ogg,4
swtman1/iNat1556153.ogg,0
swtman1/iNat1689248.ogg,0
swtman1/iNat16265.ogg,3
swtman1/XC753362.ogg,2
swtman1/XC737275.ogg,1
swtman1/XC315667.ogg,1
swtman1/XC277274.ogg,1
swtman1/XC173049.ogg,1
swtman1/XC677770.ogg,2
swtman1/XC1013680.ogg,1
swtman1/iNat1677392.ogg,4
swtman1/iNat53346.ogg,3
swtman1/XC118327.ogg,4
swtman1/XC835326.ogg,1
swtman1/XC835325.ogg,1
swtman1/XC835324.ogg,1
swtman1/XC835323.ogg,1
swtman1/XC835322.ogg,1
swtman1/iNat403956.ogg,3
swtman1/iNat1482080.ogg,2
swtman1/iNat1482081.ogg,2
swtman1/XC114649.ogg,4
swtman1/XC776585.ogg,0
swtman1/XC156609.ogg,2
swtman1/XC427201.ogg,2
swtman1/iNat1697919.ogg,1
swtman1/XC70776.ogg,1
swtman1/XC658310.ogg,3
swtman1/XC335984.ogg,4
swtman1/XC727683.ogg,2
swtman1/XC268447.ogg,1
swtman1/XC268446.ogg,1
swtman1/XC556213.ogg,2
swtman1/iNat776799.ogg,4
swtman1/iNat706783.ogg,1
swtman1/iNat244760.ogg,1
swtman1/XC211277.ogg,3
swtman1/XC337079.ogg,1
swtman1/XC121190.ogg,4
swtman1/iNat1647285.ogg,3
swtman1/iNat1647280.ogg,3
swtman1/iNat1420444.ogg,1
swtman1/iNat1634304.ogg,0
swtman1/XC727734.ogg,2
swtman1/XC727733.ogg,2
swtman1/XC277118.ogg,3
swtman1/iNat1664402.ogg,2
swtman1/XC330529.ogg,4
swtman1/iNat1667664.ogg,1
swtman1/XC338072.ogg,4
swtman1/XC728399.ogg,2
swtman1/XC938367.ogg,3
swtman1/XC774359.ogg,2
swtman1/XC556212.ogg,2
swtman1/XC556211.ogg,2
swtman1/XC546166.ogg,3
swtman1/XC549517.ogg,3
swtman1/XC200169.ogg,3
swtman1/XC415976.ogg,4
swtman1/XC1050312.ogg,0
swtman1/XC827581.ogg,0
swtman1/XC829400.ogg,0
swtman1/XC774537.ogg,2
swtman1/XC1050744.ogg,0
swtman1/XC340979.ogg,1
swtman1/XC826781.ogg,0
swtman1/XC778191.ogg,2
tattin1/iNat57338.ogg,2
tattin1/iNat603593.ogg,4
tattin1/iNat1273362.ogg,1
tattin1/iNat1215383.ogg,1
tattin1/iNat634866.ogg,4
tattin1/XC633279.ogg,2
tattin1/iNat179163.ogg,1
tattin1/iNat343210.ogg,1
tattin1/iNat40759.ogg,0
tattin1/iNat692741.ogg,3
tattin1/XC176159.ogg,0
tattin1/iNat553731.ogg,2
tattin1/XC172641.ogg,2
tattin1/XC175073.ogg,2
tattin1/XC212403.ogg,3
tattin1/iNat1205949.ogg,3
tattin1/XC186199.ogg,0
tattin1/iNat1359974.ogg,3
tattin1/iNat334901.ogg,4
tattin1/XC339732.ogg,4
tattin1/iNat1459487.ogg,3
tattin1/iNat320498.ogg,4
tattin1/iNat1484807.ogg,3
tattin1/iNat1604540.ogg,1
tattin1/iNat580355.ogg,3
tattin1/iNat1469895.ogg,3
tattin1/XC173952.ogg,1
tattin1/iNat891010.ogg,1
tattin1/iNat890451.ogg,2
tattin1/iNat714747.ogg,3
tattin1/XC927098.ogg,2
tattin1/iNat79011.ogg,4
tattin1/XC549348.ogg,3
tattin1/XC366124.ogg,3
tattin1/XC386919.ogg,0
tattin1/iNat384279.ogg,1
tattin1/iNat571659.ogg,3
tattin1/XC179295.ogg,1
tattin1/XC457357.ogg,3
tattin1/iNat364761.ogg,0
tattin1/XC1032298.ogg,3
tattin1/iNat1291008.ogg,1
tattin1/iNat1230751.ogg,2
tattin1/XC653867.ogg,2
tattin1/iNat334706.ogg,4
tattin1/iNat576324.ogg,4
tattin1/XC591409.ogg,2
tattin1/XC438207.ogg,2
tattin1/XC433997.ogg,2
tattin1/XC288056.ogg,0
tattin1/XC145885.ogg,1
tattin1/XC419161.ogg,0
tattin1/XC503436.ogg,3
tattin1/XC786065.ogg,1
tattin1/iNat1654619.ogg,3
tattin1/iNat1266704.ogg,3
tattin1/iNat327423.ogg,4
tattin1/XC186198.ogg,0
tattin1/XC884434.ogg,3
tattin1/XC29132.ogg,3
tattin1/XC29134.ogg,3
tattin1/XC29133.ogg,3
tattin1/XC356994.ogg,0
tattin1/XC144754.ogg,1
tattin1/XC85429.ogg,1
tattin1/XC145685.ogg,1
tattin1/XC516448.ogg,0
tattin1/XC144853.ogg,1
tattin1/XC203260.ogg,4
tattin1/XC143925.ogg,1
tattin1/XC450294.ogg,2
tattin1/XC348898.ogg,1
tattin1/XC85056.ogg,1
tattin1/XC121465.ogg,1
tattin1/XC744791.ogg,4
tattin1/iNat346713.ogg,1
tattin1/XC989803.ogg,3
tattin1/XC598941.ogg,1
tattin1/XC973679.ogg,3
tattin1/iNat544521.ogg,4
tattin1/XC388096.ogg,3
tattin1/XC247453.ogg,3
tattin1/XC243466.ogg,3
tattin1/XC296894.ogg,4
tattin1/XC292899.ogg,4
tattin1/iNat1653373.ogg,4
tattin1/iNat308136.ogg,0
tattin1/XC433827.ogg,2
tattin1/XC52216.ogg,3
tattin1/XC52215.ogg,3
tattin1/XC52214.ogg,3
tattin1/XC472074.ogg,3
tattin1/XC1690.ogg,0
tattin1/XC127676.ogg,4
tattin1/XC150576.ogg,0
tattin1/XC124385.ogg,4
tattin1/XC121187.ogg,4
tattin1/XC515385.ogg,3
tattin1/XC170334.ogg,4
tattin1/XC170332.ogg,4
tattin1/XC628866.ogg,3
tattin1/XC627070.ogg,3
tattin1/XC2649.ogg,0
tattin1/XC404460.ogg,3
tattin1/XC952439.ogg,1
tattin1/XC266342.ogg,1
tattin1/XC1037361.ogg,3
tattin1/XC582981.ogg,3
tattin1/XC692757.ogg,4
tattin1/XC85058.ogg,1
tattin1/XC303747.ogg,1
tattin1/XC898457.ogg,2
tattin1/XC85055.ogg,1
tattin1/XC978453.ogg,2
tattin1/XC781249.ogg,2
tattin1/XC780734.ogg,2
tattin1/XC780731.ogg,2
tattin1/XC20677.ogg,3
tattin1/XC1069067.ogg,1
tattin1/XC696968.ogg,2
tattin1/XC696966.ogg,2
tattin1/XC85057.ogg,1
tattin1/XC880503.ogg,0
tattin1/iNat353734.ogg,4
tattin1/iNat1118458.ogg,2
tattin1/XC451614.ogg,2
tattin1/XC427280.ogg,2
tattin1/XC786605.ogg,2
tattin1/XC257014.ogg,2
tattin1/XC427273.ogg,2
tattin1/XC118921.ogg,3
tattin1/XC543094.ogg,1
tattin1/XC122190.ogg,3
tattin1/XC275914.ogg,1
tattin1/XC427274.ogg,2
tattin1/XC779912.ogg,4
tattin1/iNat1307713.ogg,1
tattin1/XC264360.ogg,4
thlwre1/iNat1356033.ogg,1
thlwre1/iNat1136473.ogg,1
thlwre1/XC466001.ogg,0
thlwre1/XC466000.ogg,0
thlwre1/iNat1212487.ogg,3
thlwre1/iNat1446997.ogg,4
thlwre1/XC379155.ogg,4
thlwre1/XC379154.ogg,4
thlwre1/XC373246.ogg,1
thlwre1/iNat982552.ogg,4
thlwre1/iNat730758.ogg,4
thlwre1/XC936781.ogg,0
thlwre1/iNat960228.ogg,4
thlwre1/iNat1546403.ogg,2
thlwre1/iNat587244.ogg,4
thlwre1/XC1009593.ogg,3
thlwre1/XC900406.ogg,3
thlwre1/XC1009587.ogg,3
thlwre1/iNat1538951.ogg,3
thlwre1/XC843353.ogg,2
thlwre1/XC843352.ogg,2
thlwre1/iNat864070.ogg,0
thlwre1/iNat1644062.ogg,1
thlwre1/iNat806095.ogg,0
thlwre1/iNat386074.ogg,2
thlwre1/XC844643.ogg,2
thlwre1/XC810053.ogg,2
thlwre1/iNat685628.ogg,2
thlwre1/iNat461380.ogg,1
thlwre1/iNat1054760.ogg,2
thlwre1/iNat1078839.ogg,2
thlwre1/XC562301.ogg,2
thlwre1/iNat1447213.ogg,2
thlwre1/XC413843.ogg,2
thlwre1/iNat668573.ogg,0
thlwre1/iNat1134980.ogg,3
thlwre1/iNat1274462.ogg,3
thlwre1/XC372772.ogg,2
thlwre1/XC647615.ogg,2
thlwre1/XC412344.ogg,2
thlwre1/XC412341.ogg,2
thlwre1/XC816655.ogg,4
thlwre1/XC442270.ogg,1
thlwre1/XC561901.ogg,2
thlwre1/iNat428570.ogg,3
thlwre1/XC461349.ogg,2
thlwre1/XC461411.ogg,2
thlwre1/iNat1283279.ogg,0
thlwre1/XC184567.ogg,1
thlwre1/XC342893.ogg,1
thlwre1/XC342874.ogg,1
thlwre1/XC82171.ogg,1
thlwre1/XC82170.ogg,1
thlwre1/XC82169.ogg,1
thlwre1/XC82168.ogg,1
thlwre1/XC343337.ogg,1
thlwre1/XC879299.ogg,3
thlwre1/XC131037.ogg,4
thlwre1/XC131035.ogg,4
thlwre1/XC196522.ogg,1
thlwre1/XC82166.ogg,1
thlwre1/XC82165.ogg,1
thlwre1/XC341347.ogg,1
thlwre1/XC8710.ogg,3
thlwre1/iNat396777.ogg,0
thlwre1/XC516445.ogg,3
thlwre1/XC293187.ogg,1
thlwre1/XC82164.ogg,1
thlwre1/XC350962.ogg,4
thlwre1/XC350961.ogg,4
thlwre1/XC289542.ogg,2
thlwre1/iNat1437711.ogg,1
thlwre1/iNat1439826.ogg,1
thlwre1/iNat984204.ogg,1
thlwre1/XC153576.ogg,0
thlwre1/XC153569.ogg,0
thlwre1/XC443737.ogg,1
thlwre1/XC709980.ogg,3
thlwre1/XC706036.ogg,0
thlwre1/XC705725.ogg,0
thlwre1/iNat40806.ogg,3
thlwre1/XC604010.ogg,3
thlwre1/iNat797960.ogg,3
thlwre1/iNat1540292.ogg,3
thlwre1/XC384287.ogg,3
thlwre1/XC2203.ogg,0
thlwre1/XC2226.ogg,0
thlwre1/XC152649.ogg,1
thlwre1/XC124531.ogg,3
thlwre1/XC123607.ogg,3
thlwre1/XC123643.ogg,3
thlwre1/iNat1631946.ogg,3
thlwre1/XC52638.ogg,3
thlwre1/XC46850.ogg,3
thlwre1/XC834039.ogg,3
thlwre1/XC381846.ogg,1
thlwre1/XC381801.ogg,1
thlwre1/XC896225.ogg,0
thlwre1/XC896222.ogg,0
thlwre1/XC419281.ogg,0
thlwre1/XC325677.ogg,0
thlwre1/XC393393.ogg,1
thlwre1/XC393258.ogg,1
thlwre1/XC393403.ogg,1
thlwre1/XC381701.ogg,1
thlwre1/iNat1710136.ogg,3
thlwre1/iNat1631913.ogg,3
thlwre1/XC774555.ogg,2
thlwre1/XC581768.ogg,3
thlwre1/XC709979.ogg,3
thlwre1/XC385699.ogg,0
thlwre1/XC82167.ogg,1
thlwre1/XC174035.ogg,2
thlwre1/XC709977.ogg,3
thlwre1/XC709976.ogg,3
thlwre1/iNat1648860.ogg,3
thlwre1/XC122975.ogg,0
thlwre1/XC171.ogg,1
thlwre1/XC920354.ogg,1
thlwre1/XC966000.ogg,3
thlwre1/XC965999.ogg,3
thlwre1/XC73240.ogg,1
thlwre1/XC965997.ogg,3
thlwre1/XC965998.ogg,3
thlwre1/XC965996.ogg,3
thlwre1/XC920718.ogg,3
thlwre1/XC914913.ogg,3
thlwre1/XC123449.ogg,3
thlwre1/XC123448.ogg,3
thlwre1/XC702018.ogg,4
thlwre1/XC487977.ogg,3
thlwre1/XC129339.ogg,1
thlwre1/XC129338.ogg,1
thlwre1/XC781212.ogg,2
thlwre1/XC754914.ogg,2
thlwre1/XC590012.ogg,3
thlwre1/XC978411.ogg,2
thlwre1/XC2693.ogg,0
thlwre1/XC870772.ogg,3
thlwre1/XC870771.ogg,3
thlwre1/XC144719.ogg,4
thlwre1/XC20686.ogg,3
thlwre1/XC20685.ogg,3
thlwre1/XC20684.ogg,3
thlwre1/XC1069079.ogg,1
thlwre1/XC1068991.ogg,1
thlwre1/XC685376.ogg,4
thlwre1/XC9554.ogg,3
thlwre1/XC436413.ogg,4
thlwre1/XC211506.ogg,1
thlwre1/XC569188.ogg,3
thlwre1/XC557601.ogg,3
thlwre1/XC566908.ogg,3
thlwre1/XC446717.ogg,0
thlwre1/XC537657.ogg,0
thlwre1/iNat536169.ogg,2
thlwre1/XC384445.ogg,1
thlwre1/XC764406.ogg,1
thlwre1/XC817040.ogg,2
thlwre1/XC817035.ogg,2
thlwre1/XC817024.ogg,2
thlwre1/XC428439.ogg,2
thlwre1/XC643358.ogg,3
thlwre1/XC643351.ogg,3
thlwre1/XC1003400.ogg,4
thlwre1/iNat53297.ogg,4
thlwre1/XC830177.ogg,2
thlwre1/XC427154.ogg,2
thlwre1/XC119906.ogg,3
thlwre1/XC674625.ogg,3
thlwre1/XC211507.ogg,1
thlwre1/XC957198.ogg,0
thlwre1/iNat587882.ogg,1
thlwre1/XC119168.ogg,3
thlwre1/XC1034570.ogg,2
thlwre1/XC180912.ogg,4
thlwre1/iNat1499316.ogg,4
thlwre1/XC213011.ogg,3
thlwre1/XC465190.ogg,4
thlwre1/XC250568.ogg,3
thlwre1/XC399662.ogg,3
thlwre1/XC242307.ogg,3
thlwre1/XC190233.ogg,0
thlwre1/XC190231.ogg,0
thlwre1/iNat331011.ogg,0
thlwre1/iNat331008.ogg,0
thlwre1/XC180198.ogg,0
thlwre1/XC180235.ogg,0
thlwre1/XC583369.ogg,2
thlwre1/XC242305.ogg,3
thlwre1/XC242304.ogg,3
thlwre1/XC259290.ogg,4
thlwre1/XC116574.ogg,4
thlwre1/XC242306.ogg,3
thlwre1/XC275805.ogg,1
thlwre1/XC259293.ogg,4
thlwre1/iNat431974.ogg,0
thlwre1/XC259291.ogg,4
thlwre1/XC281926.ogg,3
thlwre1/XC175017.ogg,1
thlwre1/XC390499.ogg,4
thlwre1/XC390498.ogg,4
thlwre1/XC259292.ogg,4
thlwre1/XC259296.ogg,4
thlwre1/XC259295.ogg,4
thlwre1/XC259294.ogg,4
thlwre1/XC259289.ogg,4
thlwre1/XC394681.ogg,4
thlwre1/XC394680.ogg,4
thlwre1/XC259288.ogg,4
thlwre1/XC549879.ogg,1
thlwre1/XC1050924.ogg,4
thlwre1/XC152319.ogg,4
toctou1/iNat562171.ogg,4
toctou1/XC500879.ogg,1
toctou1/XC364128.ogg,3
toctou1/XC585753.ogg,2
toctou1/iNat1449835.ogg,3
toctou1/iNat1570179.ogg,2
toctou1/iNat149422.ogg,4
toctou1/XC1018328.ogg,3
toctou1/XC278881.ogg,4
toctou1/XC396448.ogg,4
toctou1/iNat1527752.ogg,2
toctou1/iNat1437181.ogg,4
toctou1/iNat1684046.ogg,2
toctou1/XC831273.ogg,4
toctou1/XC431972.ogg,2
toctou1/XC431971.ogg,2
toctou1/XC457398.ogg,3
toctou1/iNat872119.ogg,3
toctou1/iNat1266708.ogg,3
toctou1/XC361109.ogg,3
toctou1/iNat822459.ogg,0
toctou1/XC139470.ogg,3
toctou1/XC696184.ogg,1
toctou1/iNat792648.ogg,4
toctou1/iNat731714.ogg,4
toctou1/iNat443019.ogg,4
toctou1/iNat443010.ogg,4
toctou1/iNat417319.ogg,4
toctou1/iNat192406.ogg,4
toctou1/XC29127.ogg,3
toctou1/XC463147.ogg,3
toctou1/XC1064767.ogg,3
toctou1/iNat342192.ogg,0
toctou1/XC573441.ogg,4
toctou1/iNat1205443.ogg,0
toctou1/XC134193.ogg,4
toctou1/iNat1602428.ogg,4
toctou1/XC628309.ogg,1
toctou1/iNat299018.ogg,0
toctou1/XC431071.ogg,2
toctou1/XC423620.ogg,2
toctou1/iNat1638935.ogg,0
toctou1/iNat1571046.ogg,0
toctou1/iNat324406.ogg,3
toctou1/iNat1471981.ogg,4
toctou1/XC680231.ogg,1
toctou1/XC123922.ogg,3
toctou1/iNat341156.ogg,4
toctou1/XC989819.ogg,3
toctou1/XC993186.ogg,3
toctou1/XC288582.ogg,4
toctou1/iNat1677847.ogg,4
toctou1/iNat933028.ogg,4
toctou1/iNat1456182.ogg,0
toctou1/XC513634.ogg,0
toctou1/XC777471.ogg,1
toctou1/XC833292.ogg,4
toctou1/iNat824338.ogg,4
toctou1/iNat1253274.ogg,4
toctou1/iNat1286320.ogg,4
toctou1/iNat185739.ogg,3
toctou1/XC212163.ogg,0
toctou1/XC212162.ogg,0
toctou1/XC212161.ogg,0
toctou1/XC52232.ogg,3
toctou1/XC52231.ogg,3
toctou1/XC52233.ogg,3
toctou1/XC175786.ogg,2
toctou1/XC114717.ogg,4
toctou1/XC389188.ogg,4
toctou1/XC120121.ogg,2
toctou1/iNat450633.ogg,4
toctou1/iNat475532.ogg,4
toctou1/XC744401.ogg,4
toctou1/XC1537.ogg,0
toctou1/XC435617.ogg,1
toctou1/XC699602.ogg,2
toctou1/XC178108.ogg,1
toctou1/iNat1406213.ogg,3
toctou1/XC192733.ogg,1
toctou1/XC85397.ogg,1
toctou1/XC78203.ogg,0
toctou1/XC78202.ogg,0
toctou1/XC1044399.ogg,1
toctou1/XC715525.ogg,1
toctou1/XC658418.ogg,1
toctou1/XC863782.ogg,2
toctou1/XC838391.ogg,2
toctou1/XC507908.ogg,2
toctou1/XC936966.ogg,3
toctou1/XC737480.ogg,2
toctou1/XC157478.ogg,4
toctou1/XC809959.ogg,2
toctou1/XC124539.ogg,3
toctou1/XC124538.ogg,3
toctou1/XC124609.ogg,3
toctou1/XC381961.ogg,1
toctou1/XC115717.ogg,2
toctou1/XC494925.ogg,0
toctou1/XC253995.ogg,1
toctou1/XC708069.ogg,2
toctou1/XC716365.ogg,1
toctou1/XC662182.ogg,2
toctou1/XC920679.ogg,2
toctou1/XC777732.ogg,2
toctou1/XC760916.ogg,2
toctou1/XC438666.ogg,2
toctou1/XC800389.ogg,2
toctou1/XC158296.ogg,2
toctou1/XC422218.ogg,2
toctou1/iNat507626.ogg,4
toctou1/XC466592.ogg,4
toctou1/XC737024.ogg,2
toctou1/XC737022.ogg,2
toctou1/XC933845.ogg,2
toctou1/XC727432.ogg,2
toctou1/XC932729.ogg,2
toctou1/iNat979788.ogg,2
toctou1/iNat1729693.ogg,1
toctou1/iNat1286891.ogg,0
toctou1/XC934070.ogg,3
toctou1/XC934847.ogg,3
toctou1/XC404588.ogg,3
toctou1/XC393559.ogg,1
toctou1/XC922176.ogg,3
toctou1/XC495080.ogg,0
toctou1/XC708796.ogg,3
toctou1/XC573085.ogg,2
toctou1/XC443546.ogg,2
toctou1/iNat1727434.ogg,1
toctou1/XC837894.ogg,2
toctou1/XC837888.ogg,2
toctou1/XC708794.ogg,3
toctou1/XC789052.ogg,2
toctou1/iNat359114.ogg,0
toctou1/XC1034552.ogg,2
toctou1/XC427886.ogg,2
toctou1/XC325556.ogg,3
toctou1/XC600602.ogg,0
toctou1/XC689034.ogg,3
toctou1/XC689039.ogg,3
toctou1/XC939114.ogg,2
toctou1/XC837307.ogg,3
toctou1/XC506061.ogg,4
toctou1/XC506060.ogg,4
toctou1/XC863578.ogg,4
toctou1/XC506059.ogg,4
toctou1/iNat983936.ogg,1
trokin/XC537304.ogg,4
trokin/iNat1738900.ogg,4
trokin/XC150837.ogg,1
trokin/iNat195501.ogg,4
trokin/XC566836.ogg,3
trokin/XC308701.ogg,0
trokin/XC82487.ogg,1
trokin/iNat1252111.ogg,2
trokin/XC423704.ogg,2
trokin/iNat1481381.ogg,3
trokin/XC347896.ogg,0
trokin/XC387102.ogg,1
trokin/XC384644.ogg,4
trokin/iNat48867.ogg,1
trokin/iNat1253349.ogg,4
trokin/iNat86516.ogg,1
trokin/iNat248546.ogg,2
trokin/iNat1230258.ogg,2
trokin/XC197199.ogg,2
trokin/iNat53927.ogg,3
trokin/XC586078.ogg,4
trokin/XC200922.ogg,3
trokin/iNat1337317.ogg,0
trokin/XC560167.ogg,4
trokin/XC572040.ogg,3
trokin/iNat589011.ogg,0
trokin/iNat1513414.ogg,2
trokin/iNat887598.ogg,2
trokin/iNat569746.ogg,3
trokin/XC319082.ogg,4
trokin/iNat159874.ogg,2
trokin/iNat1252528.ogg,1
trokin/iNat1701175.ogg,4
trokin/iNat675903.ogg,1
trokin/iNat141965.ogg,0
trokin/XC959317.ogg,3
trokin/XC499368.ogg,3
trokin/iNat330480.ogg,1
trokin/XC176857.ogg,1
trokin/XC872349.ogg,3
trokin/XC524130.ogg,3
trokin/iNat1631810.ogg,0
trokin/iNat336426.ogg,4
trokin/XC446384.ogg,3
trokin/iNat355208.ogg,1
trokin/XC857553.ogg,2
trokin/XC751275.ogg,1
trokin/XC167035.ogg,4
trokin/XC609459.ogg,3
trokin/XC570674.ogg,3
trokin/XC1773.ogg,0
trokin/XC285267.ogg,1
trokin/iNat1702467.ogg,3
trokin/XC845070.ogg,1
trokin/XC385283.ogg,1
trokin/XC157879.ogg,0
trokin/XC789209.ogg,4
trokin/XC841613.ogg,1
trokin/iNat1631811.ogg,0
trokin/XC476010.ogg,0
trokin/iNat337306.ogg,1
trokin/XC124243.ogg,3
trokin/XC705426.ogg,3
trokin/XC446380.ogg,3
trokin/XC522891.ogg,1
trokin/iNat1563579.ogg,2
trokin/iNat429826.ogg,3
trokin/XC124253.ogg,3
trokin/XC1028834.ogg,1
trokin/XC573999.ogg,3
trokin/iNat1482940.ogg,2
trokin/XC158292.ogg,1
trokin/XC601564.ogg,2
trokin/XC433172.ogg,0
trokin/XC756056.ogg,1
trokin/iNat1125462.ogg,4
trokin/XC720745.ogg,0
trokin/iNat150275.ogg,1
trokin/XC388758.ogg,2
trokin/iNat1631430.ogg,0
trokin/XC934133.ogg,3
trokin/XC262261.ogg,1
trokin/XC146543.ogg,0
trokin/iNat1368612.ogg,0
trokin/iNat125826.ogg,1
trokin/XC430791.ogg,0
trokin/XC419478.ogg,4
trokin/XC451992.ogg,2
trokin/XC198519.ogg,0
trokin/XC446379.ogg,3
trokin/XC282590.ogg,1
trokin/iNat161178.ogg,4
trokin/iNat340143.ogg,4
trokin/XC131763.ogg,1
trokin/iNat486613.ogg,3
trokin/XC537721.ogg,4
trokin/iNat406183.ogg,0
trokin/XC313639.ogg,0
trokin/XC503804.ogg,3
trokin/XC1035726.ogg,2
trokin/iNat311936.ogg,3
trokin/iNat1026844.ogg,0
trokin/iNat1627592.ogg,0
trokin/XC446368.ogg,3
trokin/XC124261.ogg,3
trokin/iNat355170.ogg,2
trokin/XC821362.ogg,1
trokin/XC636053.ogg,1
trokin/XC320170.ogg,1
trokin/iNat790925.ogg,4
trokin/XC243472.ogg,3
trokin/iNat331680.ogg,3
trokin/iNat206586.ogg,1
trokin/XC148137.ogg,3
trokin/iNat1279601.ogg,0
trokin/iNat323935.ogg,2
trokin/XC556661.ogg,2
trokin/XC259037.ogg,4
trokin/XC860721.ogg,2
trokin/XC291868.ogg,2
trokin/iNat275592.ogg,0
trokin/iNat305701.ogg,4
trokin/iNat1318925.ogg,0
trokin/XC446377.ogg,3
trokin/XC825534.ogg,4
trokin/iNat538620.ogg,0
trokin/iNat100987.ogg,4
trokin/iNat1318083.ogg,1
trokin/iNat1286058.ogg,3
trokin/XC707622.ogg,0
trokin/iNat218887.ogg,1
trokin/iNat124932.ogg,0
trokin/XC362789.ogg,4
trokin/XC974448.ogg,3
trokin/iNat1644252.ogg,2
trokin/XC743257.ogg,2
trokin/iNat1368447.ogg,0
trokin/XC67068.ogg,1
trokin/XC944466.ogg,2
trokin/iNat1526918.ogg,3
trokin/iNat1061889.ogg,4
trokin/XC569600.ogg,3
trokin/XC494399.ogg,1
trokin/iNat1287382.ogg,0
trokin/XC389348.ogg,2
trokin/XC452790.ogg,1
trokin/XC767435.ogg,0
trokin/XC955659.ogg,1
trokin/iNat772454.ogg,3
trokin/iNat246962.ogg,4
trokin/iNat1335236.ogg,2
trokin/iNat375134.ogg,2
trokin/iNat1310827.ogg,4
trokin/iNat162878.ogg,1
trokin/XC212088.ogg,4
trokin/XC256063.ogg,3
trokin/iNat831759.ogg,4
trokin/XC375952.ogg,1
trokin/iNat1206680.ogg,0
trokin/iNat1168502.ogg,0
trokin/iNat389713.ogg,4
trokin/iNat1219846.ogg,0
trokin/XC124262.ogg,3
trokin/XC28296.ogg,1
trokin/XC767469.ogg,3
trokin/XC247446.ogg,3
trokin/XC347716.ogg,1
trokin/XC1031812.ogg,3
trokin/XC345790.ogg,0
trokin/XC32358.ogg,3
trokin/XC543737.ogg,1
trokin/iNat326636.ogg,2
trokin/XC862523.ogg,1
trokin/XC287873.ogg,3
trokin/XC996610.ogg,3
trokin/iNat426770.ogg,4
trokin/iNat699601.ogg,1
trokin/iNat857668.ogg,4
trokin/iNat934811.ogg,4
trokin/iNat1708518.ogg,1
trokin/XC694904.ogg,4
trokin/XC282322.ogg,1
trokin/iNat37678.ogg,0
trokin/XC282372.ogg,1
trokin/iNat1510155.ogg,4
trokin/XC572041.ogg,3
trokin/XC974371.ogg,2
trokin/XC446375.ogg,3
trokin/XC476015.ogg,0
trokin/XC476014.ogg,0
trokin/XC446383.ogg,3
trokin/iNat340627.ogg,4
trokin/XC687385.ogg,1
trokin/iNat894221.ogg,0
trokin/iNat1375380.ogg,2
trokin/XC296755.ogg,4
trokin/XC361435.ogg,2
trokin/iNat64618.ogg,1
trokin/XC828076.ogg,4
trokin/XC513642.ogg,0
trokin/XC940003.ogg,2
trokin/iNat1704065.ogg,2
trokin/iNat1006321.ogg,0
trokin/iNat1235154.ogg,1
trokin/iNat348358.ogg,3
trokin/XC939115.ogg,2
trokin/iNat926137.ogg,3
trokin/iNat324417.ogg,3
trokin/iNat812660.ogg,1
trokin/iNat912630.ogg,2
trokin/XC959315.ogg,3
trokin/iNat373653.ogg,2
trokin/iNat1637652.ogg,0
trokin/iNat1569779.ogg,3
trokin/iNat1271922.ogg,2
trokin/iNat1704548.ogg,4
trokin/XC974128.ogg,2
trokin/XC1035572.ogg,2
trokin/iNat1040511.ogg,0
trokin/iNat908027.ogg,1
trokin/XC303466.ogg,3
trokin/XC318776.ogg,1
trokin/iNat1318256.ogg,3
trokin/iNat846237.ogg,4
trokin/XC250427.ogg,3
trokin/iNat529992.ogg,1
trokin/iNat354483.ogg,2
trokin/iNat185729.ogg,0
trokin/iNat1456616.ogg,3
trokin/iNat822111.ogg,3
trokin/iNat161177.ogg,4
trokin/iNat1245622.ogg,2
trokin/iNat834286.ogg,0
trokin/iNat315717.ogg,1
trokin/iNat98894.ogg,4
trokin/iNat1591364.ogg,3
trokin/iNat158956.ogg,3
trokin/XC421628.ogg,2
trokin/XC127055.ogg,2
trokin/iNat1340832.ogg,4
trokin/iNat1720289.ogg,0
trokin/XC669569.ogg,3
trokin/iNat1321598.ogg,3
trokin/XC803445.ogg,3
trokin/XC490064.ogg,3
trokin/iNat1240271.ogg,0
trokin/iNat968254.ogg,0
trokin/iNat1154622.ogg,3
trokin/iNat836177.ogg,0
trokin/iNat1598479.ogg,3
trokin/iNat683130.ogg,1
trokin/XC282345.ogg,1
trokin/iNat827183.ogg,4
trokin/iNat1233205.ogg,2
trokin/iNat790727.ogg,4
trokin/XC156225.ogg,3
trokin/iNat141070.ogg,4
trokin/iNat1401569.ogg,1
trokin/iNat197504.ogg,4
trokin/iNat702841.ogg,0
trokin/XC1035215.ogg,2
trokin/XC292358.ogg,1
trokin/XC709814.ogg,2
trokin/XC532995.ogg,3
trokin/XC166810.ogg,4
trokin/XC776321.ogg,4
trokin/XC386672.ogg,1
trokin/iNat676381.ogg,2
trokin/XC82489.ogg,1
trokin/iNat926704.ogg,3
trokin/XC494432.ogg,1
trokin/XC321829.ogg,3
trokin/XC614140.ogg,3
trokin/iNat1347677.ogg,2
trokin/XC334502.ogg,3
trokin/XC446373.ogg,3
trokin/XC317607.ogg,3
trokin/XC532996.ogg,1
trokin/iNat1234924.ogg,4
trokin/XC934844.ogg,3
trokin/XC235528.ogg,4
trokin/iNat1433207.ogg,0
trokin/iNat891673.ogg,2
trokin/iNat828676.ogg,1
trokin/iNat828218.ogg,2
trokin/XC705422.ogg,3
trokin/XC694921.ogg,4
trokin/XC446378.ogg,3
trokin/XC551104.ogg,3
trokin/XC400227.ogg,3
trokin/iNat326115.ogg,3
trokin/XC35156.ogg,3
trokin/XC839870.ogg,2
trokin/XC290324.ogg,4
trokin/XC82488.ogg,1
trokin/XC44407.ogg,2
trokin/iNat1006323.ogg,0
trokin/XC67060.ogg,1
trokin/XC860581.ogg,3
trokin/XC530782.ogg,4
trokin/iNat1230288.ogg,0
trokin/iNat162152.ogg,4
trokin/iNat795922.ogg,1
trokin/XC627056.ogg,3
trokin/XC934135.ogg,3
trokin/iNat911498.ogg,2
trokin/iNat1368448.ogg,0
trokin/XC532999.ogg,1
trokin/XC772155.ogg,3
trokin/iNat1543761.ogg,4
trokin/iNat53144.ogg,1
trokin/XC446361.ogg,3
trokin/XC813196.ogg,2
trokin/iNat1436938.ogg,0
trokin/XC944358.ogg,2
trokin/iNat1339023.ogg,2
trokin/XC1021970.ogg,4
trokin/XC2633.ogg,0
trokin/iNat908054.ogg,0
trokin/XC611127.ogg,3
trokin/iNat1088126.ogg,2
trokin/XC610607.ogg,1
trokin/iNat1700990.ogg,0
trokin/XC17219.ogg,3
trokin/XC450540.ogg,0
trokin/XC174821.ogg,2
trokin/iNat665337.ogg,0
trokin/iNat212496.ogg,1
trokin/XC65747.ogg,1
trokin/iNat1274107.ogg,3
trokin/iNat910894.ogg,0
trokin/iNat1240220.ogg,0
trokin/XC579636.ogg,3
trokin/iNat344436.ogg,2
trokin/XC196769.ogg,3
trokin/iNat987872.ogg,2
trokin/XC263145.ogg,4
trokin/iNat668466.ogg,4
trokin/iNat336309.ogg,3
trokin/iNat162880.ogg,1
trokin/iNat581809.ogg,0
trokin/iNat736533.ogg,2
trokin/XC155967.ogg,3
trokin/iNat319980.ogg,4
trokin/iNat164484.ogg,2
trokin/iNat1481386.ogg,3
trokin/XC799803.ogg,3
trokin/XC212465.ogg,0
trokin/iNat1664819.ogg,4
trokin/XC694946.ogg,4
trokin/XC259038.ogg,4
trokin/XC542114.ogg,1
trokin/XC457445.ogg,0
trokin/iNat612156.ogg,2
trokin/XC789208.ogg,4
trokin/iNat1719198.ogg,2
trokin/XC788957.ogg,2
trokin/XC799784.ogg,3
trokin/iNat1631950.ogg,0
trokin/iNat1193192.ogg,0
trokin/iNat1249783.ogg,4
trokin/iNat1533209.ogg,2
trokin/iNat1279025.ogg,0
trokin/XC1037802.ogg,0
trokin/iNat321632.ogg,0
trokin/iNat1259990.ogg,4
trokin/iNat1153101.ogg,2
trokin/XC82376.ogg,1
trokin/iNat1287626.ogg,0
trokin/iNat253027.ogg,0
trokin/iNat83879.ogg,2
trokin/XC772524.ogg,2
trokin/iNat1230255.ogg,2
trokin/iNat46237.ogg,4
trokin/XC401177.ogg,3
trokin/XC182799.ogg,1
trokin/XC292420.ogg,4
trokin/iNat1296021.ogg,3
trokin/iNat17389.ogg,2
trokin/XC454496.ogg,3
trokin/XC956082.ogg,2
trokin/XC278259.ogg,4
trokin/iNat1599925.ogg,2
trokin/XC82486.ogg,1
trokin/iNat1049314.ogg,0
trokin/iNat828675.ogg,1
trokin/iNat1639762.ogg,4
trokin/XC339743.ogg,4
trokin/XC147395.ogg,1
trokin/iNat261379.ogg,4
trokin/iNat792965.ogg,4
trokin/XC900831.ogg,2
trokin/iNat360063.ogg,0
trokin/iNat176521.ogg,1
trokin/iNat924592.ogg,0
trokin/XC534023.ogg,4
trokin/XC690960.ogg,4
trokin/XC557430.ogg,1
trokin/XC557431.ogg,1
trokin/XC960832.ogg,0
trokin/XC932701.ogg,2
trokin/XC828077.ogg,4
trokin/iNat810008.ogg,4
trokin/iNat994077.ogg,4
trokin/iNat790729.ogg,4
trokin/iNat1720288.ogg,0
trokin/XC443541.ogg,2
trokin/XC135489.ogg,4
trokin/iNat1681331.ogg,1
trokin/iNat46532.ogg,4
trokin/iNat1118941.ogg,1
trokin/XC705424.ogg,3
trokin/iNat1277665.ogg,3
trokin/iNat343196.ogg,2
trokin/iNat1318255.ogg,3
trokin/iNat675904.ogg,2
trokin/iNat154219.ogg,3
trokin/XC959248.ogg,3
trokin/XC411464.ogg,1
trokin/iNat48987.ogg,4
trokin/iNat1686366.ogg,0
trokin/iNat853344.ogg,0
trokin/iNat1249856.ogg,2
trokin/XC525024.ogg,2
trokin/iNat1131171.ogg,2
trokin/iNat923579.ogg,0
trokin/XC563208.ogg,3
trokin/XC624270.ogg,1
trokin/XC944467.ogg,2
trokin/XC118990.ogg,3
trokin/XC837934.ogg,2
trokin/XC615061.ogg,3
trokin/XC237816.ogg,0
trokin/XC540100.ogg,4
trokin/iNat1436874.ogg,1
trokin/XC460842.ogg,3
trokin/iNat1211885.ogg,2
trokin/iNat852131.ogg,2
trokin/iNat1433184.ogg,0
trokin/XC5238.ogg,1
trokin/iNat1135897.ogg,4
trokin/iNat1140426.ogg,3
trokin/iNat1571507.ogg,4
trokin/iNat135630.ogg,2
trokin/XC956678.ogg,4
trokin/iNat343058.ogg,3
trokin/XC838473.ogg,4
trokin/XC974144.ogg,2
trokin/iNat1416679.ogg,4
trokin/XC137689.ogg,1
trokin/XC974316.ogg,2
trokin/XC1052921.ogg,3
trokin/XC653362.ogg,3
trokin/iNat255778.ogg,1
trokin/iNat29199.ogg,2
trokin/XC452712.ogg,1
trokin/XC260975.ogg,0
trokin/XC142899.ogg,0
trokin/XC375953.ogg,1
trokin/XC198520.ogg,0
trokin/XC706827.ogg,2
trokin/XC325859.ogg,0
trokin/XC511056.ogg,4
trokin/iNat875523.ogg,4
trokin/iNat1181815.ogg,0
trokin/XC879492.ogg,3
trokin/XC551105.ogg,3
trokin/XC137690.ogg,1
trokin/XC317608.ogg,3
trokin/iNat1713714.ogg,1
trokin/XC694903.ogg,4
trokin/iNat479515.ogg,1
trokin/iNat1631402.ogg,0
trokin/XC974370.ogg,2
trokin/iNat21397.ogg,3
trokin/iNat538986.ogg,2
trokin/iNat1163434.ogg,1
trokin/iNat1677849.ogg,4
trokin/XC115603.ogg,4
trokin/iNat46661.ogg,4
trokin/iNat908409.ogg,3
trokin/XC201884.ogg,0
trokin/XC399281.ogg,3
trsowl/XC85268.ogg,1
trsowl/iNat571315.ogg,3
trsowl/iNat1033217.ogg,3
trsowl/iNat538402.ogg,4
trsowl/iNat766838.ogg,3
trsowl/XC217208.ogg,4
trsowl/iNat1069834.ogg,1
trsowl/iNat293522.ogg,1
trsowl/XC538259.ogg,4
trsowl/iNat1237563.ogg,2
trsowl/XC288213.ogg,4
trsowl/XC203422.ogg,3
trsowl/XC298871.ogg,0
trsowl/iNat1654034.ogg,1
trsowl/XC1033727.ogg,3
trsowl/iNat567459.ogg,2
trsowl/iNat864081.ogg,0
trsowl/iNat47507.ogg,1
trsowl/XC961510.ogg,2
trsowl/XC707766.ogg,3
trsowl/XC51904.ogg,3
trsowl/iNat1273545.ogg,0
trsowl/iNat838490.ogg,0
trsowl/iNat406523.ogg,1
trsowl/iNat1437468.ogg,1
trsowl/iNat522733.ogg,0
trsowl/XC329226.ogg,0
trsowl/XC564403.ogg,4
trsowl/XC551595.ogg,1
trsowl/iNat338670.ogg,3
trsowl/XC813083.ogg,2
trsowl/XC135491.ogg,4
trsowl/XC401903.ogg,3
trsowl/XC619067.ogg,2
trsowl/XC954653.ogg,1
trsowl/iNat738297.ogg,1
trsowl/iNat1153541.ogg,2
trsowl/XC236394.ogg,1
trsowl/XC813084.ogg,2
trsowl/iNat867332.ogg,3
trsowl/XC507108.ogg,1
trsowl/iNat58036.ogg,3
trsowl/iNat168216.ogg,2
trsowl/iNat1642381.ogg,4
trsowl/XC992838.ogg,3
trsowl/XC1045414.ogg,4
trsowl/iNat908201.ogg,0
trsowl/XC572606.ogg,1
trsowl/iNat672789.ogg,2
trsowl/XC845265.ogg,2
trsowl/iNat759966.ogg,2
trsowl/XC447808.ogg,2
trsowl/XC431895.ogg,0
trsowl/XC522495.ogg,2
trsowl/iNat318754.ogg,4
trsowl/XC475353.ogg,4
trsowl/iNat818094.ogg,3
trsowl/XC113189.ogg,4
trsowl/XC335356.ogg,1
trsowl/iNat603770.ogg,4
trsowl/XC286824.ogg,3
trsowl/XC1062322.ogg,3
trsowl/XC884359.ogg,2
trsowl/XC778945.ogg,3
trsowl/XC1064961.ogg,1
trsowl/iNat313018.ogg,1
trsowl/XC619559.ogg,1
trsowl/XC364775.ogg,3
trsowl/iNat332908.ogg,1
trsowl/iNat56086.ogg,3
trsowl/XC141613.ogg,4
trsowl/XC961509.ogg,2
trsowl/iNat156004.ogg,3
trsowl/XC941723.ogg,0
trsowl/XC296792.ogg,4
trsowl/XC622448.ogg,1
trsowl/XC172835.ogg,2
trsowl/iNat621391.ogg,2
trsowl/iNat343211.ogg,1
trsowl/iNat293521.ogg,1
trsowl/iNat1653386.ogg,4
trsowl/iNat1707948.ogg,4
trsowl/XC577187.ogg,1
trsowl/XC215870.ogg,3
trsowl/XC730130.ogg,2
trsowl/iNat329221.ogg,3
trsowl/XC414183.ogg,2
trsowl/XC862349.ogg,3
trsowl/iNat1661127.ogg,2
trsowl/iNat406522.ogg,1
trsowl/iNat1456475.ogg,4
trsowl/XC531216.ogg,3
trsowl/iNat1361798.ogg,3
trsowl/XC573739.ogg,3
trsowl/iNat692065.ogg,3
trsowl/iNat1337876.ogg,1
trsowl/iNat1238651.ogg,3
trsowl/iNat857969.ogg,0
trsowl/iNat850396.ogg,2
trsowl/XC256036.ogg,4
trsowl/iNat634395.ogg,4
trsowl/XC697004.ogg,2
trsowl/iNat523964.ogg,3
trsowl/iNat333713.ogg,4
trsowl/iNat50559.ogg,1
trsowl/iNat1320750.ogg,3
trsowl/iNat590916.ogg,3
trsowl/iNat58732.ogg,0
trsowl/XC216350.ogg,4
trsowl/iNat138726.ogg,0
trsowl/iNat886476.ogg,3
trsowl/XC216352.ogg,4
trsowl/iNat313281.ogg,4
trsowl/XC738930.ogg,2
trsowl/iNat396846.ogg,0
trsowl/iNat330485.ogg,4
trsowl/iNat942033.ogg,4
trsowl/iNat1688948.ogg,2
trsowl/XC413096.ogg,2
trsowl/XC800293.ogg,2
trsowl/iNat1110728.ogg,2
trsowl/iNat838950.ogg,3
trsowl/XC1006047.ogg,3
trsowl/iNat16710.ogg,4
trsowl/XC1032525.ogg,3
trsowl/XC118111.ogg,2
trsowl/iNat303674.ogg,2
trsowl/iNat341173.ogg,4
trsowl/XC322505.ogg,1
trsowl/iNat1033216.ogg,3
trsowl/XC257034.ogg,2
trsowl/XC807346.ogg,4
trsowl/iNat1200818.ogg,1
trsowl/XC589903.ogg,1
trsowl/XC748981.ogg,1
trsowl/XC438059.ogg,3
trsowl/XC837831.ogg,1
trsowl/iNat851365.ogg,3
trsowl/XC217209.ogg,4
trsowl/iNat577401.ogg,3
trsowl/XC1044654.ogg,2
trsowl/XC974387.ogg,2
trsowl/iNat1665189.ogg,3
trsowl/iNat1235759.ogg,3
trsowl/XC120558.ogg,1
trsowl/iNat456603.ogg,3
trsowl/iNat1432060.ogg,2
trsowl/iNat1289018.ogg,4
trsowl/iNat834905.ogg,1
trsowl/XC542262.ogg,2
trsowl/XC612637.ogg,0
trsowl/XC209307.ogg,4
trsowl/iNat338666.ogg,3
trsowl/XC946807.ogg,2
trsowl/iNat1660263.ogg,4
trsowl/iNat1623770.ogg,2
trsowl/XC493624.ogg,2
trsowl/iNat557437.ogg,3
trsowl/XC467843.ogg,2
trsowl/XC244558.ogg,1
trsowl/XC257740.ogg,4
trsowl/XC316040.ogg,1
trsowl/iNat554639.ogg,2
trsowl/XC276168.ogg,1
trsowl/XC541301.ogg,0
trsowl/iNat304048.ogg,1
trsowl/XC558104.ogg,1
trsowl/XC837854.ogg,4
trsowl/XC738013.ogg,2
trsowl/XC933181.ogg,3
trsowl/XC295371.ogg,3
trsowl/iNat1018894.ogg,4
trsowl/XC638525.ogg,4
trsowl/iNat1729432.ogg,3
trsowl/XC993163.ogg,3
trsowl/iNat1709787.ogg,0
trsowl/iNat1281264.ogg,2
trsowl/XC572942.ogg,2
trsowl/XC30812.ogg,2
trsowl/iNat1271404.ogg,4
trsowl/XC85267.ogg,1
trsowl/XC1026252.ogg,3
trsowl/iNat1661894.ogg,4
trsowl/iNat192755.ogg,3
trsowl/iNat221572.ogg,4
trsowl/XC391397.ogg,4
trsowl/XC820140.ogg,2
trsowl/iNat1114354.ogg,1
trsowl/XC276169.ogg,1
trsowl/iNat1289667.ogg,1
trsowl/iNat707389.ogg,4
trsowl/iNat368834.ogg,3
trsowl/XC351790.ogg,3
trsowl/iNat1258769.ogg,1
trsowl/XC341836.ogg,2
trsowl/XC491708.ogg,3
trsowl/XC837968.ogg,4
trsowl/iNat333369.ogg,4
trsowl/iNat49134.ogg,2
trsowl/XC694512.ogg,2
trsowl/iNat1321621.ogg,3
trsowl/iNat168217.ogg,2
trsowl/XC706831.ogg,2
trsowl/XC328943.ogg,2
trsowl/XC414180.ogg,2
trsowl/XC531594.ogg,4
trsowl/iNat151180.ogg,0
trsowl/iNat798938.ogg,0
trsowl/XC895869.ogg,3
trsowl/iNat357096.ogg,4
trsowl/XC174928.ogg,0
trsowl/iNat142632.ogg,0
trsowl/XC706829.ogg,2
trsowl/XC901191.ogg,2
trsowl/XC706796.ogg,2
trsowl/iNat838491.ogg,0
trsowl/XC313638.ogg,0
trsowl/XC551591.ogg,1
trsowl/XC130921.ogg,4
trsowl/iNat358503.ogg,3
trsowl/iNat157412.ogg,2
trsowl/iNat854087.ogg,2
trsowl/iNat838946.ogg,3
trsowl/XC946135.ogg,4
trsowl/iNat1323869.ogg,1
trsowl/XC504712.ogg,0
trsowl/XC148244.ogg,3
trsowl/XC500437.ogg,1
trsowl/iNat1622602.ogg,4
trsowl/iNat1375162.ogg,3
trsowl/XC282819.ogg,1
trsowl/iNat1235182.ogg,0
trsowl/XC254117.ogg,4
trsowl/XC707767.ogg,3
trsowl/iNat1215347.ogg,2
trsowl/iNat1707206.ogg,2
trsowl/XC676376.ogg,1
trsowl/XC254116.ogg,4
trsowl/iNat895110.ogg,4
trsowl/iNat158232.ogg,3
trsowl/XC895868.ogg,3
trsowl/iNat838941.ogg,3
trsowl/XC551061.ogg,0
trsowl/XC217488.ogg,4
trsowl/iNat1244838.ogg,4
trsowl/XC85269.ogg,1
trsowl/iNat847996.ogg,0
trsowl/XC474446.ogg,3
trsowl/XC364772.ogg,3
trsowl/iNat378124.ogg,3
trsowl/iNat1437698.ogg,4
trsowl/XC706680.ogg,1
trsowl/iNat831320.ogg,1
trsowl/XC597121.ogg,3
trsowl/XC613995.ogg,2
trsowl/iNat1661893.ogg,4
trsowl/iNat158592.ogg,2
trsowl/iNat714873.ogg,3
trsowl/XC282602.ogg,1
trsowl/iNat1224710.ogg,0
trsowl/iNat1549282.ogg,1
trsowl/iNat577473.ogg,1
trsowl/iNat1661873.ogg,4
trsowl/XC795308.ogg,3
trsowl/iNat338821.ogg,3
trsowl/XC428741.ogg,2
trsowl/XC946136.ogg,4
trsowl/iNat192939.ogg,4
trsowl/iNat1270798.ogg,4
trsowl/XC127025.ogg,3
trsowl/iNat161552.ogg,1
trsowl/XC513866.ogg,0
trsowl/iNat1232577.ogg,2
trsowl/XC364770.ogg,3
trsowl/iNat313603.ogg,3
trsowl/XC493625.ogg,2
trsowl/XC648017.ogg,3
trsowl/XC414182.ogg,2
trsowl/XC511761.ogg,0
trsowl/XC817031.ogg,2
trsowl/iNat593993.ogg,2
trsowl/XC1016874.ogg,0
trsowl/iNat1197731.ogg,4
trsowl/iNat1726833.ogg,1
trsowl/iNat1686399.ogg,3
trsowl/iNat393916.ogg,3
trsowl/XC822811.ogg,4
trsowl/XC1051855.ogg,0
trsowl/XC276794.ogg,4
trsowl/iNat1616682.ogg,0
trsowl/iNat1437593.ogg,1
trsowl/XC199047.ogg,2
trsowl/XC497972.ogg,3
trsowl/XC592931.ogg,2
trsowl/XC2162.ogg,0
trsowl/iNat1696027.ogg,0
trsowl/iNat605641.ogg,1
trsowl/iNat1558092.ogg,1
trsowl/iNat1631071.ogg,1
trsowl/XC659544.ogg,2
trsowl/iNat1623262.ogg,2
trsowl/iNat1261957.ogg,2
trsowl/iNat1228330.ogg,2
trsowl/XC974353.ogg,2
trsowl/iNat398585.ogg,3
trsowl/iNat139341.ogg,2
trsowl/iNat158591.ogg,2
trsowl/XC965196.ogg,3
trsowl/XC614795.ogg,3
trsowl/XC51902.ogg,3
trsowl/XC564680.ogg,3
trsowl/XC965189.ogg,3
trsowl/XC344312.ogg,1
trsowl/iNat1447601.ogg,2
trsowl/XC582735.ogg,1
trsowl/iNat787423.ogg,2
trsowl/iNat365620.ogg,4
trsowl/XC978347.ogg,1
trsowl/iNat1646492.ogg,3
trsowl/XC437380.ogg,4
trsowl/iNat338664.ogg,3
trsowl/XC753658.ogg,3
trsowl/XC121237.ogg,3
trsowl/XC917676.ogg,4
trsowl/iNat358691.ogg,3
trsowl/iNat364756.ogg,0
trsowl/iNat1097823.ogg,0
trsowl/XC516383.ogg,1
trsowl/iNat16637.ogg,4
trsowl/iNat1680107.ogg,4
trsowl/XC217948.ogg,0
trsowl/XC597616.ogg,3
trsowl/iNat407848.ogg,3
trsowl/XC977273.ogg,1
trsowl/XC265399.ogg,2
trsowl/iNat163816.ogg,0
trsowl/XC435859.ogg,0
trsowl/iNat1447602.ogg,2
trsowl/XC45400.ogg,3
trsowl/iNat259057.ogg,0
trsowl/iNat1377292.ogg,3
trsowl/iNat366059.ogg,3
trsowl/iNat286283.ogg,4
trsowl/iNat947586.ogg,1
trsowl/XC480084.ogg,4
trsowl/XC789020.ogg,2
trsowl/iNat753730.ogg,0
trsowl/XC664485.ogg,3
trsowl/iNat1653383.ogg,4
trsowl/XC593919.ogg,2
trsowl/XC257739.ogg,4
trsowl/XC187465.ogg,4
trsowl/XC73823.ogg,1
trsowl/XC452771.ogg,3
trsowl/iNat1426946.ogg,1
trsowl/XC697637.ogg,1
trsowl/XC1044393.ogg,1
trsowl/iNat1727397.ogg,2
trsowl/iNat385423.ogg,3
trsowl/XC364769.ogg,3
trsowl/XC328944.ogg,2
trsowl/iNat792818.ogg,3
trsowl/iNat358296.ogg,2
trsowl/iNat1149771.ogg,4
trsowl/XC257033.ogg,2
trsowl/XC549975.ogg,3
trsowl/XC305910.ogg,1
trsowl/XC933854.ogg,2
trsowl/XC557160.ogg,0
trsowl/XC292028.ogg,2
trsowl/XC553900.ogg,0
trsowl/XC560166.ogg,4
trsowl/iNat529062.ogg,2
trsowl/XC620645.ogg,2
trsowl/iNat18801.ogg,3
trsowl/iNat1258433.ogg,3
trsowl/XC674334.ogg,1
trsowl/iNat1053717.ogg,3
trsowl/XC1030243.ogg,3
trsowl/XC551598.ogg,1
trsowl/XC211153.ogg,0
trsowl/XC1041243.ogg,3
trsowl/XC962078.ogg,2
trsowl/iNat1654992.ogg,3
trsowl/iNat1513785.ogg,2
trsowl/iNat157708.ogg,0
trsowl/XC621168.ogg,1
trsowl/iNat1657621.ogg,1
trsowl/XC532379.ogg,3
trsowl/XC742800.ogg,0
trsowl/iNat1238777.ogg,4
trsowl/XC597612.ogg,3
trsowl/iNat798660.ogg,0
trsowl/iNat838943.ogg,3
trsowl/XC234835.ogg,4
trsowl/XC7877.ogg,4
trsowl/XC114158.ogg,2
trsowl/iNat406543.ogg,1
trsowl/XC531595.ogg,4
trsowl/iNat1297780.ogg,1
trsowl/XC604140.ogg,2
trsowl/XC161881.ogg,0
trsowl/iNat942035.ogg,4
trsowl/XC730131.ogg,2
trsowl/XC419531.ogg,0
trsowl/XC427569.ogg,2
trsowl/XC260420.ogg,0
trsowl/iNat764817.ogg,4
trsowl/iNat1199601.ogg,4
trsowl/iNat1234894.ogg,0
trsowl/XC169858.ogg,4
trsowl/iNat1199953.ogg,4
trsowl/XC553381.ogg,0
trsowl/XC681111.ogg,1
trsowl/XC331913.ogg,4
trsowl/iNat569354.ogg,2
trsowl/XC597608.ogg,3
trsowl/XC615844.ogg,1
trsowl/iNat1692933.ogg,0
trsowl/XC387966.ogg,4
trsowl/XC247440.ogg,3
trsowl/XC500436.ogg,1
trsowl/iNat338667.ogg,3
trsowl/iNat838945.ogg,3
trsowl/iNat1240859.ogg,4
trsowl/iNat1707373.ogg,2
trsowl/XC471418.ogg,2
trsowl/XC861460.ogg,3
trsowl/XC447987.ogg,2
trsowl/XC457353.ogg,3
trsowl/iNat157829.ogg,1
trsowl/iNat35358.ogg,3
trsowl/XC689074.ogg,3
trsowl/iNat1206641.ogg,1
trsowl/iNat279652.ogg,0
trsowl/XC1006634.ogg,2
trsowl/XC987176.ogg,2
trsowl/XC927234.ogg,1
trsowl/XC191819.ogg,3
trsowl/XC30811.ogg,2
trsowl/XC1033725.ogg,3
trsowl/XC500435.ogg,1
trsowl/XC843464.ogg,2
trsowl/iNat149517.ogg,4
trsowl/XC863792.ogg,2
trsowl/iNat354858.ogg,3
trsowl/XC85266.ogg,1
trsowl/XC493182.ogg,2
trsowl/iNat768856.ogg,3
trsowl/XC414181.ogg,2
trsowl/iNat568748.ogg,0
trsowl/XC773063.ogg,0
trsowl/iNat1608858.ogg,0
trsowl/iNat346165.ogg,0
trsowl/XC114879.ogg,1
trsowl/XC310298.ogg,1
trsowl/XC131327.ogg,3
trsowl/iNat338684.ogg,3
trsowl/iNat1096227.ogg,1
trsowl/iNat838948.ogg,3
trsowl/iNat77478.ogg,4
trsowl/iNat398584.ogg,3
trsowl/iNat1577532.ogg,0
trsowl/XC678289.ogg,3
trsowl/iNat569353.ogg,2
trsowl/XC507740.ogg,1
trsowl/XC454093.ogg,4
trsowl/iNat577856.ogg,0
trsowl/iNat1324925.ogg,4
trsowl/XC911091.ogg,3
trsowl/XC998160.ogg,1
trsowl/iNat570061.ogg,0
trsowl/XC443406.ogg,2
trsowl/XC817029.ogg,2
trsowl/XC706797.ogg,2
trsowl/iNat517092.ogg,3
trsowl/XC129857.ogg,1
trsowl/iNat324452.ogg,3
trsowl/iNat842753.ogg,4
trsowl/XC436495.ogg,1
trsowl/XC291977.ogg,4
trsowl/XC479561.ogg,4
trsowl/XC895826.ogg,3
trsowl/iNat885359.ogg,3
trsowl/XC299727.ogg,1
trsowl/XC437589.ogg,4
trsowl/XC358876.ogg,4
trsowl/iNat1033215.ogg,3
trsowl/iNat386613.ogg,0
trsowl/XC992844.ogg,3
trsowl/iNat1447640.ogg,0
undtin1/XC376609.ogg,3
undtin1/XC460769.ogg,4
undtin1/iNat195371.ogg,1
undtin1/XC614655.ogg,1
undtin1/XC680557.ogg,1
undtin1/XC833296.ogg,4
undtin1/iNat824337.ogg,4
undtin1/iNat165002.ogg,4
undtin1/XC844025.ogg,3
undtin1/iNat1734629.ogg,0
undtin1/XC304387.ogg,0
undtin1/XC304386.ogg,0
undtin1/XC573741.ogg,3
undtin1/XC299039.ogg,0
undtin1/XC217872.ogg,1
undtin1/XC85062.ogg,1
undtin1/XC342846.ogg,1
undtin1/XC342845.ogg,1
undtin1/XC85065.ogg,1
undtin1/XC879282.ogg,3
undtin1/XC78204.ogg,0
undtin1/XC863893.ogg,2
undtin1/XC551581.ogg,3
undtin1/XC314321.ogg,4
undtin1/XC932376.ogg,3
undtin1/XC748087.ogg,0
undtin1/XC290414.ogg,4
undtin1/XC443658.ogg,1
undtin1/XC604133.ogg,3
undtin1/XC384421.ogg,3
undtin1/iNat1540301.ogg,3
undtin1/XC382015.ogg,1
undtin1/XC206234.ogg,4
undtin1/XC811920.ogg,2
undtin1/XC607986.ogg,2
undtin1/XC9566.ogg,3
undtin1/XC124623.ogg,3
undtin1/XC128573.ogg,3
undtin1/XC123678.ogg,3
undtin1/XC123460.ogg,3
undtin1/XC113465.ogg,1
undtin1/XC437663.ogg,2
undtin1/XC617469.ogg,2
undtin1/XC617211.ogg,2
undtin1/XC518786.ogg,2
undtin1/XC437655.ogg,2
undtin1/XC298315.ogg,1
undtin1/XC662179.ogg,2
undtin1/XC827013.ogg,2
undtin1/XC1019620.ogg,2
undtin1/XC85064.ogg,1
undtin1/XC52217.ogg,3
undtin1/XC45556.ogg,3
undtin1/XC971823.ogg,2
undtin1/XC971822.ogg,2
undtin1/XC971821.ogg,2
undtin1/XC497686.ogg,4
undtin1/XC800311.ogg,2
undtin1/XC415429.ogg,2
undtin1/XC380991.ogg,2
undtin1/XC737017.ogg,2
undtin1/iNat1432055.ogg,2
undtin1/XC857483.ogg,2
undtin1/XC1008480.ogg,2
undtin1/XC727430.ogg,2
undtin1/XC727429.ogg,2
undtin1/XC715896.ogg,2
undtin1/XC691966.ogg,2
undtin1/XC598971.ogg,3
undtin1/XC428918.ogg,2
undtin1/iNat810373.ogg,1
undtin1/XC358831.ogg,3
undtin1/XC387954.ogg,4
undtin1/XC923336.ogg,3
undtin1/XC915235.ogg,3
undtin1/XC923081.ogg,3
undtin1/XC864073.ogg,3
undtin1/XC924010.ogg,3
undtin1/XC1056278.ogg,3
undtin1/XC1047952.ogg,3
undtin1/XC1047902.ogg,3
undtin1/XC964976.ogg,3
undtin1/iNat905309.ogg,1
undtin1/iNat1540278.ogg,3
undtin1/iNat1699682.ogg,3
undtin1/iNat516414.ogg,4
undtin1/XC506366.ogg,2
undtin1/XC416474.ogg,2
undtin1/XC85061.ogg,1
undtin1/XC121758.ogg,3
undtin1/XC385775.ogg,0
undtin1/XC2792.ogg,0
undtin1/XC174047.ogg,2
undtin1/XC415430.ogg,2
undtin1/XC837447.ogg,2
undtin1/iNat1289715.ogg,4
undtin1/XC901176.ogg,2
undtin1/XC85063.ogg,1
undtin1/XC898299.ogg,2
undtin1/XC965426.ogg,3
undtin1/XC965425.ogg,3
undtin1/XC74716.ogg,1
undtin1/XC74715.ogg,1
undtin1/XC74714.ogg,1
undtin1/XC203194.ogg,3
undtin1/XC95.ogg,1
undtin1/XC59780.ogg,2
undtin1/XC59777.ogg,2
undtin1/XC965415.ogg,3
undtin1/XC965414.ogg,3
undtin1/XC126221.ogg,1
undtin1/XC453629.ogg,1
undtin1/iNat144117.ogg,4
undtin1/iNat181952.ogg,0
undtin1/XC914910.ogg,3
undtin1/XC446752.ogg,0
undtin1/XC547138.ogg,1
undtin1/XC127709.ogg,1
undtin1/iNat1053480.ogg,4
undtin1/XC547134.ogg,1
undtin1/XC440942.ogg,2
undtin1/XC463861.ogg,0
undtin1/XC63335.ogg,1
undtin1/XC63334.ogg,1
undtin1/XC63333.ogg,1
undtin1/XC330931.ogg,1
undtin1/XC755187.ogg,2
undtin1/XC754408.ogg,2
undtin1/iNat141442.ogg,4
undtin1/XC329100.ogg,0
undtin1/XC427277.ogg,2
undtin1/XC427276.ogg,2
undtin1/XC158847.ogg,1
undtin1/iNat1203788.ogg,0
undtin1/XC118852.ogg,3
undtin1/iNat1668280.ogg,3
undtin1/XC483059.ogg,3
undtin1/XC143363.ogg,3
undtin1/iNat1276513.ogg,0
undtin1/XC521573.ogg,3
undtin1/XC85060.ogg,1
undtin1/XC799765.ogg,3
undtin1/XC217870.ogg,1
undtin1/XC217867.ogg,1
undtin1/XC85059.ogg,1
undtin1/XC474817.ogg,3
undtin1/XC556252.ogg,2
undtin1/XC556251.ogg,2
undtin1/XC118338.ogg,4
undtin1/XC427275.ogg,2
undtin1/XC493220.ogg,2
undtin1/XC206784.ogg,3
undtin1/iNat1687616.ogg,3
undtin1/iNat1688275.ogg,3
undtin1/iNat1294948.ogg,4
undtin1/iNat1259522.ogg,2
undtin1/XC743191.ogg,3
undtin1/XC1011758.ogg,1
undtin1/iNat53337.ogg,0
undtin1/XC353343.ogg,4
undtin1/XC613795.ogg,0
undtin1/XC729222.ogg,0
undtin1/XC520581.ogg,4
undtin1/XC649106.ogg,0
undtin1/XC199721.ogg,4
undtin1/XC293719.ogg,3
undtin1/iNat1244302.ogg,4
undtin1/iNat53997.ogg,1
undtin1/XC191383.ogg,3
undtin1/iNat834885.ogg,0
undtin1/XC275915.ogg,1
undtin1/XC238233.ogg,3
undtin1/XC257246.ogg,4
undtin1/XC257245.ogg,4
undtin1/XC275916.ogg,1
undtin1/XC214510.ogg,0
undtin1/XC54904.ogg,4
undtin1/XC391499.ogg,0
undtin1/XC165462.ogg,2
undtin1/XC484518.ogg,4
undtin1/XC120546.ogg,1
undtin1/XC1063153.ogg,1
undtin1/XC1063150.ogg,1
undtin1/XC631008.ogg,4
undtin1/XC199262.ogg,0
undtin1/XC580194.ogg,1
undtin1/XC302125.ogg,3
undtin1/XC295953.ogg,3
undtin1/XC429773.ogg,0
undtin1/XC217154.ogg,0
undtin1/XC550059.ogg,1
undtin1/XC154637.ogg,4
undtin1/XC142103.ogg,0
undtin1/XC245095.ogg,3
undtin1/XC245077.ogg,3
undtin1/XC117750.ogg,4
undtin1/XC117744.ogg,4
undtin1/XC461820.ogg,3
undtin1/XC709435.ogg,3
undtin1/XC180328.ogg,2
undtin1/XC148230.ogg,3
undtin1/XC148049.ogg,3
undtin1/XC225382.ogg,4
undtin1/XC225383.ogg,4
varant1/iNat1635559.ogg,4
varant1/iNat1162870.ogg,4
varant1/iNat148455.ogg,4
varant1/XC291384.ogg,3
varant1/XC841087.ogg,2
varant1/XC836880.ogg,2
varant1/XC741343.ogg,2
varant1/iNat679805.ogg,3
varant1/XC557425.ogg,1
varant1/XC825515.ogg,4
varant1/XC463916.ogg,3
varant1/iNat1631083.ogg,3
varant1/iNat1144748.ogg,3
varant1/iNat841321.ogg,3
varant1/iNat1294607.ogg,3
varant1/XC690905.ogg,2
varant1/iNat135773.ogg,0
varant1/iNat135101.ogg,1
varant1/iNat135102.ogg,1
varant1/iNat353001.ogg,1
varant1/iNat217829.ogg,1
varant1/XC291385.ogg,3
varant1/iNat314887.ogg,3
varant1/iNat566141.ogg,4
varant1/iNat1018998.ogg,2
varant1/iNat1392422.ogg,3
varant1/iNat1611413.ogg,4
varant1/XC175722.ogg,2
varant1/XC413858.ogg,2
varant1/XC413859.ogg,2
varant1/iNat1629908.ogg,4
varant1/iNat649608.ogg,4
varant1/XC413861.ogg,2
varant1/XC413860.ogg,2
varant1/XC165255.ogg,1
varant1/iNat56047.ogg,4
varant1/XC112456.ogg,1
varant1/XC190682.ogg,3
varant1/XC368909.ogg,2
varant1/iNat1253136.ogg,2
varant1/iNat786379.ogg,2
varant1/XC212407.ogg,0
varant1/iNat1629907.ogg,4
varant1/iNat1629909.ogg,4
varant1/iNat247625.ogg,4
varant1/iNat1506773.ogg,2
varant1/XC725032.ogg,2
varant1/iNat1629902.ogg,4
varant1/iNat1629904.ogg,4
varant1/iNat1629906.ogg,4
varant1/iNat1629903.ogg,4
varant1/iNat1629905.ogg,4
varant1/iNat334896.ogg,4
varant1/iNat321685.ogg,4
varant1/XC234221.ogg,4
varant1/iNat1500237.ogg,2
varant1/XC671090.ogg,1
varant1/XC671071.ogg,1
varant1/XC671091.ogg,1
varant1/XC898957.ogg,1
varant1/iNat1459483.ogg,3
varant1/XC247449.ogg,2
varant1/iNat1460277.ogg,3
varant1/XC173940.ogg,1
varant1/iNat1460285.ogg,3
varant1/XC982845.ogg,2
varant1/iNat1589506.ogg,2
varant1/iNat1207574.ogg,1
varant1/XC455556.ogg,3
varant1/iNat1036623.ogg,4
varant1/XC364294.ogg,3
varant1/XC364293.ogg,3
varant1/XC568291.ogg,3
varant1/XC323508.ogg,1
varant1/iNat69191.ogg,4
varant1/XC551941.ogg,3
varant1/XC550580.ogg,3
varant1/XC550578.ogg,3
varant1/XC166275.ogg,0
varant1/iNat885598.ogg,4
varant1/iNat787993.ogg,4
varant1/XC458467.ogg,3
varant1/iNat1238398.ogg,1
varant1/iNat1189406.ogg,1
varant1/iNat817065.ogg,1
varant1/iNat1019160.ogg,1
varant1/XC551330.ogg,2
varant1/XC489835.ogg,2
varant1/XC476198.ogg,2
varant1/iNat1485399.ogg,3
varant1/iNat1570173.ogg,2
varant1/iNat1227614.ogg,2
varant1/XC518970.ogg,2
varant1/iNat728243.ogg,4
varant1/XC80102.ogg,1
varant1/XC469267.ogg,2
varant1/XC676335.ogg,3
varant1/XC676330.ogg,3
varant1/iNat1688413.ogg,4
varant1/XC770061.ogg,3
varant1/XC421851.ogg,0
varant1/XC48781.ogg,4
varant1/XC80103.ogg,1
varant1/XC421447.ogg,0
varant1/XC419187.ogg,0
varant1/XC325761.ogg,0
varant1/XC4857.ogg,1
varant1/XC334811.ogg,4
varant1/XC335450.ogg,1
varant1/XC1006079.ogg,3
varant1/XC932360.ogg,3
varant1/XC932359.ogg,3
varant1/XC428065.ogg,2
varant1/XC348316.ogg,1
varant1/iNat1011313.ogg,3
varant1/iNat1665435.ogg,4
varant1/XC29339.ogg,3
varant1/XC29338.ogg,3
varant1/XC29336.ogg,3
varant1/XC29333.ogg,3
varant1/XC29332.ogg,3
varant1/XC29337.ogg,3
varant1/XC395099.ogg,0
varant1/iNat1110557.ogg,3
varant1/XC212402.ogg,0
varant1/XC241920.ogg,1
varant1/XC940106.ogg,3
varant1/iNat407740.ogg,4
varant1/iNat286297.ogg,4
varant1/iNat340137.ogg,4
varant1/iNat382210.ogg,4
varant1/XC1049893.ogg,4
varant1/XC29335.ogg,3
varant1/XC29334.ogg,3
varant1/XC1064765.ogg,3
varant1/XC1041381.ogg,3
varant1/XC80100.ogg,1
varant1/XC241951.ogg,1
varant1/iNat1714047.ogg,3
varant1/iNat451076.ogg,0
varant1/XC345361.ogg,0
varant1/XC212411.ogg,0
varant1/XC212409.ogg,0
varant1/iNat396788.ogg,0
varant1/XC825380.ogg,3
varant1/iNat451702.ogg,4
varant1/XC665672.ogg,3
varant1/XC534157.ogg,3
varant1/XC564444.ogg,3
varant1/XC186563.ogg,1
varant1/XC120009.ogg,3
varant1/XC143918.ogg,3
varant1/XC389468.ogg,4
varant1/iNat1217137.ogg,3
varant1/XC402645.ogg,4
varant1/XC418592.ogg,2
varant1/XC119369.ogg,3
varant1/XC615541.ogg,1
varant1/XC855140.ogg,0
varant1/XC123930.ogg,3
varant1/iNat544592.ogg,4
varant1/iNat1499852.ogg,2
varant1/iNat1606235.ogg,4
varant1/XC727648.ogg,2
varant1/XC961306.ogg,1
varant1/XC241976.ogg,1
varant1/XC492017.ogg,0
varant1/XC270229.ogg,4
varant1/XC335369.ogg,1
varant1/XC277275.ogg,1
varant1/XC207587.ogg,3
varant1/XC207588.ogg,3
varant1/XC361270.ogg,1
varant1/iNat348057.ogg,0
varant1/XC80105.ogg,1
varant1/XC208433.ogg,3
varant1/XC1009447.ogg,1
varant1/iNat1676422.ogg,4
varant1/iNat308134.ogg,0
varant1/XC212401.ogg,0
varant1/XC50515.ogg,3
varant1/XC50513.ogg,3
varant1/XC50512.ogg,3
varant1/XC143418.ogg,3
varant1/XC1705.ogg,0
varant1/XC1693.ogg,0
varant1/XC389147.ogg,4
varant1/XC115937.ogg,0
varant1/XC114738.ogg,4
varant1/XC982671.ogg,4
varant1/XC809378.ogg,0
varant1/XC80106.ogg,1
varant1/XC732452.ogg,4
varant1/XC130917.ogg,4
varant1/XC114737.ogg,4
varant1/XC156611.ogg,2
varant1/XC854883.ogg,2
varant1/XC337553.ogg,4
varant1/XC727684.ogg,2
varant1/XC385490.ogg,3
varant1/XC145449.ogg,0
varant1/XC145051.ogg,0
varant1/iNat787549.ogg,4
varant1/iNat781693.ogg,4
varant1/iNat263592.ogg,1
varant1/XC291926.ogg,1
varant1/iNat312344.ogg,1
varant1/XC16271.ogg,3
varant1/XC16270.ogg,3
varant1/XC16269.ogg,3
varant1/XC16268.ogg,3
varant1/XC78206.ogg,0
varant1/XC78205.ogg,0
varant1/XC1067272.ogg,1
varant1/XC635077.ogg,3
varant1/XC630641.ogg,4
varant1/XC630659.ogg,4
varant1/XC433928.ogg,4
varant1/XC631580.ogg,4
varant1/XC351776.ogg,4
varant1/XC149114.ogg,0
varant1/XC674077.ogg,3
varant1/XC353629.ogg,4
varant1/XC16272.ogg,3
varant1/XC2181.ogg,0
varant1/XC2173.ogg,0
varant1/XC2078.ogg,0
varant1/XC483492.ogg,2
varant1/XC483491.ogg,2
varant1/XC727995.ogg,1
varant1/XC727895.ogg,1
varant1/iNat1607885.ogg,3
varant1/XC43926.ogg,2
varant1/XC43925.ogg,2
varant1/XC43922.ogg,2
varant1/XC43916.ogg,2
varant1/iNat336534.ogg,4
varant1/XC497758.ogg,2
varant1/XC829404.ogg,0
varant1/XC815236.ogg,0
varant1/XC340309.ogg,2
varant1/XC576947.ogg,3
varant1/XC80101.ogg,1
varant1/iNat142347.ogg,4
varant1/XC530434.ogg,3
varant1/XC151177.ogg,1
varant1/XC579131.ogg,4
varant1/XC212408.ogg,0
varant1/XC697439.ogg,2
varant1/XC697443.ogg,2
varant1/XC697441.ogg,2
varant1/XC500647.ogg,3
varant1/XC500646.ogg,3
varant1/XC512359.ogg,3
varant1/XC579132.ogg,4
varant1/XC921811.ogg,4
varant1/XC520355.ogg,3
varant1/XC80104.ogg,1
varant1/XC663857.ogg,3
varant1/XC665405.ogg,3
varant1/XC318344.ogg,4
varant1/XC318343.ogg,4
varant1/XC843844.ogg,0
varant1/XC428066.ogg,2
varant1/XC983231.ogg,1
varant1/iNat1044139.ogg,4
varant1/XC627576.ogg,0
varant1/XC206343.ogg,4
varant1/XC714105.ogg,0
varant1/XC609779.ogg,1
varant1/XC786373.ogg,2
varant1/XC1069658.ogg,4
varant1/XC10801.ogg,3
varant1/XC838367.ogg,3
varant1/XC289626.ogg,1
varant1/XC838390.ogg,3
varant1/XC838384.ogg,3
varant1/XC764702.ogg,3
varant1/XC764701.ogg,3
varant1/XC764700.ogg,3
varant1/XC764699.ogg,3
varant1/XC764698.ogg,3
varant1/XC764697.ogg,3
varant1/XC289450.ogg,1
varant1/XC491677.ogg,4
varant1/XC712370.ogg,4
varant1/XC764688.ogg,3
varant1/XC764690.ogg,3
varant1/XC764691.ogg,3
varant1/XC764689.ogg,3
varant1/XC197214.ogg,2
watjac1/iNat140171.ogg,3
watjac1/XC463356.ogg,3
watjac1/XC144343.ogg,1
watjac1/iNat342420.ogg,4
watjac1/XC287502.ogg,3
watjac1/XC746862.ogg,2
watjac1/iNat537045.ogg,3
watjac1/iNat621677.ogg,3
watjac1/XC686748.ogg,2
watjac1/XC704994.ogg,1
watjac1/XC704991.ogg,1
watjac1/XC174726.ogg,2
watjac1/XC369645.ogg,2
watjac1/XC411830.ogg,2
watjac1/XC174393.ogg,1
watjac1/XC955580.ogg,4
watjac1/XC965728.ogg,4
watjac1/XC959177.ogg,4
watjac1/XC469744.ogg,3
watjac1/iNat806484.ogg,2
watjac1/XC549506.ogg,3
watjac1/XC427513.ogg,2
watjac1/XC410421.ogg,4
watjac1/XC38774.ogg,4
watjac1/iNat397555.ogg,0
watjac1/XC331752.ogg,0
watjac1/XC85183.ogg,1
watjac1/XC474056.ogg,3
watjac1/XC582169.ogg,3
watjac1/XC496438.ogg,1
watjac1/XC856594.ogg,1
watjac1/XC200361.ogg,0
watjac1/XC123799.ogg,3
watjac1/XC349402.ogg,1
watjac1/XC6050.ogg,3
watjac1/XC392024.ogg,3
watjac1/XC131325.ogg,3
watjac1/XC130869.ogg,3
watjac1/XC242052.ogg,3
watjac1/XC287956.ogg,4
watjac1/XC284571.ogg,4
watjac1/XC51397.ogg,3
watjac1/XC51396.ogg,3
watjac1/XC143235.ogg,4
watjac1/XC418898.ogg,0
watjac1/XC351250.ogg,1
watjac1/XC124396.ogg,4
watjac1/XC343907.ogg,1
watjac1/XC123993.ogg,0
watjac1/XC290380.ogg,4
watjac1/XC85182.ogg,1
watjac1/XC85181.ogg,1
watjac1/XC85180.ogg,1
watjac1/XC115718.ogg,2
watjac1/XC506272.ogg,2
watjac1/XC761761.ogg,2
watjac1/XC415438.ogg,2
watjac1/XC419228.ogg,0
watjac1/XC419226.ogg,0
watjac1/XC761774.ogg,2
watjac1/XC705034.ogg,3
watjac1/XC1064071.ogg,3
watjac1/XC2765.ogg,0
watjac1/XC443388.ogg,2
watjac1/XC443417.ogg,2
watjac1/XC110422.ogg,0
watjac1/XC705036.ogg,3
watjac1/XC901123.ogg,2
watjac1/XC255364.ogg,0
watjac1/XC129070.ogg,1
watjac1/XC128539.ogg,1
watjac1/XC1009224.ogg,4
watjac1/XC127171.ogg,1
watjac1/XC127172.ogg,1
watjac1/XC861470.ogg,3
watjac1/XC831119.ogg,2
watjac1/XC255365.ogg,0
watjac1/iNat1012324.ogg,0
watjac1/XC974571.ogg,2
watjac1/XC353293.ogg,4
watjac1/XC147155.ogg,0
watjac1/XC118669.ogg,3
watjac1/XC144814.ogg,0
watjac1/XC228685.ogg,1
watjac1/XC357134.ogg,3
watjac1/XC325551.ogg,3
watjac1/iNat641343.ogg,0
watjac1/iNat760450.ogg,0
watjac1/iNat405779.ogg,0
watjac1/iNat763162.ogg,0
watjac1/iNat1408840.ogg,3
watjac1/XC633004.ogg,2
watjac1/XC257501.ogg,4
watjac1/XC257500.ogg,4
watjac1/XC675842.ogg,3
watjac1/XC257497.ogg,4
watjac1/XC257494.ogg,4
watjac1/XC257493.ogg,4
watjac1/XC257498.ogg,4
watjac1/XC257496.ogg,4
watjac1/XC257495.ogg,4
watjac1/XC257499.ogg,4
watjac1/XC257502.ogg,4
watjac1/XC182551.ogg,1
watjac1/XC477316.ogg,0
watjac1/XC660127.ogg,1
watjac1/XC807891.ogg,4
watjac1/XC627405.ogg,1
watjac1/XC946131.ogg,4
watjac1/XC946130.ogg,4
watjac1/XC946129.ogg,4
watjac1/XC127237.ogg,4
watjac1/XC386623.ogg,2
watjac1/XC1039956.ogg,2
watjac1/XC1039955.ogg,2
watjac1/iNat984219.ogg,4
watjac1/XC450429.ogg,4
watjac1/XC450430.ogg,4
watjac1/XC936967.ogg,2
watjac1/XC244976.ogg,2
watjac1/XC946969.ogg,2
watjac1/XC9022.ogg,3
watjac1/XC254093.ogg,4
watjac1/XC254094.ogg,4
watjac1/XC928805.ogg,0
watjac1/XC66026.ogg,1
watjac1/XC66049.ogg,1
watjac1/XC955572.ogg,4
watjac1/XC395987.ogg,2
watjac1/XC820354.ogg,1
watjac1/XC43803.ogg,2
watjac1/XC389370.ogg,2
watjac1/iNat51559.ogg,1
watjac1/XC509501.ogg,1
wesfie1/XC732280.ogg,4
wesfie1/XC80263.ogg,1
wesfie1/XC627071.ogg,3
wesfie1/XC289858.ogg,2
wesfie1/XC297690.ogg,0
wesfie1/XC703839.ogg,3
wesfie1/XC703838.ogg,3
wesfie1/XC456902.ogg,1
wesfie1/XC155510.ogg,0
wesfie1/XC155526.ogg,0
wesfie1/XC296326.ogg,4
wesfie1/XC296325.ogg,4
wesfie1/XC2652.ogg,0
wesfie1/XC2734.ogg,0
wesfie1/XC2647.ogg,0
wesfie1/XC1625.ogg,0
wesfie1/XC471112.ogg,2
wesfie1/iNat1608793.ogg,4
wesfie1/XC174553.ogg,2
wesfie1/XC404570.ogg,3
wesfie1/XC529078.ogg,1
wesfie1/iNat180744.ogg,0
wesfie1/XC1037358.ogg,3
wesfie1/XC171181.ogg,3
wesfie1/XC171180.ogg,3
wesfie1/XC385745.ogg,0
wesfie1/XC178515.ogg,1
wesfie1/XC174050.ogg,2
wesfie1/XC703841.ogg,3
wesfie1/XC1940.ogg,0
wesfie1/XC63960.ogg,1
wesfie1/XC63959.ogg,1
wesfie1/XC680802.ogg,2
wesfie1/XC859179.ogg,3
wesfie1/XC859178.ogg,3
wesfie1/XC396048.ogg,1
wesfie1/XC1896.ogg,0
wesfie1/XC654886.ogg,4
wesfie1/XC246018.ogg,1
wesfie1/XC333327.ogg,1
wesfie1/XC112535.ogg,1
wesfie1/XC707852.ogg,3
wesfie1/XC296721.ogg,4
wesfie1/XC439088.ogg,1
wesfie1/XC814302.ogg,1
wesfie1/XC813058.ogg,1
wesfie1/XC144613.ogg,0
wesfie1/XC493928.ogg,4
wesfie1/XC493927.ogg,4
wesfie1/XC264620.ogg,4
wesfie1/XC251448.ogg,3
wesfie1/XC251447.ogg,3
wesfie1/XC465823.ogg,4
wesfie1/XC250299.ogg,3
wesfie1/XC209072.ogg,4
wesfie1/XC545236.ogg,0
wesfie1/XC545235.ogg,0
wesfie1/XC364191.ogg,0
wesfie1/XC977319.ogg,1
wesfie1/XC249777.ogg,3
wesfie1/XC249776.ogg,3
wesfie1/XC260814.ogg,0
wesfie1/XC249722.ogg,3
wesfie1/XC249658.ogg,3
wesfie1/XC249632.ogg,3
wesfie1/XC694774.ogg,3
wesfie1/XC407634.ogg,3
wesfie1/XC407518.ogg,3
wesfie1/XC730034.ogg,2
wesfie1/XC730033.ogg,2
wesfie1/XC264623.ogg,4
wesfie1/XC264622.ogg,4
wesfie1/XC251446.ogg,3
wesfie1/XC275048.ogg,0
wesfie1/XC275047.ogg,0
wesfie1/XC276432.ogg,1
wesfie1/XC8042.ogg,3
wesfie1/XC7209.ogg,3
wesfie1/XC260813.ogg,0
wesfie1/XC251449.ogg,3
wesfie1/XC977303.ogg,1
wesfie1/XC977302.ogg,1
wesfie1/XC750668.ogg,0
wesfie1/XC892730.ogg,1
wesfie1/iNat577232.ogg,3
wesfie1/XC443573.ogg,4
wesfie1/XC506919.ogg,4
wesfie1/XC511425.ogg,1
wesfie1/XC511424.ogg,1
wesfie1/XC511547.ogg,1
wesfie1/XC390487.ogg,4
wesfie1/XC390488.ogg,4
wesfie1/XC264621.ogg,4
wesfie1/XC6464.ogg,3
wesfie1/XC248663.ogg,3
wesfie1/XC248610.ogg,3
wesfie1/XC841736.ogg,3
wesfie1/XC913954.ogg,2
wesfie1/XC1002835.ogg,2
wesfie1/XC1007603.ogg,2
wesfie1/XC1002837.ogg,2
wesfie1/XC860715.ogg,2
wesfie1/XC1002826.ogg,2
wesfie1/XC1007602.ogg,2
wesfie1/XC1002824.ogg,2
wesfie1/XC1002841.ogg,2
wesfie1/XC1006270.ogg,2
wesfie1/XC127991.ogg,4
wesfie1/XC276435.ogg,1
wesfie1/XC276434.ogg,1
wesfie1/XC941017.ogg,2
wesfie1/XC571382.ogg,0
wesfie1/XC639813.ogg,0
wesfie1/XC299585.ogg,3
wesfie1/XC317857.ogg,4
wesfie1/XC291487.ogg,3
wesfie1/iNat339743.ogg,3
wesfie1/XC700399.ogg,0
wesfie1/XC529371.ogg,3
wesfie1/XC529370.ogg,3
wesfie1/XC529369.ogg,3
wesfie1/XC529368.ogg,3
wesfie1/XC529367.ogg,3
wesfie1/XC529311.ogg,3
wesfie1/XC529310.ogg,3
wesfie1/XC529309.ogg,3
wesfie1/XC548893.ogg,0
wesfie1/XC683958.ogg,1
wesfie1/XC641716.ogg,1
wesfie1/XC689464.ogg,3
wesfie1/XC824590.ogg,4
wesfie1/XC504710.ogg,1
wesfie1/XC335143.ogg,0
wesfie1/XC303388.ogg,4
wesfie1/XC776398.ogg,4
wesfie1/iNat31803.ogg,0
wfwduc1/iNat939441.ogg,4
wfwduc1/XC52546.ogg,3
wfwduc1/iNat157339.ogg,3
wfwduc1/iNat839558.ogg,3
wfwduc1/iNat206416.ogg,2
wfwduc1/XC1000720.ogg,1
wfwduc1/XC328026.ogg,2
wfwduc1/XC749321.ogg,2
wfwduc1/XC878955.ogg,2
wfwduc1/XC509750.ogg,2
wfwduc1/XC591037.ogg,1
wfwduc1/iNat282166.ogg,2
wfwduc1/iNat714219.ogg,3
wfwduc1/iNat210422.ogg,3
wfwduc1/iNat211502.ogg,3
wfwduc1/iNat588092.ogg,3
wfwduc1/iNat714222.ogg,3
wfwduc1/iNat289652.ogg,1
wfwduc1/XC270536.ogg,3
wfwduc1/iNat1679287.ogg,2
wfwduc1/iNat50248.ogg,1
wfwduc1/XC85076.ogg,1
wfwduc1/XC845313.ogg,3
wfwduc1/XC727844.ogg,3
wfwduc1/XC174725.ogg,2
wfwduc1/XC126354.ogg,0
wfwduc1/iNat55731.ogg,4
wfwduc1/XC117055.ogg,2
wfwduc1/iNat1487538.ogg,3
wfwduc1/XC173405.ogg,1
wfwduc1/XC434143.ogg,0
wfwduc1/XC584016.ogg,0
wfwduc1/iNat289492.ogg,0
wfwduc1/iNat397545.ogg,0
wfwduc1/XC307184.ogg,3
wfwduc1/XC307183.ogg,3
wfwduc1/XC633268.ogg,2
wfwduc1/XC983776.ogg,0
wfwduc1/iNat152413.ogg,0
wfwduc1/iNat513337.ogg,1
wfwduc1/XC195057.ogg,1
wfwduc1/XC583886.ogg,4
wfwduc1/iNat1734800.ogg,2
wfwduc1/XC121284.ogg,3
wfwduc1/XC582166.ogg,3
wfwduc1/XC476320.ogg,4
wfwduc1/XC435977.ogg,0
wfwduc1/XC435976.ogg,0
wfwduc1/XC123198.ogg,3
wfwduc1/XC581122.ogg,1
wfwduc1/XC162390.ogg,4
wfwduc1/XC85077.ogg,1
wfwduc1/XC391228.ogg,3
wfwduc1/XC243447.ogg,3
wfwduc1/XC131148.ogg,3
wfwduc1/XC130868.ogg,3
wfwduc1/XC130854.ogg,3
wfwduc1/XC186236.ogg,0
wfwduc1/XC234774.ogg,4
wfwduc1/XC833945.ogg,3
wfwduc1/XC863919.ogg,2
wfwduc1/XC697850.ogg,4
wfwduc1/XC697833.ogg,4
wfwduc1/XC697835.ogg,4
wfwduc1/XC697831.ogg,4
wfwduc1/XC423000.ogg,0
wfwduc1/XC85075.ogg,1
wfwduc1/XC415357.ogg,2
wfwduc1/XC956315.ogg,2
wfwduc1/XC849986.ogg,2
wfwduc1/XC772522.ogg,2
wfwduc1/XC772515.ogg,2
wfwduc1/XC209373.ogg,3
wfwduc1/iNat892927.ogg,1
wfwduc1/XC834026.ogg,3
wfwduc1/XC448471.ogg,2
wfwduc1/XC536713.ogg,3
wfwduc1/XC345398.ogg,0
wfwduc1/XC345397.ogg,0
wfwduc1/XC345396.ogg,0
wfwduc1/XC708987.ogg,3
wfwduc1/XC656257.ogg,4
wfwduc1/XC627128.ogg,4
wfwduc1/XC627127.ogg,4
wfwduc1/XC515907.ogg,1
wfwduc1/XC428536.ogg,2
wfwduc1/iNat1303366.ogg,0
wfwduc1/XC395711.ogg,4
wfwduc1/XC593234.ogg,0
wfwduc1/XC774689.ogg,1
wfwduc1/XC397711.ogg,3
wfwduc1/iNat136685.ogg,0
wfwduc1/XC775920.ogg,0
wfwduc1/XC195509.ogg,3
wfwduc1/XC1064508.ogg,4
wfwduc1/XC1053111.ogg,4
wfwduc1/XC946078.ogg,4
wfwduc1/XC946077.ogg,4
wfwduc1/XC946076.ogg,4
wfwduc1/XC946075.ogg,4
wfwduc1/XC946074.ogg,4
wfwduc1/XC946073.ogg,4
wfwduc1/XC304830.ogg,4
wfwduc1/XC350102.ogg,4
wfwduc1/XC225375.ogg,4
wfwduc1/XC125468.ogg,4
wfwduc1/XC118413.ogg,4
wfwduc1/XC267913.ogg,2
wfwduc1/XC608287.ogg,4
wfwduc1/XC346203.ogg,1
wfwduc1/XC346175.ogg,1
wfwduc1/XC879591.ogg,1
wfwduc1/XC594635.ogg,4
wfwduc1/XC973598.ogg,2
wfwduc1/XC973597.ogg,2
wfwduc1/XC973596.ogg,2
wfwduc1/XC861867.ogg,3
wfwduc1/XC862617.ogg,3
wfwduc1/XC781653.ogg,4
wfwduc1/XC1042904.ogg,2
wfwduc1/XC1042903.ogg,2
wfwduc1/XC1042902.ogg,2
wfwduc1/XC1042891.ogg,2
wfwduc1/XC393367.ogg,1
wfwduc1/XC330306.ogg,1
wfwduc1/XC178029.ogg,1
wfwduc1/XC297599.ogg,1
wfwduc1/XC397679.ogg,1
wfwduc1/XC177829.ogg,0
wfwduc1/XC408085.ogg,4
wfwduc1/XC401837.ogg,1
wfwduc1/XC656568.ogg,0
wfwduc1/iNat860671.ogg,4
whbant2/XC179702.ogg,1
whbant2/XC411994.ogg,2
whbant2/XC488913.ogg,0
whbant2/iNat340687.ogg,4
whbant2/XC522070.ogg,3
whbant2/XC550610.ogg,3
whbant2/iNat1153736.ogg,4
whbant2/iNat354772.ogg,4
whbant2/XC366136.ogg,3
whbant2/XC174775.ogg,0
whbant2/XC404409.ogg,4
whbant2/XC404408.ogg,4
whbant2/XC404407.ogg,4
whbant2/iNat1228992.ogg,4
whbant2/iNat354773.ogg,4
whbant2/iNat312574.ogg,4
whbant2/iNat527869.ogg,4
whbant2/XC725189.ogg,2
whbant2/XC490693.ogg,0
whbant2/XC195460.ogg,0
whbant2/XC503641.ogg,1
whbant2/XC838753.ogg,1
whbant2/XC814532.ogg,1
whbant2/iNat48878.ogg,2
whbant2/XC339827.ogg,1
whbant2/XC80041.ogg,1
whbant2/XC332040.ogg,1
whbant2/XC80043.ogg,1
whbant2/XC80042.ogg,1
whbant2/XC244449.ogg,1
whbant2/XC331357.ogg,1
whbant2/XC80039.ogg,1
whbant2/XC80044.ogg,1
whbant2/XC341993.ogg,1
whbant2/XC419152.ogg,0
whbant2/XC419150.ogg,0
whbant2/XC419146.ogg,0
whbant2/XC295696.ogg,0
whbant2/XC419154.ogg,0
whbant2/XC334812.ogg,4
whbant2/XC3859.ogg,3
whbant2/iNat1570156.ogg,0
whbant2/XC200803.ogg,2
whbant2/XC388358.ogg,3
whbant2/XC244447.ogg,1
whbant2/XC427125.ogg,2
whbant2/XC435589.ogg,2
whbant2/XC422960.ogg,0
whbant2/XC4274.ogg,1
whbant2/XC244446.ogg,1
whbant2/XC334781.ogg,4
whbant2/XC855192.ogg,0
whbant2/XC427126.ogg,2
whbant2/XC674416.ogg,2
whbant2/XC330067.ogg,2
whbant2/XC716116.ogg,4
whbant2/XC423652.ogg,3
whbant2/XC80038.ogg,1
whbant2/XC733275.ogg,3
whbant2/XC733274.ogg,3
whbant2/XC656195.ogg,3
whbant2/XC121864.ogg,3
whbant2/XC120010.ogg,3
whbant2/iNat769064.ogg,1
whbant2/XC696243.ogg,3
whbant2/XC696240.ogg,3
whbant2/XC724875.ogg,1
whbant2/XC678083.ogg,2
whbant2/XC244450.ogg,1
whbant2/XC284350.ogg,4
whbant2/XC623212.ogg,3
whbant2/XC287500.ogg,4
whbant2/XC112701.ogg,4
whbant2/iNat1647777.ogg,4
whbant2/iNat1647785.ogg,4
whbwar2/XC365331.ogg,2
whbwar2/XC365330.ogg,2
whbwar2/iNat1508380.ogg,4
whbwar2/iNat1605617.ogg,2
whbwar2/iNat769896.ogg,0
whbwar2/iNat778003.ogg,2
whbwar2/iNat1560883.ogg,1
whbwar2/iNat1595193.ogg,1
whbwar2/iNat1721677.ogg,4
whbwar2/iNat1240762.ogg,4
whbwar2/iNat1253332.ogg,4
whbwar2/iNat915431.ogg,4
whbwar2/iNat915434.ogg,4
whbwar2/iNat915435.ogg,4
whbwar2/iNat40815.ogg,3
whbwar2/iNat1261773.ogg,4
whbwar2/iNat850847.ogg,1
whbwar2/iNat850848.ogg,1
whbwar2/iNat850849.ogg,1
whbwar2/iNat279090.ogg,4
whbwar2/iNat1544224.ogg,3
whbwar2/iNat46412.ogg,0
whbwar2/XC542050.ogg,1
whbwar2/XC542044.ogg,1
whbwar2/iNat26522.ogg,2
whbwar2/XC200392.ogg,4
whbwar2/XC630991.ogg,1
whbwar2/XC659691.ogg,1
whbwar2/iNat47508.ogg,1
whbwar2/iNat697315.ogg,3
whbwar2/iNat817716.ogg,2
whbwar2/iNat148536.ogg,4
whbwar2/iNat1591963.ogg,3
whbwar2/iNat1591966.ogg,3
whbwar2/iNat1044543.ogg,3
whbwar2/iNat1044550.ogg,3
whbwar2/iNat786917.ogg,3
whbwar2/iNat631318.ogg,3
whbwar2/iNat631319.ogg,3
whbwar2/iNat621292.ogg,3
whbwar2/iNat621290.ogg,3
whbwar2/iNat680030.ogg,1
whbwar2/iNat688407.ogg,3
whbwar2/iNat448033.ogg,1
whbwar2/iNat448028.ogg,1
whbwar2/iNat786435.ogg,1
whbwar2/iNat786433.ogg,1
whbwar2/iNat307985.ogg,1
whbwar2/iNat246928.ogg,1
whbwar2/iNat246929.ogg,1
whbwar2/iNat246930.ogg,1
whbwar2/XC631643.ogg,3
whbwar2/XC202934.ogg,3
whbwar2/XC146822.ogg,1
whbwar2/XC146821.ogg,1
whbwar2/XC402662.ogg,3
whbwar2/XC608443.ogg,1
whbwar2/iNat818155.ogg,1
whbwar2/iNat1009765.ogg,2
whbwar2/iNat174922.ogg,4
whbwar2/iNat1589687.ogg,2
whbwar2/XC252804.ogg,1
whbwar2/XC252801.ogg,1
whbwar2/XC419253.ogg,2
whbwar2/iNat1630833.ogg,1
whbwar2/iNat1630832.ogg,1
whbwar2/XC419255.ogg,2
whbwar2/iNat1032711.ogg,4
whbwar2/iNat781996.ogg,1
whbwar2/iNat851278.ogg,4
whbwar2/XC454148.ogg,3
whbwar2/XC174739.ogg,2
whbwar2/XC181722.ogg,1
whbwar2/XC174811.ogg,2
whbwar2/XC190687.ogg,3
whbwar2/iNat55894.ogg,4
whbwar2/iNat1654602.ogg,3
whbwar2/XC369814.ogg,2
whbwar2/XC185830.ogg,0
whbwar2/iNat1568061.ogg,0
whbwar2/iNat1625581.ogg,4
whbwar2/XC332749.ogg,1
whbwar2/XC476326.ogg,4
whbwar2/iNat1625584.ogg,4
whbwar2/iNat1625583.ogg,4
whbwar2/iNat1625582.ogg,4
whbwar2/iNat1625585.ogg,4
whbwar2/iNat611106.ogg,3
whbwar2/iNat897146.ogg,4
whbwar2/iNat207100.ogg,4
whbwar2/XC234219.ogg,4
whbwar2/XC210628.ogg,4
whbwar2/iNat1450719.ogg,3
whbwar2/iNat1459484.ogg,3
whbwar2/iNat1467990.ogg,3
whbwar2/iNat1450727.ogg,3
whbwar2/XC961911.ogg,4
whbwar2/iNat1450722.ogg,3
whbwar2/iNat559531.ogg,4
whbwar2/iNat1038416.ogg,4
whbwar2/XC982862.ogg,2
whbwar2/iNat1598828.ogg,1
whbwar2/XC154380.ogg,3
whbwar2/XC176834.ogg,1
whbwar2/iNat1685016.ogg,2
whbwar2/iNat1036622.ogg,4
whbwar2/XC364690.ogg,3
whbwar2/XC363218.ogg,3
whbwar2/XC426078.ogg,1
whbwar2/iNat227718.ogg,4
whbwar2/iNat251946.ogg,4
whbwar2/iNat69287.ogg,4
whbwar2/iNat79016.ogg,4
whbwar2/XC710874.ogg,2
whbwar2/XC644001.ogg,2
whbwar2/XC949374.ogg,4
whbwar2/iNat1252234.ogg,1
whbwar2/XC551583.ogg,3
whbwar2/XC551582.ogg,3
whbwar2/XC551580.ogg,3
whbwar2/iNat1609465.ogg,4
whbwar2/iNat1609587.ogg,4
whbwar2/XC365742.ogg,3
whbwar2/XC473656.ogg,2
whbwar2/XC404410.ogg,4
whbwar2/XC157387.ogg,0
whbwar2/iNat885647.ogg,4
whbwar2/XC464010.ogg,3
whbwar2/XC713749.ogg,2
whbwar2/iNat1665979.ogg,4
whbwar2/iNat547694.ogg,4
whbwar2/iNat533640.ogg,1
whbwar2/iNat763637.ogg,1
whbwar2/iNat363508.ogg,4
whbwar2/XC486974.ogg,2
whbwar2/XC1013665.ogg,3
whbwar2/iNat1449827.ogg,3
whbwar2/iNat1449832.ogg,3
whbwar2/iNat1460263.ogg,3
whbwar2/iNat1460265.ogg,3
whbwar2/iNat1481182.ogg,3
whbwar2/XC653832.ogg,2
whbwar2/iNat729637.ogg,4
whbwar2/iNat622142.ogg,4
whbwar2/iNat622144.ogg,4
whbwar2/iNat524828.ogg,4
whbwar2/iNat544941.ogg,4
whbwar2/iNat544944.ogg,4
whbwar2/iNat1624190.ogg,3
whbwar2/iNat145371.ogg,3
whbwar2/iNat1624201.ogg,3
whbwar2/iNat1624202.ogg,3
whbwar2/iNat1002355.ogg,2
whbwar2/iNat140702.ogg,4
whbwar2/XC676343.ogg,3
whbwar2/XC212932.ogg,4
whbwar2/XC421842.ogg,0
whbwar2/XC419501.ogg,0
whbwar2/XC334795.ogg,4
whbwar2/XC161584.ogg,1
whbwar2/XC299142.ogg,0
whbwar2/XC299141.ogg,0
whbwar2/XC320628.ogg,1
whbwar2/XC191145.ogg,1
whbwar2/XC185832.ogg,0
whbwar2/iNat1043536.ogg,2
whbwar2/iNat1643760.ogg,2
whbwar2/iNat629524.ogg,2
whbwar2/XC185796.ogg,0
whbwar2/iNat560801.ogg,4
whbwar2/iNat502152.ogg,4
whbwar2/iNat502132.ogg,4
whbwar2/XC982725.ogg,3
whbwar2/XC965725.ogg,3
whbwar2/XC342096.ogg,1
whbwar2/XC144381.ogg,1
whbwar2/XC114218.ogg,4
whbwar2/XC70853.ogg,1
whbwar2/iNat531350.ogg,0
whbwar2/XC135105.ogg,4
whbwar2/iNat398043.ogg,0
whbwar2/XC164892.ogg,2
whbwar2/XC177601.ogg,1
whbwar2/XC212497.ogg,1
whbwar2/XC389449.ogg,4
whbwar2/XC557764.ogg,3
whbwar2/iNat1217127.ogg,3
whbwar2/XC402636.ogg,4
whbwar2/XC461429.ogg,2
whbwar2/XC417121.ogg,2
whbwar2/XC993175.ogg,3
whbwar2/iNat776770.ogg,2
whbwar2/XC348829.ogg,1
whbwar2/XC1045619.ogg,3
whbwar2/XC119351.ogg,3
whbwar2/XC548887.ogg,1
whbwar2/XC165805.ogg,1
whbwar2/iNat1733350.ogg,4
whbwar2/iNat1492828.ogg,4
whbwar2/XC856112.ogg,0
whbwar2/iNat483060.ogg,4
whbwar2/XC745870.ogg,0
whbwar2/XC288893.ogg,4
whbwar2/iNat1550350.ogg,4
whbwar2/iNat16263.ogg,3
whbwar2/XC389558.ogg,3
whbwar2/XC389554.ogg,3
whbwar2/XC279541.ogg,4
whbwar2/XC288646.ogg,1
whbwar2/XC288602.ogg,1
whbwar2/iNat260124.ogg,0
whbwar2/iNat1415360.ogg,0
whbwar2/iNat1647779.ogg,4
whbwar2/XC249263.ogg,3
whbwar2/iNat365516.ogg,0
whbwar2/XC361272.ogg,1
whbwar2/XC361271.ogg,1
whbwar2/XC726733.ogg,2
whbwar2/XC642903.ogg,1
whbwar2/XC316908.ogg,1
whbwar2/XC212498.ogg,1
whbwar2/XC84438.ogg,1
whbwar2/XC332785.ogg,4
whbwar2/XC208428.ogg,3
whbwar2/XC286368.ogg,4
whbwar2/XC473785.ogg,1
whbwar2/XC753238.ogg,2
whbwar2/XC255038.ogg,1
whbwar2/XC835400.ogg,1
whbwar2/XC835399.ogg,1
whbwar2/iNat1463929.ogg,4
whbwar2/XC746759.ogg,3
whbwar2/iNat1462316.ogg,4
whbwar2/XC389169.ogg,4
whbwar2/iNat535806.ogg,0
whbwar2/XC6900.ogg,3
whbwar2/XC721812.ogg,2
whbwar2/iNat1283914.ogg,2
whbwar2/XC577544.ogg,3
whbwar2/XC577542.ogg,3
whbwar2/iNat566976.ogg,1
whbwar2/iNat152134.ogg,1
whbwar2/iNat892285.ogg,4
whiwoo1/iNat745934.ogg,3
whiwoo1/iNat1684717.ogg,4
whiwoo1/XC168297.ogg,1
whiwoo1/XC181064.ogg,1
whiwoo1/iNat316746.ogg,4
whiwoo1/iNat156870.ogg,4
whiwoo1/iNat845597.ogg,2
whiwoo1/iNat1638418.ogg,0
whiwoo1/XC898652.ogg,2
whiwoo1/XC742773.ogg,2
whiwoo1/XC390540.ogg,2
whiwoo1/XC805866.ogg,4
whiwoo1/XC993733.ogg,1
whiwoo1/XC993732.ogg,1
whiwoo1/XC837257.ogg,4
whiwoo1/XC692400.ogg,2
whiwoo1/XC692401.ogg,2
whiwoo1/iNat790587.ogg,3
whiwoo1/iNat80183.ogg,0
whiwoo1/iNat210497.ogg,3
whiwoo1/iNat1035105.ogg,3
whiwoo1/iNat702301.ogg,3
whiwoo1/iNat313078.ogg,3
whiwoo1/iNat506641.ogg,3
whiwoo1/iNat770323.ogg,3
whiwoo1/iNat263437.ogg,2
whiwoo1/iNat763120.ogg,3
whiwoo1/iNat510407.ogg,3
whiwoo1/iNat510408.ogg,3
whiwoo1/iNat507341.ogg,1
whiwoo1/iNat763124.ogg,3
whiwoo1/iNat763127.ogg,3
whiwoo1/iNat83773.ogg,0
whiwoo1/iNat1391429.ogg,3
whiwoo1/XC217552.ogg,3
whiwoo1/XC558689.ogg,3
whiwoo1/iNat1164336.ogg,3
whiwoo1/iNat1164338.ogg,3
whiwoo1/iNat54907.ogg,4
whiwoo1/XC704824.ogg,1
whiwoo1/XC704940.ogg,1
whiwoo1/XC704829.ogg,1
whiwoo1/XC704826.ogg,1
whiwoo1/XC52605.ogg,3
whiwoo1/iNat1266699.ogg,3
whiwoo1/XC205740.ogg,3
whiwoo1/iNat536076.ogg,1
whiwoo1/XC437199.ogg,1
whiwoo1/iNat208047.ogg,4
whiwoo1/XC452343.ogg,3
whiwoo1/XC479756.ogg,3
whiwoo1/XC174491.ogg,1
whiwoo1/iNat367038.ogg,1
whiwoo1/iNat607761.ogg,3
whiwoo1/iNat1097469.ogg,2
whiwoo1/iNat686538.ogg,2
whiwoo1/iNat159769.ogg,4
whiwoo1/iNat397960.ogg,0
whiwoo1/iNat771742.ogg,1
whiwoo1/iNat1053385.ogg,2
whiwoo1/iNat1695737.ogg,2
whiwoo1/iNat73901.ogg,1
whiwoo1/iNat1192506.ogg,2
whiwoo1/XC933577.ogg,4
whiwoo1/iNat1656252.ogg,2
whiwoo1/iNat998785.ogg,2
whiwoo1/iNat999358.ogg,2
whiwoo1/iNat1038558.ogg,2
whiwoo1/iNat1690092.ogg,2
whiwoo1/iNat1580200.ogg,1
whiwoo1/iNat1291042.ogg,1
whiwoo1/iNat333241.ogg,4
whiwoo1/iNat1229565.ogg,2
whiwoo1/iNat711614.ogg,2
whiwoo1/iNat516852.ogg,4
whiwoo1/XC144760.ogg,1
whiwoo1/iNat822669.ogg,3
whiwoo1/iNat1594296.ogg,0
whiwoo1/XC550380.ogg,3
whiwoo1/XC550378.ogg,3
whiwoo1/XC334337.ogg,1
whiwoo1/XC588083.ogg,1
whiwoo1/XC663694.ogg,3
whiwoo1/XC663693.ogg,3
whiwoo1/iNat278171.ogg,3
whiwoo1/iNat1567808.ogg,0
whiwoo1/XC560056.ogg,3
whiwoo1/XC568507.ogg,0
whiwoo1/iNat1535724.ogg,0
whiwoo1/iNat1716003.ogg,4
whiwoo1/XC11518.ogg,3
whiwoo1/iNat630426.ogg,1
whiwoo1/XC172801.ogg,1
whiwoo1/XC455112.ogg,4
whiwoo1/XC704298.ogg,0
whiwoo1/XC211155.ogg,0
whiwoo1/XC211154.ogg,0
whiwoo1/iNat295443.ogg,0
whiwoo1/XC269787.ogg,4
whiwoo1/iNat1239972.ogg,1
whiwoo1/XC114525.ogg,4
whiwoo1/XC990772.ogg,3
whiwoo1/XC85207.ogg,1
whiwoo1/XC127100.ogg,4
whiwoo1/XC170905.ogg,4
whiwoo1/XC85206.ogg,1
whiwoo1/XC1044396.ogg,1
whiwoo1/XC116010.ogg,1
whiwoo1/XC422556.ogg,0
whiwoo1/XC422555.ogg,0
whiwoo1/iNat76912.ogg,1
whiwoo1/XC813093.ogg,2
whiwoo1/XC123649.ogg,3
whiwoo1/XC483501.ogg,2
whiwoo1/XC709796.ogg,2
whiwoo1/XC920692.ogg,2
whiwoo1/XC920690.ogg,2
whiwoo1/XC550340.ogg,2
whiwoo1/XC418528.ogg,2
whiwoo1/XC550416.ogg,2
whiwoo1/XC550405.ogg,2
whiwoo1/XC800387.ogg,2
whiwoo1/XC205138.ogg,2
whiwoo1/XC960465.ogg,2
whiwoo1/XC384610.ogg,3
whiwoo1/XC115522.ogg,2
whiwoo1/XC699637.ogg,2
whiwoo1/XC2351.ogg,0
whiwoo1/iNat303205.ogg,1
whiwoo1/iNat854455.ogg,1
whiwoo1/XC487955.ogg,3
whiwoo1/XC377330.ogg,0
whiwoo1/XC2750.ogg,0
whiwoo1/XC731574.ogg,2
whiwoo1/XC444167.ogg,2
whiwoo1/XC709894.ogg,3
whiwoo1/XC789001.ogg,2
whiwoo1/XC118864.ogg,3
whiwoo1/XC646550.ogg,1
whiwoo1/iNat356867.ogg,0
whiwoo1/iNat357007.ogg,0
whiwoo1/XC1035790.ogg,2
whiwoo1/XC817207.ogg,2
whiwoo1/XC213053.ogg,3
whiwoo1/XC769499.ogg,2
whiwoo1/iNat1569564.ogg,0
whiwoo1/XC206440.ogg,4
whiwoo1/iNat1627211.ogg,4
whiwoo1/XC427573.ogg,2
whiwoo1/iNat617549.ogg,0
whlspi1/XC279557.ogg,1
whlspi1/XC556612.ogg,2
whlspi1/iNat1624316.ogg,4
whlspi1/XC699584.ogg,2
whlspi1/XC70098.ogg,1
whlspi1/XC70097.ogg,1
whlspi1/XC6438.ogg,3
whlspi1/XC738443.ogg,4
whlspi1/XC738417.ogg,4
whlspi1/XC192774.ogg,1
whlspi1/XC279496.ogg,1
whlspi1/XC738218.ogg,4
whlspi1/XC338638.ogg,0
whlspi1/XC338639.ogg,0
whlspi1/XC720681.ogg,3
whlspi1/XC80874.ogg,1
whlspi1/XC128631.ogg,3
whlspi1/XC128569.ogg,3
whlspi1/XC128626.ogg,3
whlspi1/XC123684.ogg,3
whlspi1/XC381934.ogg,1
whlspi1/XC720685.ogg,3
whlspi1/XC657812.ogg,3
whlspi1/XC657805.ogg,3
whlspi1/XC395453.ogg,0
whlspi1/XC602709.ogg,3
whlspi1/XC602708.ogg,3
whlspi1/XC298867.ogg,0
whlspi1/XC279556.ogg,1
whlspi1/XC341075.ogg,1
whlspi1/XC80875.ogg,1
whlspi1/XC428171.ogg,1
whlspi1/XC506640.ogg,1
whlspi1/XC116275.ogg,2
whlspi1/XC415463.ogg,2
whlspi1/XC171673.ogg,3
whlspi1/XC896251.ogg,0
whlspi1/XC896250.ogg,0
whlspi1/XC896249.ogg,0
whlspi1/iNat397585.ogg,0
whlspi1/XC385776.ogg,0
whlspi1/XC884448.ogg,2
whlspi1/XC178119.ogg,1
whlspi1/XC440621.ogg,0
whlspi1/XC440980.ogg,2
whlspi1/XC387378.ogg,0
whlspi1/XC556613.ogg,2
whlspi1/XC118886.ogg,3
whlspi1/XC504550.ogg,3
whlspi1/XC834193.ogg,3
whlspi1/XC808619.ogg,3
whlspi1/XC704837.ogg,3
whlspi1/XC806625.ogg,3
whlspi1/XC806624.ogg,3
whlspi1/XC803307.ogg,3
whlspi1/XC799761.ogg,3
whlspi1/XC323654.ogg,1
whlspi1/XC80904.ogg,1
whlspi1/XC80903.ogg,1
whnjay1/XC727021.ogg,2
whnjay1/iNat502223.ogg,4
whnjay1/iNat397503.ogg,0
whnjay1/iNat1540331.ogg,3
whnjay1/iNat1404548.ogg,4
whnjay1/iNat1404589.ogg,4
whnjay1/iNat1404596.ogg,1
whnjay1/iNat834733.ogg,4
whnjay1/XC744963.ogg,4
whnjay1/XC1018569.ogg,1
whnjay1/XC658634.ogg,1
whnjay1/XC838537.ogg,2
whnjay1/XC189504.ogg,3
whnjay1/iNat30529.ogg,3
whnjay1/iNat1635020.ogg,2
whnjay1/XC286590.ogg,2
whnjay1/iNat520377.ogg,1
whnjay1/iNat520378.ogg,1
whnjay1/XC708065.ogg,2
whnjay1/XC777923.ogg,2
whnjay1/XC158297.ogg,2
whnjay1/XC415052.ogg,2
whnjay1/XC415050.ogg,2
whnjay1/XC415047.ogg,2
whnjay1/XC341487.ogg,2
whnjay1/XC305415.ogg,2
whnjay1/XC382968.ogg,2
whnjay1/iNat1714634.ogg,0
whnjay1/XC925186.ogg,3
whnjay1/XC345121.ogg,3
whnjay1/XC909891.ogg,3
whnjay1/iNat1579069.ogg,1
whnjay1/XC707335.ogg,3
whnjay1/XC82207.ogg,1
whnjay1/XC82206.ogg,1
whnjay1/XC82200.ogg,1
whnjay1/XC82203.ogg,1
whnjay1/XC722092.ogg,2
whnjay1/XC674583.ogg,2
whnjay1/XC573074.ogg,2
whnjay1/XC413525.ogg,2
whnjay1/iNat1150801.ogg,2
whnjay1/iNat1199393.ogg,2
whnjay1/XC211697.ogg,3
whnjay1/XC211695.ogg,3
whnjay1/XC338787.ogg,1
whnjay1/XC793147.ogg,2
whnjay1/XC793145.ogg,2
whnjay1/XC793196.ogg,2
whnjay1/XC789525.ogg,2
whnjay1/iNat1129646.ogg,4
whnjay1/XC82198.ogg,1
whnjay1/XC499707.ogg,3
whnjay1/XC82202.ogg,1
whnjay1/XC82201.ogg,1
whnjay1/XC728464.ogg,2
whnjay1/XC728465.ogg,2
whnjay1/XC82197.ogg,1
whnjay1/XC82199.ogg,1
whnjay1/XC587242.ogg,3
whnjay1/XC303925.ogg,1
whnjay1/XC303928.ogg,1
whnjay1/XC898440.ogg,2
whnjay1/XC898437.ogg,2
whnjay1/XC169967.ogg,4
whnjay1/XC482216.ogg,0
whnjay1/XC251843.ogg,1
whnjay1/XC119091.ogg,3
whnjay1/XC114952.ogg,1
whnjay1/XC711028.ogg,3
whnjay1/XC82204.ogg,1
whnjay1/XC82205.ogg,1
whnjay1/XC974086.ogg,2
whnjay1/XC342744.ogg,0
whnjay1/iNat1472624.ogg,4
whnjay1/XC895844.ogg,3
whnjay1/iNat771603.ogg,0
whnjay1/XC113192.ogg,4
whnjay1/iNat1141278.ogg,3
whnjay1/XC712958.ogg,4
whnjay1/iNat564217.ogg,4
whnjay1/XC827055.ogg,0
whnjay1/iNat1636518.ogg,2
whnjay1/iNat1636536.ogg,2
whnjay1/XC121986.ogg,0
whnjay1/XC201867.ogg,4
whnjay1/XC11587.ogg,3
whnjay1/iNat867366.ogg,0
whnjay1/iNat1281685.ogg,4
whnjay1/XC493231.ogg,2
whnjay1/XC493229.ogg,2
whnjay1/XC428441.ogg,2
whnjay1/XC705432.ogg,0
whnjay1/XC213049.ogg,3
whnjay1/XC427284.ogg,2
whnjay1/XC769459.ogg,2
whnjay1/XC119824.ogg,3
whnjay1/iNat1249774.ogg,4
whnjay1/iNat1285849.ogg,0
whnjay1/XC712445.ogg,4
whnjay1/XC712443.ogg,4
whnjay1/iNat1651360.ogg,2
whnjay1/iNat284349.ogg,0
whnjay1/iNat387906.ogg,3
whnjay1/XC135308.ogg,2
whtdov/XC544533.ogg,0
whtdov/iNat208216.ogg,4
whtdov/iNat1642973.ogg,0
whtdov/XC455153.ogg,0
whtdov/XC1030214.ogg,3
whtdov/iNat276692.ogg,3
whtdov/XC806493.ogg,4
whtdov/XC418924.ogg,4
whtdov/XC118675.ogg,3
whtdov/iNat1200824.ogg,1
whtdov/XC823696.ogg,4
whtdov/XC427542.ogg,2
whtdov/XC317620.ogg,2
whtdov/XC420921.ogg,2
whtdov/iNat626206.ogg,2
whtdov/iNat473271.ogg,3
whtdov/iNat210416.ogg,3
whtdov/iNat69756.ogg,1
whtdov/XC415520.ogg,2
whtdov/XC664321.ogg,2
whtdov/iNat158583.ogg,4
whtdov/iNat858170.ogg,4
whtdov/iNat204074.ogg,4
whtdov/iNat1504904.ogg,4
whtdov/XC304173.ogg,4
whtdov/XC703635.ogg,3
whtdov/XC1009380.ogg,2
whtdov/XC734282.ogg,2
whtdov/XC238416.ogg,3
whtdov/XC313905.ogg,3
whtdov/iNat1531258.ogg,0
whtdov/iNat861618.ogg,4
whtdov/XC333856.ogg,3
whtdov/XC973691.ogg,3
whtdov/iNat573176.ogg,1
whtdov/iNat890440.ogg,2
whtdov/iNat588504.ogg,3
whtdov/XC440865.ogg,3
whtdov/iNat238232.ogg,3
whtdov/XC497523.ogg,3
whtdov/XC838003.ogg,2
whtdov/iNat1690857.ogg,4
whtdov/XC50883.ogg,3
whtdov/XC235857.ogg,3
whtdov/XC831019.ogg,1
whtdov/XC138134.ogg,2
whtdov/XC486909.ogg,2
whtdov/iNat1106670.ogg,3
whtdov/iNat1324679.ogg,1
whtdov/XC183287.ogg,0
whtdov/iNat525792.ogg,2
whtdov/XC833756.ogg,4
whtdov/iNat1249568.ogg,0
whtdov/XC834892.ogg,4
whtdov/XC440861.ogg,3
whtdov/XC257623.ogg,4
whtdov/iNat348717.ogg,4
whtdov/XC466243.ogg,1
whtdov/XC6468.ogg,3
whtdov/iNat727864.ogg,2
whtdov/iNat1536547.ogg,2
whtdov/XC486109.ogg,3
whtdov/XC440866.ogg,3
whtdov/XC544054.ogg,3
whtdov/iNat1218803.ogg,2
whtdov/XC573312.ogg,2
whtdov/XC150304.ogg,1
whtdov/iNat493030.ogg,3
whtdov/XC144779.ogg,1
whtdov/XC838159.ogg,1
whtdov/iNat155662.ogg,3
whtdov/XC845220.ogg,0
whtdov/XC748090.ogg,0
whtdov/XC630999.ogg,1
whtdov/iNat772221.ogg,3
whtdov/XC425956.ogg,1
whtdov/iNat1645978.ogg,0
whtdov/iNat1070302.ogg,4
whtdov/iNat1135775.ogg,3
whtdov/XC288146.ogg,2
whtdov/XC440870.ogg,3
whtdov/XC657780.ogg,0
whtdov/iNat768992.ogg,3
whtdov/XC455152.ogg,0
whtdov/iNat809206.ogg,3
whtdov/XC570004.ogg,0
whtdov/XC238417.ogg,3
whtdov/XC935112.ogg,2
whtdov/iNat1530945.ogg,0
whtdov/XC180797.ogg,4
whtdov/iNat155269.ogg,4
whtdov/XC502949.ogg,3
whtdov/XC729574.ogg,4
whtdov/XC663680.ogg,4
whtdov/XC56464.ogg,4
whtdov/iNat944504.ogg,2
whtdov/XC189163.ogg,4
whtdov/XC123801.ogg,3
whtdov/XC85194.ogg,1
whtdov/XC427540.ogg,2
whtdov/iNat1530941.ogg,0
whtdov/XC502947.ogg,3
whtdov/XC763515.ogg,3
whtdov/iNat23114.ogg,1
whtdov/XC353013.ogg,3
whtdov/iNat1244213.ogg,2
whtdov/XC381799.ogg,1
whtdov/iNat963730.ogg,3
whtdov/iNat311230.ogg,2
whtdov/XC73767.ogg,1
whtdov/XC817032.ogg,2
whtdov/iNat1049312.ogg,2
whtdov/iNat695914.ogg,2
whtdov/iNat1287735.ogg,2
whtdov/XC50884.ogg,3
whtdov/XC811887.ogg,2
whtdov/XC594827.ogg,0
whtdov/XC404742.ogg,4
whtdov/XC703697.ogg,3
whtdov/XC411432.ogg,2
whtdov/XC294701.ogg,1
whtdov/XC126422.ogg,4
whtdov/iNat634862.ogg,4
whtdov/iNat606197.ogg,0
whtdov/XC333858.ogg,3
whtdov/iNat1530965.ogg,0
whtdov/XC661045.ogg,1
whtdov/XC703711.ogg,3
whtdov/XC708066.ogg,2
whtdov/iNat1589713.ogg,2
whtdov/XC703701.ogg,3
whtdov/XC112958.ogg,0
whtdov/XC838546.ogg,2
whtdov/iNat764754.ogg,3
whtdov/XC551074.ogg,3
whtdov/XC386638.ogg,2
whtdov/iNat1163847.ogg,4
whtdov/iNat789362.ogg,4
whtdov/XC345466.ogg,4
whtdov/XC1019627.ogg,2
whtdov/XC170827.ogg,0
whtdov/XC925578.ogg,3
whtdov/XC533997.ogg,4
whtdov/iNat430458.ogg,4
whtdov/iNat399167.ogg,1
whtdov/XC211071.ogg,2
whtdov/XC502892.ogg,3
whtdov/XC833947.ogg,3
whtdov/XC309816.ogg,3
whtdov/XC440864.ogg,3
whtdov/iNat45329.ogg,1
whtdov/XC736407.ogg,2
whtdov/XC276144.ogg,1
whtdov/XC1009285.ogg,4
whtdov/XC502951.ogg,3
whtdov/XC484747.ogg,3
whtdov/XC166268.ogg,0
whtdov/XC492013.ogg,0
whtdov/XC703717.ogg,3
whtdov/XC782464.ogg,2
whtdov/iNat151162.ogg,1
whtdov/XC200150.ogg,3
whtdov/XC319760.ogg,3
whtdov/XC327114.ogg,4
whtdov/iNat962850.ogg,3
whtdov/XC1031466.ogg,3
whtdov/XC690825.ogg,3
whtdov/XC388552.ogg,2
whtdov/XC511078.ogg,4
whtdov/XC200395.ogg,4
whtdov/iNat851057.ogg,4
whtdov/iNat83778.ogg,0
whtdov/iNat1374056.ogg,0
whtdov/XC737014.ogg,2
whtdov/iNat208349.ogg,4
whtdov/iNat509881.ogg,3
whtdov/iNat579798.ogg,4
whtdov/XC1017285.ogg,2
whtdov/iNat1505844.ogg,0
whtdov/iNat1642979.ogg,0
whtdov/XC1009382.ogg,2
whtdov/XC1017281.ogg,2
whtdov/iNat222769.ogg,4
whtdov/XC308834.ogg,3
whtdov/iNat535553.ogg,4
whtdov/iNat527513.ogg,1
whtdov/iNat185267.ogg,0
whtdov/iNat634867.ogg,4
whtdov/iNat364723.ogg,1
whtdov/XC257624.ogg,4
whtdov/XC580903.ogg,3
whtdov/XC147031.ogg,1
whtdov/iNat389412.ogg,0
whtdov/XC201031.ogg,0
whtdov/XC1039656.ogg,2
whtdov/XC558264.ogg,2
whtdov/XC482225.ogg,0
whtdov/XC925580.ogg,3
whtdov/XC925582.ogg,3
whtdov/XC502891.ogg,3
whtdov/XC286361.ogg,1
whtdov/iNat52709.ogg,4
whtdov/XC1009805.ogg,2
whtdov/XC120068.ogg,0
whtdov/XC538235.ogg,4
whtdov/iNat556285.ogg,2
whtdov/iNat1565920.ogg,4
whtdov/XC433582.ogg,3
whtdov/iNat1594269.ogg,3
whtdov/XC743176.ogg,3
whtdov/iNat584382.ogg,4
whtdov/XC347785.ogg,0
whtdov/XC699613.ogg,2
whtdov/iNat1224448.ogg,0
whtdov/XC432369.ogg,2
whtdov/XC2204.ogg,0
whtdov/XC703721.ogg,3
whtdov/XC562079.ogg,2
whtdov/iNat1613517.ogg,4
whtdov/XC1035759.ogg,2
whtdov/iNat1243983.ogg,0
whtdov/iNat1645980.ogg,0
whtdov/iNat60441.ogg,4
whtdov/XC884706.ogg,1
whtdov/XC296529.ogg,3
whtdov/iNat1530988.ogg,0
whtdov/XC538019.ogg,4
whtdov/XC1049842.ogg,4
whtdov/XC440874.ogg,3
whtdov/XC417122.ogg,2
whtdov/iNat332902.ogg,1
whtdov/XC433580.ogg,3
whtdov/iNat58718.ogg,4
whtdov/iNat1594270.ogg,3
whtdov/iNat621789.ogg,3
whtdov/XC635817.ogg,2
whtdov/XC716476.ogg,2
whtdov/iNat1530926.ogg,0
whtdov/XC144503.ogg,4
whtdov/iNat1238721.ogg,0
whtdov/XC696967.ogg,2
whtdov/iNat34453.ogg,0
whtdov/XC703719.ogg,3
whtdov/XC387962.ogg,4
whtdov/iNat692706.ogg,3
whtdov/iNat1682285.ogg,0
whtdov/iNat513293.ogg,1
whtdov/XC452786.ogg,1
whtdov/iNat1581844.ogg,0
whtdov/XC957214.ogg,2
whtdov/XC385733.ogg,0
whtdov/iNat588893.ogg,3
whtdov/XC885379.ogg,2
whtdov/XC1030218.ogg,3
whtdov/iNat415117.ogg,1
whtdov/XC572773.ogg,1
whtdov/iNat149522.ogg,4
whtdov/XC338123.ogg,4
whtdov/iNat858169.ogg,4
whtdov/XC440857.ogg,3
whtdov/XC219930.ogg,4
whtdov/iNat336686.ogg,1
whtdov/XC424488.ogg,2
whtdov/iNat1530943.ogg,0
whtdov/XC735899.ogg,0
whtdov/iNat204698.ogg,0
whtdov/XC974199.ogg,2
whtdov/XC235856.ogg,3
whtdov/iNat300705.ogg,3
whtdov/XC878774.ogg,3
whtdov/XC703738.ogg,3
whtdov/iNat427842.ogg,4
whtdov/iNat392612.ogg,0
whtdov/iNat354359.ogg,2
whtdov/iNat543461.ogg,1
whtdov/iNat1224459.ogg,0
whtdov/XC697636.ogg,1
whtdov/iNat85626.ogg,2
whtdov/XC360485.ogg,1
whtdov/XC705809.ogg,0
whtdov/XC147510.ogg,1
whtdov/iNat365296.ogg,0
whtdov/iNat241741.ogg,3
whtdov/XC155046.ogg,4
whtdov/iNat1467894.ogg,3
whtdov/iNat1598157.ogg,1
whtdov/XC497529.ogg,3
whtdov/XC385485.ogg,3
whtdov/iNat819333.ogg,0
whtdov/iNat1213502.ogg,4
whtdov/iNat1493903.ogg,4
whtdov/XC257621.ogg,4
whtdov/iNat1257624.ogg,3
whtdov/XC389465.ogg,4
whtdov/XC208828.ogg,1
whtdov/XC1016441.ogg,4
whtdov/XC838161.ogg,1
whtdov/XC210886.ogg,0
whtdov/iNat1505841.ogg,0
whtdov/iNat584023.ogg,4
whtdov/XC347871.ogg,0
whtdov/XC50881.ogg,3
whtdov/iNat225605.ogg,2
whtdov/XC704297.ogg,0
whtdov/XC158378.ogg,1
whtdov/XC435954.ogg,3
whtdov/XC837991.ogg,2
whtdov/XC264416.ogg,4
whtdov/XC561286.ogg,3
whtdov/iNat353727.ogg,4
whtdov/XC496453.ogg,0
whtdov/iNat1448449.ogg,3
whtdov/XC837787.ogg,1
whtdov/XC213253.ogg,3
whtdov/XC366505.ogg,3
whtdov/XC632492.ogg,1
whtdov/XC50882.ogg,3
whtdov/iNat1530649.ogg,0
whtdov/iNat924953.ogg,1
whtdov/XC317706.ogg,1
whtdov/XC933857.ogg,2
whtdov/XC180945.ogg,4
whtdov/iNat50929.ogg,3
whtdov/XC444748.ogg,1
whtdov/XC602779.ogg,0
whtdov/XC782463.ogg,2
whtdov/XC497525.ogg,3
whtdov/iNat190392.ogg,2
whtdov/XC169971.ogg,4
whtdov/XC541692.ogg,0
whtdov/iNat954528.ogg,1
whtdov/XC1031467.ogg,3
whtdov/iNat247624.ogg,4
whtdov/XC113786.ogg,4
whtdov/XC257625.ogg,4
whtdov/iNat580630.ogg,4
whtdov/iNat790236.ogg,0
whtdov/XC337471.ogg,3
whtdov/XC491746.ogg,4
whtdov/iNat156886.ogg,4
whtdov/XC608631.ogg,1
whtdov/iNat1310343.ogg,0
whtdov/iNat780182.ogg,2
whtdov/iNat1224449.ogg,0
whtdov/iNat36846.ogg,0
whtdov/iNat300799.ogg,3
whtdov/XC453089.ogg,3
whtdov/XC875296.ogg,1
whtdov/iNat504353.ogg,2
whtdov/iNat1124654.ogg,2
whtdov/XC430432.ogg,0
whtdov/XC816961.ogg,2
whtdov/iNat1389710.ogg,2
whtdov/XC769533.ogg,2
whtdov/iNat858168.ogg,4
whtdov/XC818323.ogg,2
whtdov/iNat141913.ogg,0
whtdov/XC360483.ogg,1
whtdov/XC833660.ogg,0
whtdov/iNat1253075.ogg,3
whtdov/XC444749.ogg,0
whtdov/XC932734.ogg,2
whtdov/XC673282.ogg,2
whtdov/XC590152.ogg,1
whtdov/XC703716.ogg,3
whtdov/iNat480135.ogg,2
whtdov/XC425534.ogg,4
whtdov/XC1697.ogg,0
whtdov/iNat863170.ogg,0
whtdov/XC497524.ogg,3
whtdov/XC703726.ogg,3
whtdov/XC147509.ogg,1
whtdov/iNat258873.ogg,3
whtdov/iNat529845.ogg,2
whtdov/iNat203475.ogg,3
whtdov/iNat473235.ogg,3
whtdov/iNat501667.ogg,2
whtdov/iNat1374055.ogg,0
whtdov/XC378902.ogg,2
whtdov/XC274838.ogg,4
whtdov/XC206141.ogg,4
whtdov/XC703737.ogg,3
whtdov/iNat1307301.ogg,1
whtdov/XC344308.ogg,1
whtdov/XC298674.ogg,1
whtdov/XC277692.ogg,1
whtdov/iNat1659705.ogg,3
whtdov/iNat497035.ogg,2
whtdov/XC316745.ogg,4
whtdov/XC706873.ogg,2
whtdov/XC497526.ogg,3
whtdov/iNat1530647.ogg,0
whtdov/iNat714748.ogg,3
whtdov/XC28473.ogg,1
whtdov/iNat83783.ogg,0
whtdov/XC344571.ogg,1
whtdov/iNat608363.ogg,2
whtdov/XC684513.ogg,2
whtdov/XC337470.ogg,3
whtdov/iNat300868.ogg,0
whtdov/XC387066.ogg,1
whtdov/XC440867.ogg,3
whtdov/XC737777.ogg,0
whtdov/iNat846148.ogg,0
whtdov/iNat858645.ogg,3
whtdov/XC387419.ogg,3
whtdov/iNat1319191.ogg,0
whtdov/iNat316090.ogg,1
whtdov/iNat399148.ogg,1
whtdov/XC683756.ogg,2
whtdov/iNat1580513.ogg,4
whtdov/XC898289.ogg,2
whtdov/XC257622.ogg,4
whtdov/XC956279.ogg,4
whtdov/XC978114.ogg,1
whtdov/iNat1135781.ogg,3
whtdov/iNat493028.ogg,3
whtdov/XC389840.ogg,0
whtdov/iNat1243985.ogg,0
whtdov/iNat139576.ogg,0
whtdov/XC833664.ogg,0
whtdov/iNat341370.ogg,4
whtdov/XC989078.ogg,1
whtdov/iNat1355375.ogg,2
whtdov/iNat1265226.ogg,2
whtdov/iNat1398796.ogg,2
whtdov/XC799763.ogg,3
whtdov/XC497528.ogg,3
whtdov/XC432981.ogg,0
whtdov/XC901113.ogg,2
whtdov/XC396701.ogg,2
whtdov/iNat728222.ogg,4
whtdov/XC343241.ogg,4
whtdov/iNat926089.ogg,1
whtdov/XC170262.ogg,0
whtdov/XC638261.ogg,3
whtdov/XC975739.ogg,3
whtdov/XC328522.ogg,2
whtdov/XC601369.ogg,1
whtdov/iNat810265.ogg,4
whtdov/XC925576.ogg,3
whtdov/iNat1165660.ogg,2
whtdov/XC364314.ogg,2
whtdov/iNat1523524.ogg,2
whtdov/XC577081.ogg,1
whtdov/XC360482.ogg,1
whtdov/XC533996.ogg,4
whtdov/XC478422.ogg,4
whtdov/iNat1354842.ogg,2
whtdov/iNat587123.ogg,4
whtdov/XC353014.ogg,3
whtdov/iNat341104.ogg,4
whtdov/iNat288724.ogg,1
whtdov/iNat1290116.ogg,4
whtdov/XC112966.ogg,0
whtdov/iNat1117853.ogg,1
whtdov/iNat208106.ogg,4
whtdov/XC425533.ogg,4
whtdov/XC257620.ogg,4
whtdov/XC47246.ogg,3
whtdov/XC974617.ogg,2
whtdov/XC789022.ogg,2
whtdov/XC490148.ogg,3
whtdov/iNat334709.ogg,4
whtdov/XC295669.ogg,0
whtdov/XC737320.ogg,2
whtdov/iNat1307303.ogg,1
whtdov/XC8002.ogg,3
whtdov/XC901446.ogg,2
whtdov/iNat1578593.ogg,4
whtdov/XC290367.ogg,4
whtdov/iNat1391198.ogg,0
whtdov/iNat55393.ogg,3
whtdov/XC210887.ogg,0
whtdov/iNat1523640.ogg,2
whtdov/XC129296.ogg,3
whtdov/iNat1448427.ogg,3
whtdov/iNat955944.ogg,3
whtdov/iNat1391205.ogg,0
whtdov/iNat618443.ogg,4
whtdov/XC933860.ogg,2
whtdov/iNat817544.ogg,0
whtdov/iNat139914.ogg,3
whtdov/XC421376.ogg,0
whtdov/XC361103.ogg,3
whtdov/XC147511.ogg,1
whtdov/iNat901179.ogg,4
whtdov/XC229252.ogg,1
whtdov/XC147512.ogg,1
whtdov/XC190507.ogg,1
whtdov/XC678386.ogg,0
whwpic1/XC496464.ogg,0
whwpic1/XC464746.ogg,2
whwpic1/XC435987.ogg,0
whwpic1/XC620319.ogg,3
whwpic1/XC147582.ogg,4
whwpic1/iNat869764.ogg,0
whwpic1/XC211708.ogg,0
whwpic1/XC461395.ogg,2
whwpic1/XC744330.ogg,4
whwpic1/XC299184.ogg,0
whwpic1/XC295675.ogg,0
whwpic1/XC992450.ogg,3
whwpic1/XC6437.ogg,3
whwpic1/XC6436.ogg,3
whwpic1/XC658439.ogg,1
whwpic1/XC319424.ogg,1
whwpic1/XC863772.ogg,2
whwpic1/XC255983.ogg,2
whwpic1/XC348782.ogg,0
whwpic1/XC351112.ogg,4
whwpic1/XC745542.ogg,2
whwpic1/XC255957.ogg,2
whwpic1/XC206241.ogg,4
whwpic1/XC610392.ogg,2
whwpic1/XC737775.ogg,1
whwpic1/XC541490.ogg,2
whwpic1/XC507851.ogg,2
whwpic1/XC692329.ogg,2
whwpic1/XC716361.ogg,1
whwpic1/XC720882.ogg,1
whwpic1/XC654278.ogg,2
whwpic1/XC1016165.ogg,2
whwpic1/XC729370.ogg,2
whwpic1/XC536821.ogg,2
whwpic1/XC438840.ogg,2
whwpic1/XC536819.ogg,2
whwpic1/XC476463.ogg,2
whwpic1/XC657176.ogg,2
whwpic1/XC878793.ogg,2
whwpic1/XC963348.ogg,2
whwpic1/XC800369.ogg,2
whwpic1/XC800159.ogg,2
whwpic1/XC422984.ogg,0
whwpic1/XC924819.ogg,2
whwpic1/XC924678.ogg,2
whwpic1/XC924671.ogg,2
whwpic1/XC415225.ogg,2
whwpic1/XC933861.ogg,2
whwpic1/XC933864.ogg,2
whwpic1/XC933862.ogg,2
whwpic1/XC777944.ogg,2
whwpic1/XC683038.ogg,2
whwpic1/XC174555.ogg,2
whwpic1/XC178502.ogg,1
whwpic1/XC707528.ogg,3
whwpic1/XC707527.ogg,3
whwpic1/XC577382.ogg,2
whwpic1/XC418525.ogg,2
whwpic1/XC861515.ogg,3
whwpic1/XC920711.ogg,2
whwpic1/XC148946.ogg,0
whwpic1/XC901158.ogg,2
whwpic1/XC443625.ogg,3
whwpic1/XC789083.ogg,2
whwpic1/XC754388.ogg,2
whwpic1/XC761054.ogg,4
whwpic1/XC119038.ogg,3
whwpic1/XC720782.ogg,3
whwpic1/XC803303.ogg,3
whwpic1/XC720785.ogg,3
whwpic1/XC720775.ogg,3
whwpic1/XC342781.ogg,0
whwpic1/XC816927.ogg,2
whwpic1/XC1034563.ogg,2
whwpic1/XC1034560.ogg,2
whwpic1/XC427799.ogg,2
whwpic1/XC402915.ogg,0
whwpic1/XC769592.ogg,2
whwpic1/XC769565.ogg,2
whwpic1/XC769553.ogg,2
whwpic1/XC769559.ogg,2
whwpic1/XC944392.ogg,2
whwpic1/XC358586.ogg,0
y00678/iNat1290507.ogg,4
y00678/iNat986304.ogg,1
y00678/XC991702.ogg,3
y00678/XC991693.ogg,3
y00678/iNat561658.ogg,4
y00678/iNat561659.ogg,4
y00678/iNat283591.ogg,4
y00678/iNat1461732.ogg,4
y00678/iNat1227080.ogg,3
y00678/iNat490023.ogg,3
y00678/iNat490024.ogg,3
y00678/iNat83946.ogg,1
y00678/iNat325331.ogg,4
y00678/iNat151215.ogg,3
y00678/iNat1163816.ogg,4
y00678/iNat341309.ogg,4
y00678/iNat743593.ogg,4
y00678/iNat743594.ogg,4
y00678/iNat1448540.ogg,3
y00678/XC569823.ogg,0
y00678/XC741206.ogg,2
y00678/XC936233.ogg,2
y00678/XC384267.ogg,2
y00678/XC373790.ogg,2
y00678/iNat1287232.ogg,3
y00678/XC183674.ogg,4
y00678/XC813844.ogg,1
y00678/XC836158.ogg,4
y00678/iNat472603.ogg,3
y00678/iNat1106656.ogg,3
y00678/XC833970.ogg,4
y00678/XC824715.ogg,4
y00678/XC828956.ogg,4
y00678/XC50734.ogg,3
y00678/XC50733.ogg,3
y00678/XC510901.ogg,3
y00678/iNat1498988.ogg,4
y00678/XC186430.ogg,1
y00678/iNat1613547.ogg,4
y00678/XC441796.ogg,1
y00678/XC444449.ogg,3
y00678/XC173710.ogg,1
y00678/XC172851.ogg,2
y00678/iNat578078.ogg,2
y00678/XC508614.ogg,3
y00678/XC187587.ogg,4
y00678/iNat1591088.ogg,0
y00678/iNat1593494.ogg,0
y00678/XC1041427.ogg,3
y00678/iNat511511.ogg,1
y00678/XC144752.ogg,1
y00678/iNat49222.ogg,4
y00678/iNat1534025.ogg,2
y00678/XC590285.ogg,4
y00678/XC186105.ogg,0
y00678/iNat1725215.ogg,3
y00678/XC586362.ogg,0
y00678/XC430769.ogg,2
y00678/XC423601.ogg,2
y00678/iNat1589935.ogg,0
y00678/XC123190.ogg,3
y00678/iNat1649978.ogg,4
y00678/XC186106.ogg,0
y00678/iNat396763.ogg,0
y00678/XC113948.ogg,4
y00678/XC421672.ogg,0
y00678/XC989876.ogg,3
y00678/XC854908.ogg,2
y00678/iNat697191.ogg,1
y00678/XC416255.ogg,1
y00678/XC435612.ogg,1
y00678/XC844051.ogg,3
y00678/iNat164265.ogg,1
y00678/iNat773277.ogg,4
y00678/XC385418.ogg,3
y00678/XC343343.ogg,1
y00678/XC85352.ogg,1
y00678/XC84975.ogg,1
y00678/XC737322.ogg,2
y00678/XC737490.ogg,2
y00678/XC384138.ogg,3
y00678/XC124533.ogg,3
y00678/XC123639.ogg,3
y00678/XC123595.ogg,3
y00678/XC412356.ogg,2
y00678/XC599451.ogg,2
y00678/XC484072.ogg,2
y00678/XC428810.ogg,2
y00678/XC674874.ogg,2
y00678/XC481846.ogg,2
y00678/XC932757.ogg,2
y00678/XC648837.ogg,2
y00678/XC747361.ogg,2
y00678/XC1017284.ogg,2
y00678/XC836573.ogg,3
y00678/XC381819.ogg,1
y00678/XC803713.ogg,2
y00678/XC939271.ogg,2
y00678/XC419283.ogg,0
y00678/XC823554.ogg,2
y00678/XC699644.ogg,2
y00678/XC1006633.ogg,2
y00678/iNat70821.ogg,1
y00678/iNat1700154.ogg,2
y00678/XC345400.ogg,0
y00678/XC482434.ogg,2
y00678/XC299552.ogg,1
y00678/XC1012391.ogg,4
y00678/XC84974.ogg,1
y00678/iNat1070274.ogg,1
y00678/XC532112.ogg,3
y00678/iNat193261.ogg,3
y00678/iNat321464.ogg,3
y00678/iNat369622.ogg,3
y00678/iNat1678380.ogg,3
y00678/iNat1694502.ogg,3
y00678/iNat847822.ogg,3
y00678/iNat847823.ogg,3
y00678/iNat847969.ogg,3
y00678/XC786331.ogg,2
y00678/iNat1624507.ogg,0
y00678/iNat1285916.ogg,0
y00678/XC562109.ogg,2
y00678/XC257387.ogg,4
y00678/XC357720.ogg,3
y00678/XC414316.ogg,3
y00678/XC1008556.ogg,1
y00678/XC627411.ogg,1
y00678/XC627412.ogg,1
y00678/XC517859.ogg,2
y00678/XC246948.ogg,4
y00678/XC254099.ogg,4
y00678/XC684586.ogg,4
y00678/XC166401.ogg,4
y00678/XC429779.ogg,2
y00678/XC360390.ogg,1
y00678/XC288252.ogg,3
y00678/iNat1737891.ogg,4
y00678/iNat1397690.ogg,1
y00678/iNat1397691.ogg,1
y00678/XC364320.ogg,2
y00678/XC364319.ogg,2
y00678/XC364318.ogg,2
y00678/XC497349.ogg,0
y00678/iNat131113.ogg,0
y00678/iNat376704.ogg,1
y00678/XC1070696.ogg,4
y00678/XC610545.ogg,3
y00678/XC943710.ogg,3
y00678/XC657974.ogg,3
y00678/XC910987.ogg,3
y00678/XC542226.ogg,3
y00678/XC568420.ogg,3
y00678/XC554907.ogg,3
y00678/XC554904.ogg,3
y00678/XC554902.ogg,3
y00678/XC658820.ogg,3
y00678/XC127389.ogg,3
y00678/XC147708.ogg,3
y00678/iNat27390.ogg,0
y00678/iNat273936.ogg,0
y00678/iNat1713137.ogg,0
y00678/iNat655159.ogg,0
y00678/iNat17227.ogg,4
y00678/XC465578.ogg,3
y00678/iNat740772.ogg,2
y00678/XC439914.ogg,3
y00678/XC502291.ogg,3
y00678/XC520166.ogg,3
y00678/XC361501.ogg,4
y00678/XC177279.ogg,1
y00678/XC177277.ogg,1
y00678/XC177276.ogg,1
y00678/XC177275.ogg,1
y00678/XC177273.ogg,1
y00678/XC177281.ogg,1
y00678/XC379558.ogg,1
y00678/XC379556.ogg,1
y00678/XC379555.ogg,1
y00678/XC377780.ogg,1
y00678/XC165330.ogg,1
y00678/XC165329.ogg,1
y00678/XC165328.ogg,1
y00678/XC456643.ogg,1
y00678/XC460777.ogg,1
y00678/XC460779.ogg,1
y00678/iNat1710318.ogg,1
y00678/iNat380304.ogg,4
yebcar/XC50744.ogg,3
yebcar/XC953887.ogg,2
yebcar/XC651644.ogg,2
yebcar/XC573571.ogg,2
yebcar/XC603799.ogg,2
yebcar/XC360591.ogg,4
yebcar/XC838743.ogg,3
yebcar/XC704939.ogg,1
yebcar/XC598803.ogg,3
yebcar/XC973327.ogg,2
yebcar/XC650450.ogg,1
yebcar/XC594645.ogg,1
yebcar/XC50743.ogg,3
yebcar/iNat869753.ogg,0
yebcar/XC84597.ogg,1
yebcar/XC84596.ogg,1
yebcar/iNat504322.ogg,4
yebcar/XC9589.ogg,3
yebcar/XC657824.ogg,3
yebcar/XC116256.ogg,2
yebcar/XC148700.ogg,1
yebcar/XC381804.ogg,1
yebcar/XC413847.ogg,2
yebcar/XC171670.ogg,3
yebcar/iNat18391.ogg,4
yebcar/iNat18397.ogg,4
yebcar/iNat1443730.ogg,4
yebela1/XC502910.ogg,1
yebela1/XC186433.ogg,1
yebela1/XC494434.ogg,3
yebela1/XC617645.ogg,1
yebela1/XC585269.ogg,3
yebela1/XC1018769.ogg,3
yebela1/XC173962.ogg,1
yebela1/XC550846.ogg,3
yebela1/XC550831.ogg,3
yebela1/XC620973.ogg,2
yebela1/XC81537.ogg,1
yebela1/XC792856.ogg,2
yebela1/iNat995380.ogg,2
yebela1/iNat1448407.ogg,3
yebela1/iNat679890.ogg,4
yebela1/XC590888.ogg,2
yebela1/XC144995.ogg,1
yebela1/iNat934187.ogg,2
yebela1/iNat1190992.ogg,2
yebela1/iNat1625500.ogg,2
yebela1/XC152621.ogg,1
yebela1/XC587124.ogg,4
yebela1/XC592637.ogg,4
yebela1/XC1064766.ogg,3
yebela1/XC342590.ogg,1
yebela1/iNat397520.ogg,0
yebela1/XC70827.ogg,1
yebela1/XC983883.ogg,3
yebela1/XC204720.ogg,1
yebela1/XC81535.ogg,1
yebela1/XC389231.ogg,4
yebela1/iNat531648.ogg,4
yebela1/iNat1595604.ogg,0
yebela1/iNat1385716.ogg,0
yebela1/iNat1535723.ogg,0
yebela1/iNat1593008.ogg,0
yebela1/XC447989.ogg,2
yebela1/XC533565.ogg,1
yebela1/XC123219.ogg,3
yebela1/iNat1651572.ogg,4
yebela1/iNat1651588.ogg,4
yebela1/iNat1653410.ogg,4
yebela1/iNat1653680.ogg,4
yebela1/XC609875.ogg,1
yebela1/XC440674.ogg,1
yebela1/XC34536.ogg,3
yebela1/XC6548.ogg,3
yebela1/XC251895.ogg,3
yebela1/XC243470.ogg,3
yebela1/XC288218.ogg,4
yebela1/XC287871.ogg,4
yebela1/XC279710.ogg,4
yebela1/iNat1625131.ogg,1
yebela1/iNat1345765.ogg,0
yebela1/iNat1512300.ogg,0
yebela1/iNat1374053.ogg,0
yebela1/iNat1374052.ogg,0
yebela1/iNat1695068.ogg,0
yebela1/iNat1608403.ogg,1
yebela1/XC186275.ogg,0
yebela1/XC283939.ogg,1
yebela1/XC1049822.ogg,4
yebela1/XC1698.ogg,0
yebela1/iNat1479050.ogg,1
yebela1/iNat376853.ogg,4
yebela1/XC115249.ogg,4
yebela1/XC115247.ogg,4
yebela1/XC427337.ogg,2
yebela1/iNat665458.ogg,1
yebela1/XC1023372.ogg,3
yebela1/XC169866.ogg,4
yebela1/XC169865.ogg,4
yebela1/XC173802.ogg,4
yebela1/XC284898.ogg,4
yebela1/XC1018644.ogg,1
yebela1/XC838401.ogg,2
yebela1/XC973708.ogg,3
yebela1/XC1015991.ogg,3
yebela1/XC1015996.ogg,3
yebela1/XC2241.ogg,0
yebela1/XC832948.ogg,2
yebela1/XC832919.ogg,2
yebela1/XC737410.ogg,2
yebela1/XC811911.ogg,2
yebela1/XC609835.ogg,2
yebela1/XC375066.ogg,1
yebela1/XC724963.ogg,1
yebela1/XC599457.ogg,2
yebela1/XC504225.ogg,2
yebela1/XC957627.ogg,2
yebela1/XC913479.ogg,2
yebela1/XC674884.ogg,2
yebela1/XC674882.ogg,2
yebela1/XC932762.ogg,2
yebela1/XC920686.ogg,2
yebela1/XC743259.ogg,2
yebela1/XC415333.ogg,2
yebela1/XC599238.ogg,2
yebela1/XC550350.ogg,2
yebela1/XC476462.ogg,2
yebela1/XC476461.ogg,2
yebela1/XC743236.ogg,2
yebela1/XC800112.ogg,2
yebela1/XC734554.ogg,2
yebela1/XC1060005.ogg,2
yebela1/XC961362.ogg,2
yebela1/XC419292.ogg,0
yebela1/XC419430.ogg,0
yebela1/XC323960.ogg,0
yebela1/XC419218.ogg,0
yebela1/XC419217.ogg,0
yebela1/XC706955.ogg,2
yebela1/XC898241.ogg,2
yebela1/XC1017593.ogg,3
yebela1/XC392827.ogg,4
yebela1/XC145304.ogg,1
yebela1/XC165884.ogg,1
yebela1/XC514663.ogg,3
yebela1/XC859174.ogg,3
yebela1/XC2788.ogg,0
yebela1/XC602739.ogg,3
yebela1/XC423525.ogg,2
yebela1/XC674285.ogg,2
yebela1/XC354990.ogg,1
yebela1/XC789071.ogg,2
yebela1/XC1028535.ogg,4
yebela1/XC578310.ogg,3
yebela1/XC146823.ogg,2
yebela1/XC2673.ogg,0
yebela1/XC119031.ogg,3
yebela1/XC500645.ogg,3
yebela1/XC697193.ogg,2
yebela1/iNat1611588.ogg,4
yebela1/iNat1335716.ogg,3
yebela1/iNat193008.ogg,3
yebela1/iNat193225.ogg,3
yebela1/XC1035630.ogg,2
yebela1/XC815627.ogg,1
yebela1/iNat970726.ogg,4
yebela1/XC817042.ogg,2
yebela1/XC983864.ogg,3
yebela1/XC995672.ogg,3
yebela1/iNat1246622.ogg,3
yebela1/XC838740.ogg,4
yebela1/XC841383.ogg,4
yebela1/XC430055.ogg,2
yebela1/XC430034.ogg,2
yebela1/iNat1259503.ogg,0
yebela1/iNat1521944.ogg,0
yebela1/iNat1615457.ogg,0
yebela1/iNat1249777.ogg,4
yebela1/XC123905.ogg,1
yebela1/XC763523.ogg,3
yebela1/XC47619.ogg,3
yebela1/XC250432.ogg,3
yebela1/XC250431.ogg,3
yebela1/XC209817.ogg,4
yebela1/XC258707.ogg,4
yebela1/XC250412.ogg,3
yebela1/XC250411.ogg,3
yebela1/XC250810.ogg,3
yebela1/XC974372.ogg,2
yebela1/iNat331016.ogg,0
yebela1/XC346338.ogg,0
yebela1/XC250811.ogg,3
yebela1/XC249498.ogg,3
yebela1/XC149792.ogg,1
yebela1/iNat1696413.ogg,0
yebela1/XC775009.ogg,4
yebela1/XC165896.ogg,1
yebela1/XC597906.ogg,2
yebela1/XC1007764.ogg,2
yebela1/XC258710.ogg,4
yebela1/XC258709.ogg,4
yebela1/XC258708.ogg,4
yebela1/XC425964.ogg,1
yebela1/XC440675.ogg,1
yebela1/XC285189.ogg,1
yebela1/XC81536.ogg,1
yebela1/XC377219.ogg,1
yebela1/XC939549.ogg,2
yebela1/XC939963.ogg,2
yebela1/XC632498.ogg,1
yebela1/XC632608.ogg,1
yebela1/XC632501.ogg,1
yebela1/XC697626.ogg,1
yebela1/XC288828.ogg,2
yebela1/XC958193.ogg,2
yebela1/XC946090.ogg,4
yebela1/XC946089.ogg,4
yebela1/XC946088.ogg,4
yebela1/XC946087.ogg,4
yebela1/XC152243.ogg,4
yebela1/iNat1289632.ogg,1
yebela1/XC148225.ogg,3
yebela1/XC389646.ogg,3
yebela1/XC1031663.ogg,3
yebela1/XC353382.ogg,4
yebela1/XC788748.ogg,3
yebela1/XC617291.ogg,3
yebela1/XC617290.ogg,3
yebela1/XC602889.ogg,3
yebela1/XC602888.ogg,3
yebela1/XC594730.ogg,1
yebela1/XC537982.ogg,4
yebela1/XC533979.ogg,4
yebela1/XC541891.ogg,4
yebela1/XC424613.ogg,2
yebela1/XC156280.ogg,3
yebela1/XC156275.ogg,3
yebela1/XC542033.ogg,1
yebela1/XC463774.ogg,2
yebela1/XC128034.ogg,4
yebela1/XC432958.ogg,0
yebela1/iNat1014155.ogg,1
yebela1/iNat200734.ogg,1
yebela1/XC584534.ogg,0
yebela1/iNat313418.ogg,2
yebela1/XC128385.ogg,4
yebela1/XC479988.ogg,4
yebela1/XC479987.ogg,4
yebela1/XC539378.ogg,4
yebela1/iNat1433202.ogg,0
yebela1/XC771677.ogg,0
yebela1/XC455155.ogg,0
yebela1/XC459231.ogg,0
yebela1/iNat321177.ogg,3
yebela1/iNat565892.ogg,3
yebela1/iNat577876.ogg,3
yebela1/iNat992414.ogg,4
yebela1/iNat1400815.ogg,4
yebela1/XC407313.ogg,4
yebela1/XC388863.ogg,3
yebela1/XC245557.ogg,3
yebela1/iNat681486.ogg,2
yebela1/XC245495.ogg,3
yebela1/XC454483.ogg,3
yebela1/XC432831.ogg,4
yebela1/XC288226.ogg,3
yebela1/XC114094.ogg,3
yebela1/XC114092.ogg,3
yebela1/iNat52084.ogg,4
yebela1/XC432594.ogg,4
yebela1/iNat200476.ogg,0
yebela1/XC1015198.ogg,4
yebela1/XC433657.ogg,3
yebela1/XC540223.ogg,3
yebela1/XC387065.ogg,1
yebela1/XC359235.ogg,2
yebela1/XC397259.ogg,2
yebela1/XC47089.ogg,4
yebela1/XC587350.ogg,2
yebela1/XC573245.ogg,2
yebela1/XC364109.ogg,2
yebela1/XC164789.ogg,2
yebela1/XC820343.ogg,1
yebela1/XC65923.ogg,1
yebela1/XC166466.ogg,4
yebela1/XC955505.ogg,1
yebela1/XC955504.ogg,1
yebela1/XC955433.ogg,1
yebela1/XC955432.ogg,1
yebela1/XC353092.ogg,2
yebela1/iNat261764.ogg,2
yebela1/iNat740469.ogg,2
yebela1/iNat987869.ogg,2
yebela1/XC137682.ogg,1
yebela1/XC137683.ogg,1
yebela1/XC949383.ogg,4
yebela1/XC520093.ogg,0
yebela1/XC489537.ogg,3
yebela1/XC235739.ogg,3
yebela1/XC235742.ogg,3
yebela1/XC235741.ogg,3
yebela1/XC235740.ogg,3
yebela1/XC838724.ogg,1
yebela1/XC439025.ogg,3
yebela1/XC164576.ogg,0
yebela1/XC297563.ogg,2
yebela1/XC486465.ogg,4
yebela1/XC363229.ogg,2
yebela1/iNat82493.ogg,1
yebela1/XC28582.ogg,1
yebela1/XC28563.ogg,1
yebela1/XC28560.ogg,1
yebela1/XC28523.ogg,1
yebela1/XC797347.ogg,1
yebela1/XC797291.ogg,1
yebela1/XC797289.ogg,1
yebela1/XC797292.ogg,1
yebela1/XC797290.ogg,1
yebela1/XC294053.ogg,3
yebela1/XC145700.ogg,3
yebela1/iNat542388.ogg,4
yebela1/XC964423.ogg,4
yebela1/XC429297.ogg,3
yebela1/XC429293.ogg,3
yecmac/XC361110.ogg,3
yecmac/XC29112.ogg,3
yecmac/XC395246.ogg,0
yecmac/XC29110.ogg,3
yecmac/XC29108.ogg,3
yecmac/XC29111.ogg,3
yecmac/XC29109.ogg,3
yecmac/XC522802.ogg,3
yecmac/XC461804.ogg,3
yecmac/XC51515.ogg,3
yecmac/XC51516.ogg,3
yecmac/XC51514.ogg,3
yecmac/XC1719.ogg,0
yecmac/XC1713.ogg,0
yecmac/iNat770988.ogg,2
yecmac/iNat397623.ogg,0
yecmac/XC234860.ogg,1
yecmac/XC85356.ogg,1
yecmac/XC85355.ogg,1
yecmac/XC879281.ogg,3
yecmac/XC195823.ogg,1
yecmac/XC738173.ogg,4
yecmac/iNat513099.ogg,4
yecmac/XC657818.ogg,3
yecmac/XC415580.ogg,2
yecmac/XC115388.ogg,2
yecmac/XC602733.ogg,3
yecmac/XC602732.ogg,3
yecmac/XC896244.ogg,0
yecmac/XC896243.ogg,0
yecmac/XC896242.ogg,0
yecmac/XC2356.ogg,0
yecmac/XC416475.ogg,2
yecmac/XC2772.ogg,0
yecmac/XC602751.ogg,3
yecmac/XC705996.ogg,3
yecmac/XC148973.ogg,0
yecmac/XC148972.ogg,0
yecmac/XC148970.ogg,0
yecmac/XC148967.ogg,0
yecmac/XC901355.ogg,2
yecmac/XC901420.ogg,2
yecmac/XC901354.ogg,2
yecmac/XC387344.ogg,0
yecmac/XC728521.ogg,1
yecmac/XC808646.ogg,3
yecpar/iNat216600.ogg,3
yecpar/iNat469583.ogg,3
yecpar/iNat375596.ogg,2
yecpar/iNat766880.ogg,3
yecpar/iNat1356338.ogg,3
yecpar/iNat80542.ogg,3
yecpar/iNat824416.ogg,0
yecpar/iNat1710888.ogg,4
yecpar/iNat826056.ogg,0
yecpar/iNat588550.ogg,4
yecpar/iNat1125619.ogg,1
yecpar/iNat591250.ogg,3
yecpar/iNat325071.ogg,2
yecpar/iNat594430.ogg,4
yecpar/iNat1288156.ogg,2
yecpar/iNat865335.ogg,1
yecpar/iNat1197989.ogg,0
yecpar/iNat1652013.ogg,4
yecpar/iNat1725513.ogg,4
yecpar/iNat591230.ogg,4
yecpar/iNat1302846.ogg,2
yecpar/iNat824996.ogg,3
yecpar/iNat1315144.ogg,0
yecpar/iNat171786.ogg,2
yecpar/XC677033.ogg,2
yecpar/iNat1001383.ogg,2
yecpar/XC153762.ogg,1
yecpar/iNat768142.ogg,3
yecpar/iNat627748.ogg,1
yecpar/XC1019092.ogg,3
yecpar/XC1003149.ogg,4
yecpar/XC1025097.ogg,2
yecpar/XC813948.ogg,2
yecpar/iNat671041.ogg,2
yecpar/iNat989161.ogg,2
yecpar/iNat1238595.ogg,2
yecpar/iNat1412269.ogg,2
yecpar/iNat679889.ogg,4
yecpar/iNat666043.ogg,0
yecpar/iNat663590.ogg,0
yecpar/iNat679886.ogg,4
yecpar/XC142780.ogg,1
yecpar/XC113492.ogg,4
yecpar/iNat397938.ogg,0
yecpar/iNat1574596.ogg,4
yecpar/iNat1273615.ogg,0
yecpar/iNat1720255.ogg,0
yecpar/iNat216588.ogg,3
yecpar/XC661679.ogg,3
yecpar/XC548939.ogg,3
yecpar/XC419903.ogg,2
yecpar/iNat502045.ogg,2
yecpar/iNat1468204.ogg,3
yecpar/XC558704.ogg,3
yecpar/XC348878.ogg,3
yecpar/XC123189.ogg,3
yecpar/XC989873.ogg,3
yecpar/iNat631762.ogg,1
yecpar/XC455109.ogg,4
yecpar/XC185889.ogg,0
yecpar/XC185887.ogg,0
yecpar/iNat869754.ogg,0
yecpar/iNat1323942.ogg,1
yecpar/iNat1360878.ogg,3
yecpar/iNat1541529.ogg,0
yecpar/XC414509.ogg,1
yecpar/iNat1462317.ogg,4
yecpar/XC744337.ogg,4
yecpar/XC314314.ogg,4
yecpar/XC421669.ogg,0
yecpar/XC580175.ogg,3
yecpar/XC173358.ogg,2
yecpar/XC178107.ogg,1
yecpar/XC343266.ogg,1
yecpar/XC394270.ogg,1
yecpar/XC394264.ogg,1
yecpar/XC235474.ogg,1
yecpar/iNat1348305.ogg,1
yecpar/iNat1318118.ogg,1
yecpar/XC137971.ogg,1
yecpar/iNat1438385.ogg,1
yecpar/iNat524801.ogg,1
yecpar/iNat503454.ogg,1
yecpar/XC1044376.ogg,1
yecpar/XC658633.ogg,1
yecpar/XC863849.ogg,2
yecpar/XC863842.ogg,2
yecpar/XC863821.ogg,2
yecpar/XC863817.ogg,2
yecpar/XC738155.ogg,4
yecpar/XC707112.ogg,3
yecpar/XC707110.ogg,3
yecpar/XC707113.ogg,3
yecpar/XC289868.ogg,2
yecpar/XC735477.ogg,3
yecpar/XC735492.ogg,3
yecpar/iNat1437829.ogg,1
yecpar/iNat1439822.ogg,1
yecpar/iNat512727.ogg,1
yecpar/iNat77022.ogg,1
yecpar/iNat984141.ogg,1
yecpar/XC441536.ogg,1
yecpar/XC84935.ogg,1
yecpar/XC84934.ogg,1
yecpar/iNat1271774.ogg,4
yecpar/iNat1290704.ogg,4
yecpar/XC737435.ogg,2
yecpar/XC737375.ogg,2
yecpar/XC418512.ogg,2
yecpar/XC123669.ogg,3
yecpar/XC123668.ogg,3
yecpar/XC381953.ogg,1
yecpar/XC720687.ogg,3
yecpar/XC235475.ogg,1
yecpar/iNat1008571.ogg,0
yecpar/iNat1127875.ogg,1
yecpar/XC720263.ogg,1
yecpar/XC690716.ogg,2
yecpar/XC759651.ogg,2
yecpar/XC645999.ogg,2
yecpar/XC741867.ogg,2
yecpar/XC50361.ogg,3
yecpar/XC50097.ogg,3
yecpar/XC1023137.ogg,2
yecpar/XC800124.ogg,2
yecpar/XC504125.ogg,2
yecpar/XC757141.ogg,2
yecpar/XC965599.ogg,2
yecpar/XC903827.ogg,2
yecpar/XC928579.ogg,2
yecpar/XC115739.ogg,2
yecpar/XC171679.ogg,3
yecpar/iNat585076.ogg,3
yecpar/XC820908.ogg,2
yecpar/XC933909.ogg,2
yecpar/XC699646.ogg,2
yecpar/XC695890.ogg,2
yecpar/iNat1347445.ogg,4
yecpar/iNat1655368.ogg,4
yecpar/XC932727.ogg,2
yecpar/iNat144390.ogg,0
yecpar/XC154109.ogg,1
yecpar/XC235473.ogg,1
yecpar/XC154502.ogg,4
yecpar/XC1006640.ogg,2
yecpar/iNat161899.ogg,3
yecpar/iNat82606.ogg,1
yecpar/iNat204772.ogg,3
yecpar/XC198261.ogg,3
yecpar/iNat1646371.ogg,2
yecpar/iNat1498484.ogg,3
yecpar/iNat61991.ogg,2
yecpar/iNat845357.ogg,2
yecpar/XC862355.ogg,3
yecpar/XC387977.ogg,4
yecpar/XC393259.ogg,1
yecpar/XC393151.ogg,1
yecpar/XC494926.ogg,0
yecpar/XC369899.ogg,2
yecpar/XC369896.ogg,2
yecpar/XC754866.ogg,2
yecpar/XC112755.ogg,0
yecpar/XC707101.ogg,3
yecpar/XC1064067.ogg,3
yecpar/XC235477.ogg,1
yecpar/XC84936.ogg,1
yecpar/XC443458.ogg,2
yecpar/XC148969.ogg,0
yecpar/XC837893.ogg,2
yecpar/XC837883.ogg,2
yecpar/XC901430.ogg,2
yecpar/XC901173.ogg,2
yecpar/XC707098.ogg,3
yecpar/XC707095.ogg,3
yecpar/XC707097.ogg,3
yecpar/XC63191.ogg,1
yecpar/XC788953.ogg,2
yecpar/XC788952.ogg,2
yecpar/XC674323.ogg,4
yecpar/XC754397.ogg,2
yecpar/XC754394.ogg,2
yecpar/iNat1370480.ogg,4
yecpar/XC834191.ogg,3
yecpar/XC794824.ogg,3
yecpar/XC235472.ogg,1
yecpar/iNat52970.ogg,4
yecpar/XC235471.ogg,1
yecpar/XC84933.ogg,1
yecpar/XC84932.ogg,1
yecpar/iNat357759.ogg,0
yecpar/XC816874.ogg,2
yecpar/XC330360.ogg,2
yecpar/XC427128.ogg,2
yecpar/iNat1718367.ogg,2
yecpar/XC427129.ogg,2
yecpar/XC330361.ogg,2
yecpar/XC493206.ogg,2
yecpar/XC769462.ogg,2
yecpar/iNat1245643.ogg,3
yecpar/iNat1245656.ogg,3
yecpar/XC1034998.ogg,2
yecpar/iNat990263.ogg,0
yecpar/XC491659.ogg,4
yecpar/iNat774648.ogg,2
yecpar/iNat774661.ogg,2
yecpar/XC196350.ogg,2
yecpar/XC427127.ogg,2
yecpar/iNat1147053.ogg,0
yecpar/iNat1027554.ogg,0
yecpar/iNat1458584.ogg,2
yecpar/iNat1458585.ogg,2
yecpar/iNat1552311.ogg,0
yecpar/iNat1552310.ogg,0
yecpar/iNat976077.ogg,4
yecpar/iNat976079.ogg,4
yecpar/XC166117.ogg,1
yecpar/iNat261671.ogg,0
yecpar/iNat35048.ogg,0
yecpar/iNat686731.ogg,0
yecpar/iNat1477958.ogg,1
yecpar/iNat1447001.ogg,2
yecpar/iNat610044.ogg,3
yecpar/iNat594732.ogg,1
yecpar/iNat647335.ogg,0
yecpar/iNat1184402.ogg,4
yecpar/iNat184633.ogg,2
yecpar/iNat286295.ogg,4
yecpar/iNat1277750.ogg,0
yecpar/iNat1277751.ogg,0
yecpar/iNat1277752.ogg,0
yecpar/iNat1269985.ogg,4
yecpar/iNat1101312.ogg,4
yecpar/iNat1266833.ogg,3
yecpar/iNat1655060.ogg,1
yecpar/iNat1234095.ogg,4
yecpar/iNat211019.ogg,1
yecpar/iNat1623818.ogg,1
yecpar/iNat579319.ogg,4
yecpar/iNat1247833.ogg,3
yecpar/iNat925007.ogg,1
yecpar/iNat854835.ogg,0
yecpar/XC131453.ogg,3
yecpar/iNat572132.ogg,4
yehcar1/iNat54993.ogg,4
yehcar1/iNat331879.ogg,2
yehcar1/iNat1341244.ogg,3
yehcar1/iNat1353034.ogg,3
yehcar1/iNat1239481.ogg,2
yehcar1/iNat359877.ogg,1
yehcar1/iNat1206193.ogg,1
yehcar1/iNat852497.ogg,4
yehcar1/iNat191819.ogg,1
yehcar1/iNat1517953.ogg,2
yehcar1/iNat1628411.ogg,1
yehcar1/iNat1673987.ogg,1
yehcar1/iNat407189.ogg,4
yehcar1/iNat157740.ogg,4
yehcar1/iNat332607.ogg,4
yehcar1/iNat1710296.ogg,0
yehcar1/iNat1707489.ogg,2
yehcar1/iNat573714.ogg,1
yehcar1/iNat192576.ogg,1
yehcar1/iNat336497.ogg,4
yehcar1/iNat1721047.ogg,0
yehcar1/iNat1721084.ogg,0
yehcar1/iNat1721079.ogg,0
yehcar1/iNat1721081.ogg,0
yehcar1/iNat346411.ogg,4
yehcar1/iNat1713180.ogg,3
yehcar1/iNat933937.ogg,3
yehcar1/iNat933938.ogg,3
yehcar1/iNat1567809.ogg,0
yehcar1/iNat1723600.ogg,4
yehcar1/iNat1241074.ogg,2
yehcar1/iNat1605122.ogg,1
yehcar1/iNat1268927.ogg,4
yehcar1/iNat396774.ogg,0
yehcar1/iNat1473830.ogg,0
yehcar1/iNat776798.ogg,4
yehcar1/iNat30528.ogg,3
yehcar1/iNat1437761.ogg,1
yehcar1/iNat1290714.ogg,4
yehcar1/iNat193267.ogg,3
yehcar1/iNat918655.ogg,1
yehcar1/iNat971011.ogg,4
yehcar1/iNat1709555.ogg,2
yehcar1/iNat1734472.ogg,3
yehcar1/iNat1738604.ogg,0
yehcar1/iNat203678.ogg,0
yehcar1/iNat809526.ogg,4
yehcar1/iNat338487.ogg,2
yehcar1/iNat124770.ogg,1
yehcar1/iNat1336124.ogg,1
yehcar1/iNat565888.ogg,3
yehcar1/iNat565889.ogg,3
yehcar1/iNat585409.ogg,3
yehcar1/iNat1199580.ogg,2
yehcar1/iNat1199581.ogg,2
yehcar1/iNat1199582.ogg,2
yehcar1/iNat1199583.ogg,2
yehcar1/iNat1711362.ogg,2
yehcar1/iNat1575866.ogg,2
yehcar1/iNat612154.ogg,2
yehcar1/iNat51284.ogg,4
yehcar1/iNat1310754.ogg,0
yehcar1/iNat1701473.ogg,3
yehcar1/iNat1308079.ogg,0
yehcar1/iNat31893.ogg,2
yehcar1/iNat314482.ogg,2
yehcar1/iNat1550934.ogg,4
yehcar1/iNat497685.ogg,4
yehcar1/iNat1584055.ogg,4
yehcar1/iNat1592355.ogg,0
yehcar1/iNat818596.ogg,2
yehcar1/iNat818597.ogg,2
yehcar1/iNat1042340.ogg,3
yehcar1/iNat171095.ogg,0
yehcar1/iNat925726.ogg,1
yehcar1/iNat1563065.ogg,0
yehcar1/iNat1198781.ogg,3
yehcar1/iNat630962.ogg,2
yehcar1/iNat1271296.ogg,2
yehcar1/iNat497254.ogg,4
yehcar1/iNat483174.ogg,1
yehcar1/iNat1246426.ogg,1
yeofly1/XC796989.ogg,1
yeofly1/XC380994.ogg,2
yeofly1/XC581034.ogg,4
yeofly1/XC486467.ogg,4
yeofly1/XC433522.ogg,3
yeofly1/XC698578.ogg,0
yeofly1/XC920619.ogg,2
yeofly1/XC66045.ogg,1
yeofly1/XC250305.ogg,3
yeofly1/XC470920.ogg,3
yeofly1/iNat1036870.ogg,1
yeofly1/XC207266.ogg,3
yeofly1/XC741858.ogg,2
yeofly1/XC268594.ogg,1
yeofly1/XC206414.ogg,1
yeofly1/XC165279.ogg,1
yeofly1/XC428099.ogg,2
yeofly1/XC533970.ogg,4
yeofly1/XC126529.ogg,4
yeofly1/XC568517.ogg,0
yeofly1/XC6546.ogg,3
yeofly1/XC115302.ogg,4
yeofly1/XC1044403.ogg,1
yeofly1/XC552803.ogg,2
yeofly1/XC763066.ogg,2
yeofly1/iNat355116.ogg,0
yeofly1/XC186291.ogg,1
yeofly1/XC70859.ogg,1
yeofly1/XC81740.ogg,1
yeofly1/XC536803.ogg,2
yeofly1/XC115483.ogg,4
yeofly1/iNat1639023.ogg,2
yeofly1/XC332738.ogg,1
yeofly1/iNat888323.ogg,1
yeofly1/XC332583.ogg,4
yeofly1/iNat730250.ogg,2
yeofly1/iNat1677664.ogg,3
yeofly1/iNat1110537.ogg,3
yeofly1/XC81741.ogg,1
yeofly1/XC713697.ogg,2
yeofly1/XC283321.ogg,1
yeofly1/XC764126.ogg,1
yeofly1/XC1058358.ogg,0
yeofly1/XC180582.ogg,4
yeofly1/XC927096.ogg,2
yeofly1/XC469256.ogg,2
yeofly1/XC521274.ogg,2
yeofly1/XC433876.ogg,0
yeofly1/XC504624.ogg,0
yeofly1/iNat1701880.ogg,0
yeofly1/XC166050.ogg,0
yeofly1/XC492896.ogg,2
yeofly1/XC378069.ogg,3
yeofly1/XC803039.ogg,0
yeofly1/XC503431.ogg,1
yeofly1/XC170038.ogg,4
yeofly1/XC258820.ogg,4
yeofly1/XC408478.ogg,2
yeofly1/XC826348.ogg,1
yeofly1/XC32356.ogg,3
yeofly1/XC898297.ogg,2
yeofly1/XC254002.ogg,1
yeofly1/XC345009.ogg,0
yeofly1/XC611394.ogg,3
yeofly1/XC8866.ogg,3
yeofly1/XC672648.ogg,3
yeofly1/XC703845.ogg,3
yeofly1/XC1017635.ogg,3
yeofly1/iNat954623.ogg,0
yeofly1/XC898429.ogg,2
yeofly1/iNat549789.ogg,4
yeofly1/XC174355.ogg,0
yeofly1/XC705305.ogg,0
yeofly1/XC567709.ogg,2
yeofly1/XC361117.ogg,3
yeofly1/XC480356.ogg,4
yeofly1/XC429289.ogg,3
yeofly1/XC431036.ogg,1
yeofly1/XC428310.ogg,4
yeofly1/XC758793.ogg,4
yeofly1/XC627074.ogg,3
yeofly1/XC378085.ogg,3
yeofly1/XC305052.ogg,1
yeofly1/XC334163.ogg,3
yeofly1/XC664439.ogg,2
yeofly1/XC444717.ogg,3
yeofly1/XC283250.ogg,1
yeofly1/XC512409.ogg,4
yeofly1/XC510978.ogg,3
yeofly1/XC844036.ogg,3
yeofly1/XC247445.ogg,3
yeofly1/XC706946.ogg,2
yeofly1/iNat1568397.ogg,4
yeofly1/XC295536.ogg,0
yeofly1/iNat1564725.ogg,0
yeofly1/XC260910.ogg,0
yeofly1/XC537902.ogg,0
yeofly1/XC803705.ogg,2
yeofly1/iNat1628900.ogg,2
yeofly1/XC385757.ogg,0
yeofly1/XC4903.ogg,1
yeofly1/XC598740.ogg,1
yeofly1/iNat1627276.ogg,4
yeofly1/XC677102.ogg,2
yeofly1/XC122415.ogg,4
yeofly1/XC621928.ogg,1
yeofly1/XC198406.ogg,2
yeofly1/XC841382.ogg,4
yeofly1/XC725146.ogg,2
yeofly1/XC522701.ogg,3
yeofly1/XC145572.ogg,1
yeofly1/XC658443.ogg,1
yeofly1/XC643129.ogg,3
yeofly1/XC187210.ogg,0
yeofly1/XC252259.ogg,3
yeofly1/XC150503.ogg,0
yeofly1/XC204203.ogg,4
yeofly1/XC249394.ogg,3
yeofly1/XC963315.ogg,2
yeofly1/XC436970.ogg,4
yeofly1/XC901362.ogg,2
yeofly1/iNat804472.ogg,1
yeofly1/XC855141.ogg,0
yeofly1/XC434190.ogg,3
yeofly1/iNat1647760.ogg,4
yeofly1/XC897985.ogg,1
yeofly1/XC433526.ogg,3
yeofly1/XC258817.ogg,4
yeofly1/XC375962.ogg,1
yeofly1/XC146300.ogg,3
yeofly1/XC607029.ogg,4
yeofly1/iNat565234.ogg,0
yeofly1/XC180580.ogg,4
yeofly1/iNat729639.ogg,4
yeofly1/XC707638.ogg,0
yeofly1/XC46766.ogg,3
yeofly1/iNat407187.ogg,4
yeofly1/XC616615.ogg,3
yeofly1/XC212434.ogg,0
yeofly1/XC328921.ogg,0
yeofly1/iNat1236507.ogg,2
yeofly1/XC214582.ogg,0
yeofly1/XC436983.ogg,4
yeofly1/XC378070.ogg,3
yeofly1/iNat200505.ogg,0
yeofly1/XC428101.ogg,2
yeofly1/XC985269.ogg,1
yeofly1/XC1031972.ogg,4
yeofly1/iNat1132425.ogg,3
yeofly1/iNat1628903.ogg,2
yeofly1/XC250157.ogg,3
yeofly1/XC677766.ogg,2
yeofly1/XC283316.ogg,1
yeofly1/XC433524.ogg,3
yeofly1/XC299466.ogg,4
yeofly1/XC172578.ogg,1
yeofly1/XC148259.ogg,3
yeofly1/XC854882.ogg,2
yeofly1/XC214586.ogg,0
yeofly1/XC330555.ogg,4
yeofly1/XC389350.ogg,2
yeofly1/XC209305.ogg,4
yeofly1/XC648679.ogg,3
yeofly1/iNat297818.ogg,1
yeofly1/XC245255.ogg,3
yeofly1/XC812899.ogg,3
yeofly1/XC668733.ogg,1
yeofly1/XC1930.ogg,0
yeofly1/XC557252.ogg,4
yeofly1/iNat1005752.ogg,2
yeofly1/XC640995.ogg,1
yeofly1/XC51044.ogg,3
yeofly1/XC395761.ogg,3
yeofly1/XC592835.ogg,2
yeofly1/XC283320.ogg,1
yeofly1/XC433521.ogg,3
yeofly1/XC155518.ogg,1
yeofly1/iNat1221978.ogg,2
yeofly1/iNat69752.ogg,1
yeofly1/XC843446.ogg,2
yeofly1/iNat53289.ogg,4
yeofly1/iNat999817.ogg,2
yeofly1/XC1064612.ogg,4
yeofly1/XC635420.ogg,3
yeofly1/XC828866.ogg,0
yeofly1/iNat1635049.ogg,1
yeofly1/XC1035113.ogg,2
yeofly1/XC591186.ogg,1
yeofly1/XC233490.ogg,3
yeofly1/XC550397.ogg,3
yeofly1/XC583769.ogg,3
yeofly1/iNat260429.ogg,0
yeofly1/iNat1717062.ogg,0
yeofly1/XC932693.ogg,2
yeofly1/XC122964.ogg,0
yeofly1/XC420196.ogg,1
yeofly1/iNat1463893.ogg,4
yeofly1/XC927002.ogg,2
yeofly1/XC589209.ogg,4
yeofly1/XC479384.ogg,2
yeofly1/XC175762.ogg,2
yeofly1/XC338551.ogg,4
yeofly1/XC463586.ogg,3
yeofly1/iNat1624623.ogg,0
yeofly1/XC602844.ogg,3
yeofly1/XC313637.ogg,0
yeofly1/iNat421422.ogg,4
yeofly1/XC960451.ogg,2
yeofly1/XC384756.ogg,1
yeofly1/XC832904.ogg,2
yeofly1/XC1035924.ogg,4
yeofly1/XC433572.ogg,3
yeofly1/XC340520.ogg,3
yeofly1/XC546027.ogg,3
yeofly1/XC989463.ogg,4
yeofly1/iNat1290715.ogg,4
yeofly1/XC285540.ogg,3
yeofly1/XC325964.ogg,0
yeofly1/XC705304.ogg,0
yeofly1/XC950857.ogg,3
yeofly1/XC176891.ogg,1
yeofly1/XC212999.ogg,3
yeofly1/XC180624.ogg,4
yeofly1/XC1006639.ogg,2
yeofly1/XC81742.ogg,1
yeofly1/XC589727.ogg,4
yeofly1/iNat1547474.ogg,2
yeofly1/XC255982.ogg,2
yeofly1/iNat171408.ogg,0
yeofly1/iNat1421623.ogg,0
yeofly1/XC616609.ogg,3
yeofly1/XC339728.ogg,4
yeofly1/XC1063632.ogg,3
yeofly1/XC476479.ogg,2
yeofly1/XC304856.ogg,0
yeofly1/XC187468.ogg,4
yeofly1/XC386429.ogg,2
yeofly1/XC298029.ogg,1
yeofly1/iNat372042.ogg,1
yeofly1/XC268593.ogg,1
yeofly1/XC974198.ogg,2
yeofly1/iNat1184794.ogg,1
yeofly1/iNat396701.ogg,0
yeofly1/iNat725774.ogg,2
yeofly1/XC898452.ogg,2
yeofly1/XC946867.ogg,1
yeofly1/XC334162.ogg,3
yeofly1/iNat991639.ogg,1
yeofly1/XC393155.ogg,1
yeofly1/iNat354335.ogg,2
yeofly1/XC825938.ogg,4
yeofly1/XC573743.ogg,3
yeofly1/XC358678.ogg,4
yeofly1/XC268869.ogg,4
yeofly1/XC548396.ogg,2
yeofly1/XC316093.ogg,1
yeofly1/XC483489.ogg,2
yeofly1/XC796988.ogg,1
yeofly1/XC389144.ogg,4
yeofly1/iNat760891.ogg,2
yeofly1/XC28346.ogg,1
yeofly1/XC268595.ogg,1
yeofly1/XC533976.ogg,4
yeofly1/XC187920.ogg,4
yeofly1/XC258818.ogg,4
yeofly1/XC51048.ogg,3
yeofly1/iNat1290101.ogg,4
yeofly1/XC934356.ogg,1
yeofly1/iNat1216853.ogg,1
yeofly1/iNat1642380.ogg,4
yeofly1/XC283327.ogg,1
yeofly1/XC1946.ogg,0
yeofly1/iNat1236506.ogg,2
yeofly1/XC433571.ogg,3
yeofly1/XC177603.ogg,1
yeofly1/XC705303.ogg,0
yeofly1/XC466210.ogg,1
yeofly1/XC250350.ogg,3
yeofly1/XC934355.ogg,1
yeofly1/XC544453.ogg,3
yeofly1/XC444833.ogg,3
yeofly1/XC323866.ogg,1
yeofly1/XC214583.ogg,0
yeofly1/XC433573.ogg,3
yeofly1/XC64289.ogg,1
yeofly1/XC859242.ogg,3
yeofly1/XC591185.ogg,1
yeofly1/XC480011.ogg,4
yeofly1/XC697433.ogg,2
yeofly1/XC114463.ogg,2
yeofly1/XC133617.ogg,1
yeofly1/XC743244.ogg,2
yeofly1/XC1035541.ogg,2
yeofly1/XC504468.ogg,0
yeofly1/XC1049896.ogg,4
yeofly1/XC898433.ogg,2
yeofly1/XC125754.ogg,4
yeofly1/XC800210.ogg,2
yeofly1/XC1035925.ogg,4
yeofly1/XC813882.ogg,2
yeofly1/XC556648.ogg,2
yeofly1/XC1008497.ogg,2
yeofly1/XC520562.ogg,2
yeofly1/XC473675.ogg,2
yeofly1/XC592254.ogg,3
yeofly1/XC556649.ogg,2
yeofly1/XC330634.ogg,4
yeofly1/XC830185.ogg,2
yeofly1/XC388953.ogg,3
yeofly1/XC799792.ogg,3
yeofly1/XC388077.ogg,3
yeofly1/XC250352.ogg,3
yeofly1/XC428102.ogg,2
yeofly1/iNat229814.ogg,1
yeofly1/XC537090.ogg,4
yeofly1/XC1006082.ogg,3
yeofly1/XC599728.ogg,3
yeofly1/XC253997.ogg,1
yeofly1/XC1017674.ogg,3
yeofly1/XC32357.ogg,3
yeofly1/XC859239.ogg,3
yeofly1/XC127030.ogg,2
yeofly1/XC174031.ogg,2
yeofly1/XC893931.ogg,1
yeofly1/iNat229807.ogg,1
yeofly1/XC470185.ogg,1
yeofly1/XC263206.ogg,4
yeofly1/XC859238.ogg,3
yeofly1/XC656086.ogg,2
yeofly1/XC180248.ogg,4
yeofly1/iNat1228980.ogg,3
yeofly1/XC214587.ogg,0
yeofly1/XC204193.ogg,1
yeofly1/XC824301.ogg,3
yeofly1/iNat222939.ogg,0
yeofly1/iNat1717061.ogg,0
yeofly1/XC830876.ogg,2
yeofly1/XC745527.ogg,2
yeofly1/XC663853.ogg,3
yeofly1/XC166320.ogg,4
yeofly1/XC289856.ogg,2
yeofly1/XC555863.ogg,3
yeofly1/XC166319.ogg,4
yeofly1/XC31697.ogg,2
yeofly1/iNat1099369.ogg,2
yeofly1/XC817183.ogg,2
yeofly1/XC214581.ogg,0
yeofly1/XC769405.ogg,2
yeofly1/XC368275.ogg,1
yeofly1/XC148256.ogg,3
yeofly1/iNat1221980.ogg,2
yeofly1/XC1035058.ogg,2
yeofly1/XC556642.ogg,2
yeofly1/XC461346.ogg,2
yeofly1/XC250351.ogg,3
yeofly1/XC466542.ogg,0
yeofly1/XC123601.ogg,1
yeofly1/XC643164.ogg,3
yeofly1/iNat1657044.ogg,4
yeofly1/XC303668.ogg,3
yeofly1/XC607971.ogg,2
yeofly1/XC283318.ogg,1
yeofly1/XC871283.ogg,1
yeofly1/XC460059.ogg,3
yeofly1/XC583955.ogg,3
yeofly1/XC611913.ogg,1
yeofly1/XC268592.ogg,1
yeofly1/XC249339.ogg,3
yeofly1/XC1019629.ogg,2
yeofly1/XC811930.ogg,2
yeofly1/iNat161807.ogg,0
yeofly1/XC119884.ogg,3
yeofly1/XC276588.ogg,1
yeofly1/XC279631.ogg,4
yeofly1/XC745519.ogg,2
yeofly1/XC433530.ogg,3
yeofly1/XC120031.ogg,3
yeofly1/XC609689.ogg,1
yeofly1/XC318041.ogg,1
yeofly1/XC964442.ogg,4
yeofly1/XC385773.ogg,0
yeofly1/iNat134638.ogg,1
yeofly1/XC456885.ogg,4
yeofly1/iNat531323.ogg,0
yeofly1/XC533975.ogg,4
yeofly1/XC235494.ogg,4
yeofly1/XC402633.ogg,4
yeofly1/XC245096.ogg,3
yeofly1/iNat1547472.ogg,2
yeofly1/XC51047.ogg,3
yeofly1/iNat1268948.ogg,3
yeofly1/XC495081.ogg,0
yeofly1/XC48787.ogg,4
yeofly1/XC626232.ogg,2
yeofly1/XC283328.ogg,1
yeofly1/XC480012.ogg,4
yeofly1/iNat1499767.ogg,0
yeofly1/iNat247613.ogg,4
yeofly1/iNat1584258.ogg,2
yeofly1/iNat512279.ogg,2
yeofly1/XC51046.ogg,3
yeofly1/XC319609.ogg,1
yeofly1/XC391756.ogg,1
yeofly1/XC409594.ogg,3
yeofly1/XC549447.ogg,3
yeofly1/XC207153.ogg,3
yeofly1/XC375735.ogg,1
yeofly1/XC283249.ogg,1
yeofly1/iNat728227.ogg,4
yeofly1/XC670416.ogg,2
yeofly1/iNat297828.ogg,1
yeofly1/XC343979.ogg,2
yeofly1/XC763065.ogg,2
yeofly1/XC844035.ogg,3
yeofly1/iNat379829.ogg,4
yeofly1/XC556647.ogg,2
yeofly1/XC198395.ogg,2
yeofly1/XC434188.ogg,3
yeofly1/XC170348.ogg,4
yeofly1/XC260911.ogg,0
yeofly1/XC1037401.ogg,3
yeofly1/XC493419.ogg,2
yeofly1/XC741079.ogg,2
yeofly1/XC454104.ogg,4
yeofly1/XC186851.ogg,1
yeofly1/XC917553.ogg,2
yeofly1/XC147115.ogg,2
yeofly1/XC214585.ogg,0
yeofly1/XC283251.ogg,1
yeofly1/XC338553.ogg,1
yeofly1/XC375809.ogg,1
yeofly1/XC863912.ogg,2
yeofly1/XC121248.ogg,3
yeofly1/XC51045.ogg,3
yeofly1/XC212433.ogg,0
yeofly1/XC602756.ogg,3
yeofly1/XC507872.ogg,2
yeofly1/XC421886.ogg,0
yeofly1/XC182127.ogg,4
yeofly1/iNat1485368.ogg,3
yeofly1/iNat79022.ogg,4
yeofly1/XC8060.ogg,3
yeofly1/XC1008495.ogg,2
yeofly1/XC859241.ogg,3
yeofly1/XC205129.ogg,4
yeofly1/iNat351234.ogg,3
yeofly1/iNat786831.ogg,2
yeofly1/XC796990.ogg,1
yeofly1/XC2215.ogg,0
yeofly1/XC803719.ogg,2
yeofly1/XC240485.ogg,4
yeofly1/XC81743.ogg,1
yeofly1/XC258819.ogg,4
yeofly1/XC268842.ogg,1
yeofly1/XC258816.ogg,4
yeofly1/XC189093.ogg,0
yeofly1/XC123933.ogg,3
yeofly1/XC912175.ogg,1
yeofly1/XC558695.ogg,3
yeofly1/XC586970.ogg,4
yeofly1/XC843599.ogg,3
yeofly1/iNat902149.ogg,2
yeofly1/XC859240.ogg,3
yeofly1/XC131713.ogg,4
yeofly1/XC435455.ogg,2
yeofly1/XC356161.ogg,1
yeofly1/XC269482.ogg,4
yeofly1/XC166972.ogg,0
yeofly1/XC258821.ogg,4
yeofly1/XC428100.ogg,2
yeofly1/XC433527.ogg,3
yeofly1/XC147222.ogg,2
yeofly1/XC320037.ogg,0
yeofly1/XC714624.ogg,2
yeofly1/iNat729628.ogg,4
yeofly1/iNat270643.ogg,1
yeofly1/XC512927.ogg,3
yeofly1/XC479866.ogg,2
yeofly1/XC1031974.ogg,4
yeofly1/XC1957.ogg,0
yeofly1/XC703847.ogg,3
yeofly1/XC126527.ogg,4
yeofly1/XC437658.ogg,2
yeofly1/XC444718.ogg,3
yeofly1/XC664438.ogg,2
yeofly1/XC532165.ogg,4
yeofly1/iNat227756.ogg,4
yeofly1/XC576570.ogg,3
yeofly1/XC762473.ogg,3
yeofly1/XC818328.ogg,2
yeofly1/XC425545.ogg,4
yeofly1/XC456230.ogg,3
yeofly1/XC298884.ogg,4
